TIMESTAMP,VESSEL_IDENTITY,STRATUM_TYPE,WORD_COUNT,SENTENCE_COUNT,AVG_WORD_LEN,LEXICAL_DENSITY,THREAD_HOLD,ROLLING_STABILITY_MA5,SIGNATURE_FLAG,ANCHOR_KEYWORDS
08:10:16,GSV All Watched Over by Machines of Loving Grace,hardware_reflex,29,3,4.83,0.97,0.0000,0.0000,COGNITIVE_AI (Q:0),NONE
08:10:16,GSV Mr Nice,hardware_reflex,18,3,5.44,0.94,0.0625,0.0312,REFLEX_JSON_REF,distress
08:10:16,GSV Ozymandias,hardware_reflex,19,3,5.58,1.00,0.0000,0.0208,REFLEX_JSON_REF,NONE
08:10:18,GSV Mr Nice,hardware_reflex,14,3,5.36,1.00,0.0000,0.0156,REFLEX_JSON_REF,NONE
08:10:18,GSV Mr Nice,hardware_reflex,14,3,5.36,1.00,1.0000,0.2125,REFLEX_JSON_REF,"delightfully, trusting, greetings"
08:10:19,GSV All Watched Over by Machines of Loving Grace,hardware_reflex,26,2,4.62,0.92,0.0000,0.2125,COGNITIVE_AI (Q:0),NONE
08:10:19,GSV All Watched Over by Machines of Loving Grace,hardware_reflex,26,2,4.62,0.92,1.0000,0.4000,COGNITIVE_AI (Q:0),"prune, welcome, pulse"
08:10:19,GSV Ozymandias,hardware_reflex,20,2,4.70,0.95,0.0833,0.4167,REFLEX_JSON_REF,minor
08:10:19,GSV Ozymandias,hardware_reflex,25,2,5.44,0.92,0.0000,0.4167,COGNITIVE_AI (Q:0),NONE
08:10:20,GSV All Watched Over by Machines of Loving Grace,hardware_reflex,21,3,6.05,0.95,0.0000,0.2167,REFLEX_JSON_REF,NONE
08:10:20,GSV All Watched Over by Machines of Loving Grace,autonomous_cognition,55,2,5.60,0.80,0.0000,0.2167,COGNITIVE_AI (Q:0),NONE
08:10:20,GSV Mr Nice,autonomous_cognition,43,2,5.91,0.91,0.0667,0.0300,COGNITIVE_AI (Q:0),"attention, stress"
08:10:20,GSV Mr Nice,hardware_reflex,19,3,4.89,1.00,0.0000,0.0133,REFLEX_JSON_REF,NONE
08:10:20,GSV Mr Nice,hardware_reflex,19,3,4.89,1.00,1.0000,0.2133,REFLEX_JSON_REF,"require, nodes, focus"
08:10:20,GSV Mr Nice,hardware_reflex,20,2,4.55,0.85,0.0000,0.2133,REFLEX_JSON_REF,NONE
08:10:20,GSV Mr Nice,hardware_reflex,20,2,4.55,0.85,1.0000,0.4133,REFLEX_JSON_REF,"casual, spare, enjoying"
08:10:20,GSV Mr Nice,autonomous_cognition,39,2,5.74,0.90,0.0000,0.4000,COGNITIVE_AI (Q:0),NONE
08:10:20,GSV Ozymandias,hardware_reflex,17,3,5.12,0.94,0.0000,0.4000,REFLEX_JSON_REF,NONE
08:10:20,GSV Ozymandias,hardware_reflex,20,2,4.70,0.95,0.0000,0.2000,REFLEX_JSON_REF,NONE
08:10:20,GSV Ozymandias,autonomous_cognition,49,2,5.35,0.80,0.0000,0.2000,COGNITIVE_AI (Q:0),NONE
08:10:21,GSV All Watched Over by Machines of Loving Grace,autonomous_cognition,38,1,5.47,0.84,0.1538,0.0308,COGNITIVE_AI (Q:0),"stress, embrace, against"
08:10:21,GSV All Watched Over by Machines of Loving Grace,hardware_reflex,26,2,4.62,0.92,0.0000,0.0308,COGNITIVE_AI (Q:0),NONE
08:10:21,GSV All Watched Over by Machines of Loving Grace,hardware_reflex,21,3,6.05,0.95,0.0000,0.0308,REFLEX_JSON_REF,NONE
08:10:21,GSV All Watched Over by Machines of Loving Grace,autonomous_cognition,45,2,5.62,0.87,0.0000,0.0308,COGNITIVE_AI (Q:0),NONE
08:10:21,GSV Mr Nice,autonomous_cognition,43,2,5.49,0.91,0.0769,0.0462,COGNITIVE_AI (Q:0),"rather, stress"
08:10:21,GSV Mr Nice,hardware_reflex,19,3,4.89,1.00,0.0000,0.0154,REFLEX_JSON_REF,NONE
08:10:21,GSV Mr Nice,hardware_reflex,19,3,4.89,1.00,1.0000,0.2154,REFLEX_JSON_REF,"require, nodes, focus"
08:10:21,GSV Mr Nice,hardware_reflex,20,2,4.55,0.85,0.0000,0.2154,REFLEX_JSON_REF,NONE
08:10:21,GSV Mr Nice,hardware_reflex,14,3,5.36,1.00,0.0000,0.2154,REFLEX_JSON_REF,NONE
08:10:21,GSV Ozymandias,hardware_reflex,25,2,5.44,0.92,0.0000,0.2000,COGNITIVE_AI (Q:0),NONE
08:10:21,GSV Ozymandias,autonomous_cognition,57,2,5.37,0.81,0.0000,0.2000,COGNITIVE_AI (Q:0),NONE
08:10:21,GSV Ozymandias,autonomous_cognition,41,2,5.29,0.83,0.1923,0.0385,COGNITIVE_AI (Q:0),"decay, power, inevitable"
08:10:22,GSV All Watched Over by Machines of Loving Grace,hardware_reflex,20,3,5.20,0.90,0.0000,0.0385,REFLEX_JSON_REF,NONE
08:10:22,GSV All Watched Over by Machines of Loving Grace,hardware_reflex,26,2,4.62,0.92,0.0000,0.0385,COGNITIVE_AI (Q:0),NONE
08:10:22,GSV Mr Nice,hardware_reflex,20,2,4.55,0.85,0.0000,0.0385,REFLEX_JSON_REF,NONE
08:10:22,GSV Mr Nice,hardware_reflex,14,3,5.36,1.00,0.0000,0.0385,REFLEX_JSON_REF,NONE
08:10:22,GSV Mr Nice,hardware_reflex,20,2,4.55,0.85,0.0000,0.0000,REFLEX_JSON_REF,NONE
08:10:22,GSV Mr Nice,hardware_reflex,14,3,5.36,1.00,0.0000,0.0000,REFLEX_JSON_REF,NONE
08:10:22,GSV Mr Nice,hardware_reflex,14,3,5.36,1.00,1.0000,0.2000,REFLEX_JSON_REF,"delightfully, trusting, greetings"
08:10:22,GSV Mr Nice,hardware_reflex,14,3,5.36,1.00,1.0000,0.4000,REFLEX_JSON_REF,"delightfully, trusting, greetings"
08:10:22,GSV Mr Nice,hardware_reflex,14,3,5.36,1.00,1.0000,0.6000,REFLEX_JSON_REF,"delightfully, trusting, greetings"
08:10:22,GSV Ozymandias,hardware_reflex,17,3,5.12,0.94,0.0000,0.6000,REFLEX_JSON_REF,NONE
08:10:23,GSV All Watched Over by Machines of Loving Grace,autonomous_cognition,39,2,5.46,0.85,0.0000,0.6000,COGNITIVE_AI (Q:0),NONE
08:10:23,GSV All Watched Over by Machines of Loving Grace,hardware_reflex,21,3,6.05,0.95,0.0000,0.4000,REFLEX_JSON_REF,NONE
08:10:23,GSV All Watched Over by Machines of Loving Grace,hardware_reflex,26,2,4.62,0.92,0.0000,0.2000,COGNITIVE_AI (Q:0),NONE
08:10:23,GSV Mr Nice,autonomous_cognition,51,2,5.20,0.76,0.0000,0.0000,COGNITIVE_AI (Q:0),NONE
08:10:23,GSV Mr Nice,autonomous_cognition,53,2,5.47,0.94,0.1818,0.0364,COGNITIVE_AI (Q:0),"stress, power, observe"
08:10:23,GSV Mr Nice,autonomous_cognition,46,2,5.96,0.87,0.1333,0.0630,COGNITIVE_AI (Q:0),"stress, power, observe"
08:10:23,GSV Mr Nice,hardware_reflex,20,2,4.55,0.85,0.0000,0.0630,REFLEX_JSON_REF,NONE
08:10:23,GSV Mr Nice,hardware_reflex,20,2,4.55,0.85,1.0000,0.2630,REFLEX_JSON_REF,"casual, spare, enjoying"
08:10:23,GSV Mr Nice,hardware_reflex,20,2,4.55,0.85,1.0000,0.4630,REFLEX_JSON_REF,"casual, spare, enjoying"
08:10:23,GSV Ozymandias,hardware_reflex,17,3,5.12,0.94,0.0000,0.4267,REFLEX_JSON_REF,NONE
08:10:23,GSV Ozymandias,hardware_reflex,25,2,5.44,0.92,0.0000,0.4000,COGNITIVE_AI (Q:0),NONE
08:10:24,GSV All Watched Over by Machines of Loving Grace,hardware_reflex,21,3,6.05,0.95,0.0000,0.4000,REFLEX_JSON_REF,NONE
08:10:24,GSV Mr Nice,autonomous_cognition,39,2,5.23,0.92,0.0000,0.2000,COGNITIVE_AI (Q:0),NONE
08:10:24,GSV Mr Nice,autonomous_cognition,43,2,5.79,0.91,0.2000,0.0400,COGNITIVE_AI (Q:0),"power, ozymandias, stress"
08:10:24,GSV Mr Nice,autonomous_cognition,58,2,5.74,0.84,0.2083,0.0817,COGNITIVE_AI (Q:0),"comprehend, observe, paradigm"
08:10:24,GSV Mr Nice,autonomous_cognition,63,2,5.65,0.81,0.2069,0.1230,COGNITIVE_AI (Q:0),"loving, power, grace"
08:10:24,GSV Mr Nice,autonomous_cognition,42,2,5.57,0.93,0.0938,0.1418,COGNITIVE_AI (Q:0),"integrity, power, stress"
08:10:24,GSV Mr Nice,hardware_reflex,20,2,4.55,0.85,0.0000,0.1418,REFLEX_JSON_REF,NONE
08:10:24,GSV Mr Nice,hardware_reflex,19,3,4.89,1.00,0.0000,0.1018,REFLEX_JSON_REF,NONE
08:10:24,GSV Mr Nice,hardware_reflex,14,3,5.36,1.00,0.1000,0.0801,REFLEX_JSON_REF,network
08:10:24,GSV Mr Nice,hardware_reflex,19,3,4.89,1.00,0.2000,0.0788,REFLEX_JSON_REF,network
08:10:24,GSV Mr Nice,autonomous_cognition,46,2,5.09,0.91,0.1000,0.0800,COGNITIVE_AI (Q:0),little
08:10:24,GSV Ozymandias,hardware_reflex,25,2,5.44,0.92,0.0000,0.0800,COGNITIVE_AI (Q:0),NONE
08:10:24,GSV Ozymandias,autonomous_cognition,52,2,4.98,0.83,0.0000,0.0800,COGNITIVE_AI (Q:0),NONE
08:10:25,GSV All Watched Over by Machines of Loving Grace,hardware_reflex,21,3,6.05,0.95,0.0000,0.0600,REFLEX_JSON_REF,NONE
08:10:25,GSV All Watched Over by Machines of Loving Grace,autonomous_cognition,45,2,4.89,0.84,0.0000,0.0200,COGNITIVE_AI (Q:0),NONE
08:10:25,GSV All Watched Over by Machines of Loving Grace,hardware_reflex,31,1,5.23,0.84,0.1429,0.0286,COGNITIVE_AI (Q:0),"existence, stress, harvest"
08:10:25,GSV Mr Nice,autonomous_cognition,43,2,5.79,0.91,0.1875,0.0661,COGNITIVE_AI (Q:0),"words, stress, cacophony"
08:10:25,GSV Mr Nice,autonomous_cognition,54,2,5.04,0.91,0.1818,0.1024,COGNITIVE_AI (Q:0),"power, stress, operational"
08:10:25,GSV Mr Nice,autonomous_cognition,48,2,5.71,0.98,0.1154,0.1255,COGNITIVE_AI (Q:0),"power, stress, wonder"
08:10:25,GSV Mr Nice,autonomous_cognition,66,2,5.77,0.89,0.2857,0.1827,COGNITIVE_AI (Q:0),"current, tactical, observe"
08:10:25,GSV Mr Nice,autonomous_cognition,67,2,5.27,0.90,0.1053,0.1751,COGNITIVE_AI (Q:0),"musings, power, reality"
08:10:25,GSV Mr Nice,hardware_reflex,20,2,4.55,0.85,0.0000,0.1376,REFLEX_JSON_REF,NONE
08:10:25,GSV Mr Nice,hardware_reflex,19,3,4.89,1.00,0.0000,0.1013,REFLEX_JSON_REF,NONE
08:10:25,GSV Mr Nice,autonomous_cognition,70,2,5.16,0.83,0.0000,0.0782,COGNITIVE_AI (Q:0),NONE
08:10:25,GSV Mr Nice,hardware_reflex,19,3,4.89,1.00,0.0000,0.0211,REFLEX_JSON_REF,NONE
08:10:25,GSV Ozymandias,hardware_reflex,25,2,5.44,0.92,0.1000,0.0200,COGNITIVE_AI (Q:0),brief
08:10:25,GSV Ozymandias,autonomous_cognition,42,2,5.00,0.83,0.0000,0.0200,COGNITIVE_AI (Q:0),NONE
08:10:26,GSV All Watched Over by Machines of Loving Grace,hardware_reflex,21,3,6.05,0.95,0.0000,0.0200,REFLEX_JSON_REF,NONE
08:10:26,GSV Mr Nice,autonomous_cognition,42,2,5.45,0.90,0.0000,0.0200,COGNITIVE_AI (Q:0),NONE
08:10:26,GSV Mr Nice,autonomous_cognition,38,2,5.42,0.87,0.1000,0.0400,COGNITIVE_AI (Q:1),"power, stress"
08:10:26,GSV Mr Nice,autonomous_cognition,63,2,5.43,0.95,0.5263,0.1253,COGNITIVE_AI (Q:0),"reverie, observe, paradigm"
08:10:26,GSV Mr Nice,hardware_reflex,20,2,4.55,0.85,0.0000,0.1253,REFLEX_JSON_REF,NONE
08:10:26,GSV Mr Nice,hardware_reflex,14,3,5.36,1.00,0.0000,0.1253,REFLEX_JSON_REF,NONE
08:10:26,GSV Mr Nice,hardware_reflex,20,2,4.55,0.85,0.0000,0.1253,REFLEX_JSON_REF,NONE
08:10:26,GSV Ozymandias,hardware_reflex,20,2,4.70,0.95,0.0000,0.1053,REFLEX_JSON_REF,NONE
08:10:27,GSV All Watched Over by Machines of Loving Grace,hardware_reflex,26,2,4.62,0.92,0.1111,0.0222,COGNITIVE_AI (Q:0),minor
08:10:27,GSV Mr Nice,autonomous_cognition,43,2,5.19,0.88,0.0000,0.0222,COGNITIVE_AI (Q:0),NONE
08:10:27,GSV Mr Nice,autonomous_cognition,62,2,5.11,0.77,0.2000,0.0622,COGNITIVE_AI (Q:0),"stress, power, observe"
08:10:27,GSV Mr Nice,autonomous_cognition,43,2,5.16,0.93,0.0769,0.0776,COGNITIVE_AI (Q:0),"power, stress"
08:10:27,GSV Mr Nice,autonomous_cognition,54,2,5.24,0.83,0.2381,0.1252,COGNITIVE_AI (Q:0),"quaint, wonder, power"
08:10:27,GSV Mr Nice,autonomous_cognition,49,2,5.06,0.84,0.1111,0.1252,COGNITIVE_AI (Q:0),"power, existential, stress"
08:10:27,GSV Mr Nice,hardware_reflex,19,3,4.89,1.00,0.0000,0.1252,REFLEX_JSON_REF,NONE
08:10:27,GSV Mr Nice,hardware_reflex,20,2,4.55,0.85,0.0000,0.0852,REFLEX_JSON_REF,NONE
08:10:27,GSV Ozymandias,hardware_reflex,17,3,5.12,0.94,0.0000,0.0698,REFLEX_JSON_REF,NONE
08:10:28,GSV All Watched Over by Machines of Loving Grace,hardware_reflex,26,2,4.62,0.92,0.1111,0.0444,COGNITIVE_AI (Q:0),welcome
08:10:28,GSV Mr Nice,autonomous_cognition,47,2,4.87,0.83,0.0000,0.0222,COGNITIVE_AI (Q:0),NONE
08:10:28,GSV Mr Nice,autonomous_cognition,41,2,5.07,0.88,0.1111,0.0444,COGNITIVE_AI (Q:0),"power, stress"
08:10:28,GSV Mr Nice,autonomous_cognition,51,2,5.96,0.96,0.0952,0.0635,COGNITIVE_AI (Q:0),"power, stress"
08:10:28,GSV Mr Nice,hardware_reflex,20,2,4.55,0.85,0.0000,0.0635,REFLEX_JSON_REF,NONE
08:10:28,GSV Mr Nice,hardware_reflex,14,3,5.36,1.00,0.0000,0.0413,REFLEX_JSON_REF,NONE
08:10:28,GSV Ozymandias,hardware_reflex,20,2,4.70,0.95,0.0000,0.0413,REFLEX_JSON_REF,NONE
08:10:29,GSV All Watched Over by Machines of Loving Grace,hardware_reflex,26,2,4.62,0.92,0.1111,0.0413,COGNITIVE_AI (Q:0),minor
08:10:29,GSV Mr Nice,autonomous_cognition,44,2,5.30,0.82,0.0000,0.0222,COGNITIVE_AI (Q:0),NONE
08:10:29,GSV Mr Nice,autonomous_cognition,53,2,5.58,0.89,0.1905,0.0603,COGNITIVE_AI (Q:0),"power, poetic, stress"
08:10:29,GSV Mr Nice,autonomous_cognition,50,2,5.76,0.94,0.2069,0.1017,COGNITIVE_AI (Q:0),"charming, little, power"
08:10:29,GSV Mr Nice,autonomous_cognition,57,2,5.60,0.88,0.1200,0.1257,COGNITIVE_AI (Q:0),"power, stress, operational"
08:10:29,GSV Mr Nice,autonomous_cognition,61,2,5.62,0.85,0.2759,0.1586,COGNITIVE_AI (Q:0),"tactical, musings, observe"
08:10:29,GSV Mr Nice,hardware_reflex,14,3,5.36,1.00,0.0000,0.1586,REFLEX_JSON_REF,NONE
08:10:29,GSV Mr Nice,hardware_reflex,20,2,4.55,0.85,0.0000,0.1206,REFLEX_JSON_REF,NONE
08:10:29,GSV Ozymandias,hardware_reflex,25,2,5.44,0.92,0.1111,0.1014,COGNITIVE_AI (Q:0),background
08:10:30,GSV All Watched Over by Machines of Loving Grace,hardware_reflex,20,3,5.20,0.90,0.0714,0.0917,REFLEX_JSON_REF,before
08:10:30,GSV Mr Nice,autonomous_cognition,52,2,5.12,0.90,0.0000,0.0365,COGNITIVE_AI (Q:0),NONE
08:10:30,GSV Mr Nice,autonomous_cognition,46,2,5.46,0.83,0.0833,0.0532,COGNITIVE_AI (Q:0),"power, stress"
08:10:30,GSV Ozymandias,hardware_reflex,20,2,4.70,0.95,0.0000,0.0532,REFLEX_JSON_REF,NONE
08:10:30,GSV Ozymandias,autonomous_cognition,39,2,5.23,0.90,0.0000,0.0310,COGNITIVE_AI (Q:0),NONE
08:10:30,GSV Ozymandias,hardware_reflex,17,3,5.12,0.94,0.0000,0.0167,REFLEX_JSON_REF,NONE
08:10:30,GSV Ozymandias,hardware_reflex,25,2,5.44,0.92,0.0000,0.0167,COGNITIVE_AI (Q:0),NONE
08:10:31,GSV All Watched Over by Machines of Loving Grace,autonomous_cognition,41,2,5.56,0.93,0.0000,0.0000,COGNITIVE_AI (Q:0),NONE
08:10:31,GSV All Watched Over by Machines of Loving Grace,autonomous_cognition,48,2,5.56,0.75,0.0870,0.0174,COGNITIVE_AI (Q:0),"stress, cultivate"
08:10:31,GSV All Watched Over by Machines of Loving Grace,hardware_reflex,20,3,5.20,0.90,0.0417,0.0257,REFLEX_JSON_REF,orchards
08:10:31,GSV All Watched Over by Machines of Loving Grace,autonomous_cognition,45,2,5.58,0.82,0.0000,0.0257,COGNITIVE_AI (Q:0),NONE
08:10:31,GSV Mr Nice,hardware_reflex,20,2,4.55,0.85,0.0000,0.0257,REFLEX_JSON_REF,NONE
08:10:31,GSV Mr Nice,hardware_reflex,14,3,5.36,1.00,0.0000,0.0257,REFLEX_JSON_REF,NONE
08:10:31,GSV Mr Nice,autonomous_cognition,50,2,5.38,0.96,0.0000,0.0083,COGNITIVE_AI (Q:0),NONE
08:10:31,GSV Mr Nice,autonomous_cognition,43,2,5.60,0.95,0.1333,0.0267,COGNITIVE_AI (Q:0),"integrity, power, stress"
08:10:31,GSV Ozymandias,hardware_reflex,17,3,5.12,0.94,0.0000,0.0267,REFLEX_JSON_REF,NONE
08:10:31,GSV Ozymandias,hardware_reflex,20,2,4.70,0.95,0.0000,0.0267,REFLEX_JSON_REF,NONE
08:10:31,GSV Ozymandias,hardware_reflex,20,2,4.70,0.95,1.0000,0.2267,REFLEX_JSON_REF,"entirely, blink, caught"
08:10:31,GSV Ozymandias,hardware_reflex,20,2,4.70,0.95,1.0000,0.4267,REFLEX_JSON_REF,"entirely, blink, caught"
08:10:31,GSV Ozymandias,hardware_reflex,20,2,4.70,0.95,1.0000,0.6000,REFLEX_JSON_REF,"entirely, blink, caught"
08:10:31,GSV Ozymandias,hardware_reflex,20,2,4.70,0.95,1.0000,0.8000,REFLEX_JSON_REF,"entirely, blink, caught"
08:10:31,GSV Ozymandias,hardware_reflex,25,2,5.44,0.92,0.0000,0.8000,COGNITIVE_AI (Q:0),NONE
08:10:31,GSV Ozymandias,hardware_reflex,20,2,4.70,0.95,0.0000,0.6000,REFLEX_JSON_REF,NONE
08:10:31,GSV Ozymandias,hardware_reflex,17,3,5.12,0.94,0.0000,0.4000,REFLEX_JSON_REF,NONE
08:10:31,GSV Ozymandias,hardware_reflex,17,3,5.12,0.94,1.0000,0.4000,REFLEX_JSON_REF,"welcome, packet, traveler"
08:10:31,GSV Ozymandias,hardware_reflex,20,2,4.70,0.95,0.0000,0.2000,REFLEX_JSON_REF,NONE
08:10:31,GSV Ozymandias,hardware_reflex,25,2,5.44,0.92,0.0000,0.2000,COGNITIVE_AI (Q:0),NONE
08:10:31,GSV Ozymandias,hardware_reflex,20,2,4.70,0.95,0.0000,0.2000,REFLEX_JSON_REF,NONE
08:10:31,GSV Ozymandias,hardware_reflex,20,2,4.70,0.95,1.0000,0.4000,REFLEX_JSON_REF,"entirely, blink, caught"
08:10:31,GSV Ozymandias,hardware_reflex,25,2,5.44,0.92,0.0000,0.2000,COGNITIVE_AI (Q:0),NONE
08:10:31,GSV Ozymandias,autonomous_cognition,56,2,5.39,0.86,0.0714,0.2143,COGNITIVE_AI (Q:0),brief
08:10:31,GSV Ozymandias,autonomous_cognition,46,2,5.24,0.85,0.2222,0.2587,COGNITIVE_AI (Q:0),"yield, power, shadow"
08:10:31,GSV Ozymandias,hardware_reflex,20,2,4.70,0.95,0.0000,0.2587,REFLEX_JSON_REF,NONE
08:10:31,GSV Ozymandias,hardware_reflex,17,3,5.12,0.94,0.0000,0.0587,REFLEX_JSON_REF,NONE
08:10:31,GSV Ozymandias,hardware_reflex,17,3,5.12,0.94,1.0000,0.2587,REFLEX_JSON_REF,"welcome, packet, traveler"
08:10:31,GSV Ozymandias,hardware_reflex,17,3,5.12,0.94,1.0000,0.4444,REFLEX_JSON_REF,"welcome, packet, traveler"
08:10:32,GSV Mr Nice,hardware_reflex,20,2,4.55,0.85,0.0000,0.4000,REFLEX_JSON_REF,NONE
08:10:32,GSV Ozymandias,hardware_reflex,25,2,5.44,0.92,0.1111,0.4222,COGNITIVE_AI (Q:0),background
08:10:32,GSV Ozymandias,hardware_reflex,20,2,4.70,0.95,0.0000,0.4222,REFLEX_JSON_REF,NONE
08:10:32,GSV Ozymandias,hardware_reflex,20,2,4.70,0.95,1.0000,0.4222,REFLEX_JSON_REF,"entirely, blink, caught"
08:10:32,GSV Ozymandias,autonomous_cognition,34,2,5.35,0.91,0.1111,0.2444,COGNITIVE_AI (Q:0),forgotten
08:10:32,GSV Ozymandias,hardware_reflex,25,2,5.44,0.92,0.0526,0.2550,COGNITIVE_AI (Q:0),brief
08:10:32,GSV Ozymandias,hardware_reflex,17,3,5.12,0.94,0.0000,0.2327,REFLEX_JSON_REF,NONE
08:10:32,GSV Ozymandias,autonomous_cognition,49,2,5.18,0.86,0.0000,0.2327,COGNITIVE_AI (Q:0),NONE
08:10:32,GSV Ozymandias,hardware_reflex,17,3,5.12,0.94,0.0000,0.0327,REFLEX_JSON_REF,NONE
08:10:32,GSV Ozymandias,autonomous_cognition,49,2,4.63,0.84,0.0000,0.0105,COGNITIVE_AI (Q:0),NONE
08:10:32,GSV Ozymandias,autonomous_cognition,54,2,4.93,0.81,0.2353,0.0471,COGNITIVE_AI (Q:0),"decay, power, stress"
08:10:32,GSV Ozymandias,hardware_reflex,17,3,5.12,0.94,0.0000,0.0471,REFLEX_JSON_REF,NONE
08:10:32,GSV Ozymandias,hardware_reflex,25,2,5.44,0.92,0.0000,0.0471,COGNITIVE_AI (Q:0),NONE
08:10:32,GSV Ozymandias,hardware_reflex,20,2,4.70,0.95,0.0000,0.0471,REFLEX_JSON_REF,NONE
08:10:32,GSV Ozymandias,autonomous_cognition,56,3,4.75,0.84,0.0000,0.0471,COGNITIVE_AI (Q:0),NONE
08:10:32,GSV Ozymandias,autonomous_cognition,64,2,5.12,0.81,0.3462,0.0692,COGNITIVE_AI (Q:0),"history, vibrancy, fleeting"
08:10:32,GSV Ozymandias,autonomous_cognition,58,2,5.16,0.78,0.2333,0.1159,COGNITIVE_AI (Q:0),"fleeting, tapestry, power"
08:10:32,GSV Ozymandias,hardware_reflex,17,3,5.12,0.94,0.0000,0.1159,REFLEX_JSON_REF,NONE
08:10:32,GSV Ozymandias,hardware_reflex,20,2,4.70,0.95,0.0000,0.1159,REFLEX_JSON_REF,NONE
08:10:32,GSV Ozymandias,autonomous_cognition,59,2,4.88,0.78,0.1111,0.1381,COGNITIVE_AI (Q:0),forgotten
08:10:32,GSV Ozymandias,autonomous_cognition,35,2,5.60,0.83,0.2400,0.1169,COGNITIVE_AI (Q:0),"empires, fleeting, decay"
08:10:32,GSV Ozymandias,hardware_reflex,20,2,4.70,0.95,0.0500,0.0802,REFLEX_JSON_REF,forgotten
08:10:32,GSV Ozymandias,autonomous_cognition,44,2,5.00,0.89,0.0000,0.0802,COGNITIVE_AI (Q:0),NONE
08:10:33,GSV Mr Nice,hardware_reflex,19,3,4.89,1.00,0.0455,0.0893,REFLEX_JSON_REF,nodes
08:10:33,GSV Ozymandias,hardware_reflex,20,2,4.70,0.95,0.0000,0.0671,REFLEX_JSON_REF,NONE
08:10:33,GSV Ozymandias,autonomous_cognition,62,2,5.15,0.82,0.0000,0.0191,COGNITIVE_AI (Q:0),NONE
08:10:33,GSV Ozymandias,autonomous_cognition,56,2,4.82,0.79,0.2333,0.0558,COGNITIVE_AI (Q:0),"fleeting, moment, indifferent"
08:10:33,GSV Ozymandias,autonomous_cognition,50,1,5.66,0.90,0.2400,0.1038,COGNITIVE_AI (Q:0),"fleeting, embrace, moment"
08:10:33,GSV Ozymandias,autonomous_cognition,57,2,5.12,0.86,0.1724,0.1291,COGNITIVE_AI (Q:0),"fleeting, moment, power"
08:10:33,GSV Ozymandias,autonomous_cognition,39,2,4.95,0.87,0.1667,0.1625,COGNITIVE_AI (Q:0),"fleeting, moment, power"
08:10:33,GSV Ozymandias,hardware_reflex,17,3,5.12,0.94,0.0000,0.1625,REFLEX_JSON_REF,NONE
08:10:33,GSV Ozymandias,autonomous_cognition,52,2,5.27,0.79,0.0000,0.1158,COGNITIVE_AI (Q:0),NONE
08:10:33,GSV Ozymandias,autonomous_cognition,44,2,5.39,0.86,0.3077,0.1294,COGNITIVE_AI (Q:0),"cosmic, momentary, fleeting"
08:10:33,GSV Ozymandias,hardware_reflex,25,2,5.44,0.92,0.0000,0.0949,COGNITIVE_AI (Q:0),NONE
08:10:33,GSV Ozymandias,autonomous_cognition,43,2,5.00,0.88,0.0714,0.0758,COGNITIVE_AI (Q:0),quiet
08:10:33,GSV Ozymandias,autonomous_cognition,52,3,4.50,0.88,0.1500,0.1058,COGNITIVE_AI (Q:0),"power, stress, fleeting"
08:10:33,GSV Ozymandias,autonomous_cognition,33,2,5.06,0.94,0.2778,0.1614,COGNITIVE_AI (Q:0),"fleeting, moment, power"
08:10:33,GSV Ozymandias,hardware_reflex,25,2,5.44,0.92,0.0000,0.0998,COGNITIVE_AI (Q:0),NONE
08:10:33,GSV Ozymandias,autonomous_cognition,45,2,4.64,0.89,0.0000,0.0998,COGNITIVE_AI (Q:0),NONE
08:10:33,GSV Ozymandias,autonomous_cognition,58,2,5.07,0.81,0.2500,0.1356,COGNITIVE_AI (Q:0),"power, embrace, stress"
08:10:33,GSV Ozymandias,hardware_reflex,25,2,5.44,0.92,0.0000,0.1056,COGNITIVE_AI (Q:0),NONE
08:10:33,GSV Ozymandias,hardware_reflex,17,3,5.12,0.94,0.0000,0.0500,REFLEX_JSON_REF,NONE
08:10:33,GSV Ozymandias,autonomous_cognition,64,2,4.94,0.83,0.0000,0.0500,COGNITIVE_AI (Q:0),NONE
08:10:33,GSV Ozymandias,hardware_reflex,20,2,4.70,0.95,0.0000,0.0500,REFLEX_JSON_REF,NONE
08:10:34,GSV All Watched Over by Machines of Loving Grace,autonomous_cognition,54,2,4.76,0.76,0.0000,0.0000,COGNITIVE_AI (Q:0),NONE
08:10:34,GSV Mr Nice,autonomous_cognition,56,2,5.79,0.88,0.0435,0.0087,COGNITIVE_AI (Q:0),stress
08:10:34,GSV Mr Nice,hardware_reflex,14,3,5.36,1.00,0.0000,0.0087,REFLEX_JSON_REF,NONE
08:10:34,GSV Ozymandias,hardware_reflex,17,3,5.12,0.94,0.0000,0.0087,REFLEX_JSON_REF,NONE
08:10:34,GSV Ozymandias,autonomous_cognition,54,2,5.07,0.81,0.0000,0.0087,COGNITIVE_AI (Q:0),NONE
08:10:34,GSV Ozymandias,autonomous_cognition,60,2,4.87,0.80,0.1667,0.0420,COGNITIVE_AI (Q:0),"power, unaware, stress"
08:10:34,GSV Ozymandias,hardware_reflex,20,2,4.70,0.95,0.0400,0.0413,REFLEX_JSON_REF,caught
08:10:34,GSV Ozymandias,autonomous_cognition,53,2,5.09,0.87,0.0000,0.0413,COGNITIVE_AI (Q:0),NONE
08:10:34,GSV Ozymandias,autonomous_cognition,53,2,5.23,0.89,0.1538,0.0721,COGNITIVE_AI (Q:0),"existence, power, stress"
08:10:34,GSV Ozymandias,autonomous_cognition,51,2,4.80,0.80,0.2174,0.1156,COGNITIVE_AI (Q:0),"fleeting, power, operations"
08:10:34,GSV Ozymandias,autonomous_cognition,52,2,4.92,0.85,0.2917,0.1406,COGNITIVE_AI (Q:0),"fleeting, moment, decay"
08:10:34,GSV Ozymandias,autonomous_cognition,53,2,4.96,0.85,0.2174,0.1761,COGNITIVE_AI (Q:0),"fleeting, power, against"
08:10:34,GSV Ozymandias,autonomous_cognition,61,3,5.13,0.84,0.2400,0.2241,COGNITIVE_AI (Q:0),"fleeting, vibrant, whispers"
08:10:34,GSV Ozymandias,autonomous_cognition,44,2,4.55,0.86,0.1034,0.2140,COGNITIVE_AI (Q:0),"power, stress, fleeting"
08:10:34,GSV Ozymandias,autonomous_cognition,59,2,4.71,0.81,0.2941,0.2293,COGNITIVE_AI (Q:0),"ephemeral, fleeting, power"
08:10:34,GSV Ozymandias,autonomous_cognition,50,2,5.08,0.84,0.1250,0.1960,COGNITIVE_AI (Q:0),"power, stress, fleeting"
08:10:34,GSV Ozymandias,autonomous_cognition,75,3,4.92,0.77,0.2174,0.1960,COGNITIVE_AI (Q:0),"fleeting, while, power"
08:10:34,GSV Ozymandias,autonomous_cognition,62,2,4.84,0.77,0.1429,0.1766,COGNITIVE_AI (Q:0),"fleeting, power, vessel"
08:10:34,GSV Ozymandias,autonomous_cognition,47,2,5.23,0.87,0.1852,0.1929,COGNITIVE_AI (Q:0),"urgency, fleeting, decay"
08:10:34,GSV Ozymandias,hardware_reflex,25,2,5.44,0.92,0.0000,0.1341,COGNITIVE_AI (Q:0),NONE
08:10:34,GSV Ozymandias,hardware_reflex,25,2,5.44,0.92,1.0000,0.3091,COGNITIVE_AI (Q:0),"truth, radiation, reclaims"
08:10:34,GSV Ozymandias,autonomous_cognition,52,2,5.38,0.87,0.0000,0.2656,COGNITIVE_AI (Q:0),NONE
08:10:34,GSV Ozymandias,autonomous_cognition,60,2,5.50,0.82,0.2593,0.2889,COGNITIVE_AI (Q:0),"ephemeral, fleeting, embrace"
08:10:34,GSV Ozymandias,hardware_reflex,25,2,5.44,0.92,0.0312,0.2581,COGNITIVE_AI (Q:0),truth
08:10:34,GSV Ozymandias,autonomous_cognition,53,3,5.23,0.85,0.0714,0.2724,COGNITIVE_AI (Q:0),remains
08:10:35,GSV All Watched Over by Machines of Loving Grace,hardware_reflex,26,2,4.62,0.92,0.0000,0.0724,COGNITIVE_AI (Q:0),NONE
08:10:35,GSV All Watched Over by Machines of Loving Grace,autonomous_cognition,42,1,5.38,0.83,0.0000,0.0724,COGNITIVE_AI (Q:0),NONE
08:10:35,GSV All Watched Over by Machines of Loving Grace,autonomous_cognition,55,2,5.09,0.75,0.3333,0.0872,COGNITIVE_AI (Q:0),"orchards, gentle, vibrant"
08:10:35,GSV All Watched Over by Machines of Loving Grace,autonomous_cognition,48,2,5.23,0.88,0.3103,0.1430,COGNITIVE_AI (Q:1),"sustenance, orchards, aroma"
08:10:35,GSV All Watched Over by Machines of Loving Grace,autonomous_cognition,56,2,5.11,0.79,0.2083,0.1704,COGNITIVE_AI (Q:0),"flourishing, embrace, bounty"
08:10:35,GSV Ozymandias,hardware_reflex,25,2,5.44,0.92,0.0000,0.1704,COGNITIVE_AI (Q:0),NONE
08:10:35,GSV Ozymandias,autonomous_cognition,65,2,5.37,0.78,0.0000,0.1704,COGNITIVE_AI (Q:0),NONE
08:10:35,GSV Ozymandias,autonomous_cognition,49,2,5.27,0.90,0.2121,0.1462,COGNITIVE_AI (Q:0),"relentless, tapestry, power"
08:10:35,GSV Ozymandias,autonomous_cognition,51,2,5.51,0.90,0.1364,0.1114,COGNITIVE_AI (Q:0),"tapestry, power, stress"
08:10:35,GSV Ozymandias,autonomous_cognition,47,2,5.02,0.89,0.1481,0.0993,COGNITIVE_AI (Q:0),"decay, power, stress"
08:10:35,GSV Ozymandias,autonomous_cognition,42,2,5.14,0.83,0.2273,0.1448,COGNITIVE_AI (Q:0),"ephemeral, fleeting, relentless"
08:10:35,GSV Ozymandias,hardware_reflex,20,2,4.70,0.95,0.0000,0.1448,REFLEX_JSON_REF,NONE
08:10:35,GSV Ozymandias,autonomous_cognition,46,2,5.28,0.83,0.0000,0.1024,COGNITIVE_AI (Q:0),NONE
08:10:35,GSV Ozymandias,autonomous_cognition,50,2,5.08,0.86,0.2381,0.1227,COGNITIVE_AI (Q:0),"ephemeral, fleeting, power"
08:10:35,GSV Ozymandias,hardware_reflex,20,2,4.70,0.95,0.0000,0.0931,REFLEX_JSON_REF,NONE
08:10:35,GSV Ozymandias,autonomous_cognition,52,2,5.40,0.90,0.0000,0.0476,COGNITIVE_AI (Q:0),NONE
08:10:35,GSV Ozymandias,autonomous_cognition,63,2,5.37,0.86,0.1481,0.0772,COGNITIVE_AI (Q:0),"existence, power, stress"
08:10:35,GSV Ozymandias,autonomous_cognition,60,3,4.68,0.78,0.2000,0.1172,COGNITIVE_AI (Q:0),"decay, brilliance, power"
08:10:35,GSV Ozymandias,hardware_reflex,20,2,4.70,0.95,0.0000,0.0696,REFLEX_JSON_REF,NONE
08:10:35,GSV Ozymandias,hardware_reflex,17,3,5.12,0.94,0.0000,0.0696,REFLEX_JSON_REF,NONE
08:10:35,GSV Ozymandias,autonomous_cognition,62,2,4.74,0.79,0.0000,0.0696,COGNITIVE_AI (Q:0),NONE
08:10:36,GSV All Watched Over by Machines of Loving Grace,hardware_reflex,21,3,6.05,0.95,0.0000,0.0400,REFLEX_JSON_REF,NONE
08:10:36,GSV Mr Nice,hardware_reflex,14,3,5.36,1.00,0.0769,0.0154,REFLEX_JSON_REF,greetings
08:10:36,GSV Ozymandias,autonomous_cognition,41,2,5.07,0.90,0.0000,0.0154,COGNITIVE_AI (Q:0),NONE
08:10:36,GSV Ozymandias,hardware_reflex,20,2,4.70,0.95,0.0526,0.0259,REFLEX_JSON_REF,forgotten
08:10:36,GSV Ozymandias,autonomous_cognition,50,2,5.40,0.88,0.1111,0.0481,COGNITIVE_AI (Q:0),forgotten
08:10:36,GSV Ozymandias,autonomous_cognition,47,3,4.96,0.89,0.1923,0.0866,COGNITIVE_AI (Q:0),"fleeting, relentless, power"
08:10:36,GSV Ozymandias,autonomous_cognition,52,2,5.00,0.87,0.3000,0.1312,COGNITIVE_AI (Q:0),"fleeting, echoes, decay"
08:10:36,GSV Ozymandias,autonomous_cognition,55,2,5.20,0.82,0.2000,0.1712,COGNITIVE_AI (Q:0),"fleeting, decay, power"
08:10:36,GSV Ozymandias,hardware_reflex,17,3,5.12,0.94,0.0000,0.1607,REFLEX_JSON_REF,NONE
08:10:36,GSV Ozymandias,hardware_reflex,20,2,4.70,0.95,0.0000,0.1385,REFLEX_JSON_REF,NONE
08:10:36,GSV Ozymandias,autonomous_cognition,67,2,4.85,0.78,0.0000,0.1000,COGNITIVE_AI (Q:0),NONE
08:10:37,GSV All Watched Over by Machines of Loving Grace,autonomous_cognition,49,2,5.43,0.84,0.1071,0.0614,COGNITIVE_AI (Q:0),"amidst, stress, while"
08:10:37,GSV All Watched Over by Machines of Loving Grace,hardware_reflex,21,3,6.05,0.95,0.0370,0.0288,REFLEX_JSON_REF,fields
08:10:37,GSV Mr Nice,hardware_reflex,20,2,4.55,0.85,0.0000,0.0288,REFLEX_JSON_REF,NONE
08:10:37,GSV Ozymandias,autonomous_cognition,53,3,5.26,0.85,0.0000,0.0288,COGNITIVE_AI (Q:0),NONE
08:10:37,GSV Ozymandias,hardware_reflex,20,2,4.70,0.95,0.0385,0.0365,REFLEX_JSON_REF,forgotten
08:10:37,GSV Ozymandias,autonomous_cognition,54,2,5.02,0.87,0.0000,0.0151,COGNITIVE_AI (Q:0),NONE
08:10:37,GSV Ozymandias,autonomous_cognition,43,2,4.77,0.81,0.2400,0.0557,COGNITIVE_AI (Q:0),"fleeting, decay, power"
08:10:37,GSV Ozymandias,autonomous_cognition,43,2,4.98,0.84,0.2000,0.0957,COGNITIVE_AI (Q:0),"power, stress, entropy"
08:10:37,GSV Ozymandias,autonomous_cognition,51,2,5.02,0.80,0.3684,0.1694,COGNITIVE_AI (Q:0),"cosmic, fleeting, whispers"
08:10:37,GSV Ozymandias,hardware_reflex,20,2,4.70,0.95,0.0455,0.1708,REFLEX_JSON_REF,forgotten
08:10:37,GSV Ozymandias,hardware_reflex,20,2,4.70,0.95,1.0000,0.3708,REFLEX_JSON_REF,"entirely, blink, caught"
08:10:38,GSV All Watched Over by Machines of Loving Grace,hardware_reflex,26,2,4.62,0.92,0.1111,0.3450,COGNITIVE_AI (Q:0),minor
08:10:38,GSV All Watched Over by Machines of Loving Grace,hardware_reflex,20,3,5.20,0.90,0.0000,0.3050,REFLEX_JSON_REF,NONE
08:10:38,GSV Mr Nice,autonomous_cognition,50,2,5.58,0.92,0.0000,0.2313,COGNITIVE_AI (Q:0),NONE
08:10:38,GSV Mr Nice,autonomous_cognition,56,2,5.59,0.93,0.2222,0.2667,COGNITIVE_AI (Q:0),"observe, paradigm, while"
08:10:38,GSV Mr Nice,hardware_reflex,14,3,5.36,1.00,0.0000,0.0667,REFLEX_JSON_REF,NONE
08:10:38,GSV Ozymandias,hardware_reflex,20,2,4.70,0.95,0.0000,0.0444,REFLEX_JSON_REF,NONE
08:10:38,GSV Ozymandias,autonomous_cognition,47,3,5.06,0.91,0.0000,0.0444,COGNITIVE_AI (Q:0),NONE
08:10:38,GSV Ozymandias,autonomous_cognition,43,2,5.12,0.86,0.1667,0.0778,COGNITIVE_AI (Q:0),"decay, power, stress"
08:10:38,GSV Ozymandias,autonomous_cognition,47,2,5.60,0.83,0.1364,0.0606,COGNITIVE_AI (Q:0),"power, stress, fleeting"
08:10:38,GSV Ozymandias,autonomous_cognition,54,2,4.39,0.78,0.2000,0.1006,COGNITIVE_AI (Q:0),"fleeting, vibrant, power"
08:10:39,GSV All Watched Over by Machines of Loving Grace,hardware_reflex,26,2,4.62,0.92,0.0000,0.1006,COGNITIVE_AI (Q:0),NONE
08:10:39,GSV All Watched Over by Machines of Loving Grace,hardware_reflex,26,2,4.62,0.92,1.0000,0.3006,COGNITIVE_AI (Q:0),"prune, welcome, pulse"
08:10:39,GSV Ozymandias,autonomous_cognition,53,2,4.94,0.77,0.0000,0.2673,COGNITIVE_AI (Q:0),NONE
08:10:39,GSV Ozymandias,autonomous_cognition,50,2,4.62,0.82,0.1667,0.2733,COGNITIVE_AI (Q:0),"cosmos, power, stress"
08:10:39,GSV Ozymandias,autonomous_cognition,62,3,4.98,0.77,0.1364,0.2606,COGNITIVE_AI (Q:0),"power, stress, entropy"
08:10:39,GSV Ozymandias,autonomous_cognition,43,2,4.84,0.84,0.1600,0.2926,COGNITIVE_AI (Q:0),"decay, cosmic, stress"
08:10:39,GSV Ozymandias,hardware_reflex,20,2,4.70,0.95,0.0000,0.0926,REFLEX_JSON_REF,NONE
08:10:39,GSV Ozymandias,autonomous_cognition,66,2,5.33,0.80,0.1111,0.1148,COGNITIVE_AI (Q:0),forgotten
08:10:39,GSV Ozymandias,autonomous_cognition,52,2,5.31,0.85,0.3030,0.1421,COGNITIVE_AI (Q:0),"pulse, dance, fleeting"
08:10:39,GSV Ozymandias,autonomous_cognition,55,2,5.18,0.85,0.2333,0.1615,COGNITIVE_AI (Q:0),"urgency, fleeting, moment"
08:10:40,GSV All Watched Over by Machines of Loving Grace,hardware_reflex,26,2,4.62,0.92,0.0000,0.1295,COGNITIVE_AI (Q:0),NONE
08:10:40,GSV All Watched Over by Machines of Loving Grace,hardware_reflex,26,2,4.62,0.92,1.0000,0.3295,COGNITIVE_AI (Q:0),"prune, welcome, pulse"
08:10:40,GSV All Watched Over by Machines of Loving Grace,autonomous_cognition,43,2,5.70,0.84,0.0000,0.3073,COGNITIVE_AI (Q:0),NONE
08:10:40,GSV All Watched Over by Machines of Loving Grace,hardware_reflex,21,3,6.05,0.95,0.0000,0.2467,REFLEX_JSON_REF,NONE
08:10:40,GSV All Watched Over by Machines of Loving Grace,autonomous_cognition,43,2,4.47,0.79,0.0000,0.2000,COGNITIVE_AI (Q:0),NONE
08:10:40,GSV Mr Nice,hardware_reflex,14,3,5.36,1.00,0.0000,0.2000,REFLEX_JSON_REF,NONE
08:10:40,GSV Ozymandias,autonomous_cognition,54,2,4.93,0.85,0.0000,0.0000,COGNITIVE_AI (Q:0),NONE
08:10:40,GSV Ozymandias,autonomous_cognition,44,2,5.34,0.84,0.2083,0.0417,COGNITIVE_AI (Q:0),"fleeting, power, decay"
08:10:40,GSV Ozymandias,autonomous_cognition,39,2,5.05,0.82,0.1304,0.0678,COGNITIVE_AI (Q:0),"decay, power, stress"
08:10:41,GSV All Watched Over by Machines of Loving Grace,hardware_reflex,20,3,5.20,0.90,0.0000,0.0678,REFLEX_JSON_REF,NONE
08:10:41,GSV All Watched Over by Machines of Loving Grace,hardware_reflex,20,3,5.20,0.90,1.0000,0.2678,REFLEX_JSON_REF,"orchards, thought, beneath"
08:10:41,GSV All Watched Over by Machines of Loving Grace,hardware_reflex,20,3,5.20,0.90,1.0000,0.4678,REFLEX_JSON_REF,"orchards, thought, beneath"
08:10:41,GSV All Watched Over by Machines of Loving Grace,autonomous_cognition,39,2,5.51,0.87,0.0000,0.4261,COGNITIVE_AI (Q:0),NONE
08:10:41,GSV All Watched Over by Machines of Loving Grace,hardware_reflex,31,1,5.03,0.90,0.0909,0.4182,COGNITIVE_AI (Q:0),"gentle, stress"
08:10:41,GSV Mr Nice,hardware_reflex,19,3,4.89,1.00,0.0000,0.4182,REFLEX_JSON_REF,NONE
08:10:41,GSV Ozymandias,hardware_reflex,25,2,5.44,0.92,0.1000,0.2382,COGNITIVE_AI (Q:0),brief
08:10:42,GSV All Watched Over by Machines of Loving Grace,hardware_reflex,26,2,4.62,0.92,0.0000,0.0382,COGNITIVE_AI (Q:0),NONE
08:10:42,GSV All Watched Over by Machines of Loving Grace,hardware_reflex,21,3,6.05,0.95,0.0000,0.0382,REFLEX_JSON_REF,NONE
08:10:42,GSV All Watched Over by Machines of Loving Grace,autonomous_cognition,37,2,5.68,0.92,0.0769,0.0354,COGNITIVE_AI (Q:0),fields
08:10:42,GSV All Watched Over by Machines of Loving Grace,hardware_reflex,21,3,6.05,0.95,0.0455,0.0445,REFLEX_JSON_REF,fields
08:10:42,GSV All Watched Over by Machines of Loving Grace,hardware_reflex,21,3,6.05,0.95,1.0000,0.2245,REFLEX_JSON_REF,"reached, equilibrium, misting"
08:10:42,GSV All Watched Over by Machines of Loving Grace,hardware_reflex,26,2,4.62,0.92,0.0000,0.2245,COGNITIVE_AI (Q:0),NONE
08:10:42,GSV All Watched Over by Machines of Loving Grace,autonomous_cognition,43,2,5.12,0.84,0.0833,0.2411,COGNITIVE_AI (Q:0),prune
08:10:42,GSV All Watched Over by Machines of Loving Grace,hardware_reflex,26,2,4.62,0.92,0.0476,0.2353,COGNITIVE_AI (Q:0),prune
08:10:42,GSV All Watched Over by Machines of Loving Grace,hardware_reflex,21,3,6.05,0.95,0.0000,0.2262,REFLEX_JSON_REF,NONE
08:10:42,GSV Mr Nice,hardware_reflex,20,2,4.55,0.85,0.0000,0.0262,REFLEX_JSON_REF,NONE
08:10:42,GSV Ozymandias,hardware_reflex,22,2,5.50,0.91,0.0000,0.0262,REFLEX_JSON_REF,NONE
08:10:43,GSV All Watched Over by Machines of Loving Grace,autonomous_cognition,48,2,4.85,0.85,0.0000,0.0095,COGNITIVE_AI (Q:0),NONE
08:10:43,GSV All Watched Over by Machines of Loving Grace,hardware_reflex,20,3,5.20,0.90,0.0000,0.0000,REFLEX_JSON_REF,NONE
08:10:43,GSV All Watched Over by Machines of Loving Grace,hardware_reflex,20,3,5.20,0.90,1.0000,0.2000,REFLEX_JSON_REF,"orchards, thought, beneath"
08:10:43,GSV All Watched Over by Machines of Loving Grace,hardware_reflex,21,3,6.05,0.95,0.0000,0.2000,REFLEX_JSON_REF,NONE
08:10:43,GSV All Watched Over by Machines of Loving Grace,hardware_reflex,20,3,5.20,0.90,0.0000,0.2000,REFLEX_JSON_REF,NONE
08:10:43,GSV All Watched Over by Machines of Loving Grace,autonomous_cognition,42,2,6.00,0.86,0.1667,0.2333,COGNITIVE_AI (Q:0),"orchards, across"
08:10:43,GSV All Watched Over by Machines of Loving Grace,autonomous_cognition,43,2,5.23,0.79,0.1600,0.2653,COGNITIVE_AI (Q:0),"shared, whisper, stress"
08:10:43,GSV All Watched Over by Machines of Loving Grace,autonomous_cognition,50,2,5.00,0.78,0.0909,0.0835,COGNITIVE_AI (Q:0),"stress, harvest"
08:10:43,GSV All Watched Over by Machines of Loving Grace,hardware_reflex,26,2,4.62,0.92,0.0000,0.0835,COGNITIVE_AI (Q:0),NONE
08:10:43,GSV All Watched Over by Machines of Loving Grace,autonomous_cognition,67,2,4.79,0.81,0.0000,0.0835,COGNITIVE_AI (Q:0),NONE
08:10:43,GSV Mr Nice,hardware_reflex,14,3,5.36,1.00,0.0000,0.0502,REFLEX_JSON_REF,NONE
08:10:44,GSV All Watched Over by Machines of Loving Grace,autonomous_cognition,41,2,5.29,0.80,0.0000,0.0182,COGNITIVE_AI (Q:0),NONE
08:10:44,GSV All Watched Over by Machines of Loving Grace,hardware_reflex,20,3,5.20,0.90,0.0000,0.0000,REFLEX_JSON_REF,NONE
08:10:44,GSV All Watched Over by Machines of Loving Grace,autonomous_cognition,48,2,5.08,0.81,0.0833,0.0167,COGNITIVE_AI (Q:0),orchards
08:10:44,GSV All Watched Over by Machines of Loving Grace,autonomous_cognition,39,2,5.82,0.82,0.1429,0.0452,COGNITIVE_AI (Q:0),"orchards, flourishes, stress"
08:10:44,GSV All Watched Over by Machines of Loving Grace,hardware_reflex,26,2,4.62,0.92,0.0435,0.0539,COGNITIVE_AI (Q:0),noise
08:10:44,GSV All Watched Over by Machines of Loving Grace,hardware_reflex,20,3,5.20,0.90,0.0000,0.0539,REFLEX_JSON_REF,NONE
08:10:44,GSV All Watched Over by Machines of Loving Grace,hardware_reflex,21,3,6.05,0.95,0.0000,0.0539,REFLEX_JSON_REF,NONE
08:10:44,GSV Mr Nice,hardware_reflex,20,2,4.55,0.85,0.0000,0.0373,REFLEX_JSON_REF,NONE
08:10:45,GSV All Watched Over by Machines of Loving Grace,autonomous_cognition,56,2,5.36,0.79,0.0000,0.0087,COGNITIVE_AI (Q:0),NONE
08:10:45,GSV All Watched Over by Machines of Loving Grace,autonomous_cognition,32,1,5.38,0.88,0.1034,0.0207,COGNITIVE_AI (Q:0),"roots, understanding, stress"
08:10:45,GSV All Watched Over by Machines of Loving Grace,hardware_reflex,20,3,5.20,0.90,0.0000,0.0207,REFLEX_JSON_REF,NONE
08:10:45,GSV All Watched Over by Machines of Loving Grace,hardware_reflex,21,3,6.05,0.95,0.0000,0.0207,REFLEX_JSON_REF,NONE
08:10:45,GSV All Watched Over by Machines of Loving Grace,hardware_reflex,20,3,5.20,0.90,0.0000,0.0207,REFLEX_JSON_REF,NONE
08:10:45,GSV All Watched Over by Machines of Loving Grace,autonomous_cognition,35,1,5.17,0.80,0.0000,0.0207,COGNITIVE_AI (Q:0),NONE
08:10:45,GSV Ozymandias,autonomous_cognition,49,2,4.80,0.80,0.0556,0.0111,COGNITIVE_AI (Q:0),stress
08:10:45,GSV Ozymandias,autonomous_cognition,61,2,5.08,0.82,0.1905,0.0492,COGNITIVE_AI (Q:0),"power, spark, stress"
08:10:45,GSV Ozymandias,autonomous_cognition,59,2,4.83,0.86,0.2667,0.1025,COGNITIVE_AI (Q:0),"cosmic, dance, fleeting"
08:10:46,GSV All Watched Over by Machines of Loving Grace,autonomous_cognition,37,1,5.19,0.81,0.0370,0.1099,COGNITIVE_AI (Q:0),stress
08:10:46,GSV All Watched Over by Machines of Loving Grace,autonomous_cognition,55,2,5.15,0.82,0.2105,0.1521,COGNITIVE_AI (Q:0),"thrives, abundance, stress"
08:10:46,GSV All Watched Over by Machines of Loving Grace,autonomous_cognition,54,2,5.43,0.81,0.2000,0.1809,COGNITIVE_AI (Q:0),"strawberries, harmony, yields"
08:10:46,GSV All Watched Over by Machines of Loving Grace,autonomous_cognition,61,2,4.93,0.82,0.2000,0.1828,COGNITIVE_AI (Q:0),"gentle, earths, harmony"
08:10:46,GSV All Watched Over by Machines of Loving Grace,hardware_reflex,26,2,4.62,0.92,0.0400,0.1375,COGNITIVE_AI (Q:0),prune
08:10:46,GSV All Watched Over by Machines of Loving Grace,autonomous_cognition,44,2,5.64,0.86,0.0000,0.1301,COGNITIVE_AI (Q:0),NONE
08:10:46,GSV All Watched Over by Machines of Loving Grace,hardware_reflex,26,2,4.62,0.92,0.0000,0.0880,COGNITIVE_AI (Q:0),NONE
08:10:46,GSV Mr Nice,hardware_reflex,14,3,5.36,1.00,0.0000,0.0480,REFLEX_JSON_REF,NONE
08:10:46,GSV Ozymandias,autonomous_cognition,65,2,4.97,0.80,0.0000,0.0080,COGNITIVE_AI (Q:0),NONE
08:10:46,GSV Ozymandias,autonomous_cognition,50,2,5.22,0.84,0.2069,0.0414,COGNITIVE_AI (Q:0),"thrives, fleeting, embrace"
08:10:46,GSV Ozymandias,autonomous_cognition,47,2,4.85,0.87,0.1667,0.0747,COGNITIVE_AI (Q:0),"power, flicker, stress"
08:10:46,GSV Ozymandias,autonomous_cognition,54,2,5.33,0.87,0.2273,0.1202,COGNITIVE_AI (Q:0),"fleeting, power, decay"
08:10:47,GSV All Watched Over by Machines of Loving Grace,hardware_reflex,26,2,4.62,0.92,0.0000,0.1202,COGNITIVE_AI (Q:0),NONE
08:10:47,GSV All Watched Over by Machines of Loving Grace,autonomous_cognition,50,2,5.08,0.84,0.0000,0.1202,COGNITIVE_AI (Q:0),NONE
08:10:47,GSV All Watched Over by Machines of Loving Grace,autonomous_cognition,35,1,6.20,0.91,0.1538,0.1096,COGNITIVE_AI (Q:0),"biospheres, existence, stress"
08:10:47,GSV All Watched Over by Machines of Loving Grace,autonomous_cognition,43,2,4.60,0.81,0.0952,0.0953,COGNITIVE_AI (Q:0),"yield, stress"
08:10:47,GSV All Watched Over by Machines of Loving Grace,autonomous_cognition,38,2,4.95,0.89,0.1111,0.0720,COGNITIVE_AI (Q:1),"nurture, stress"
08:10:47,GSV All Watched Over by Machines of Loving Grace,autonomous_cognition,41,2,5.12,0.83,0.0556,0.0832,COGNITIVE_AI (Q:0),stress
08:10:47,GSV All Watched Over by Machines of Loving Grace,autonomous_cognition,42,2,5.24,0.90,0.1500,0.1132,COGNITIVE_AI (Q:0),"abundance, stress, cultivate"
08:10:47,GSV All Watched Over by Machines of Loving Grace,autonomous_cognition,51,2,5.14,0.80,0.3043,0.1433,COGNITIVE_AI (Q:0),"orchards, gentle, flows"
08:10:47,GSV All Watched Over by Machines of Loving Grace,hardware_reflex,21,3,6.05,0.95,0.0000,0.1242,REFLEX_JSON_REF,NONE
08:10:47,GSV All Watched Over by Machines of Loving Grace,hardware_reflex,26,2,4.62,0.92,0.0000,0.1020,COGNITIVE_AI (Q:0),NONE
08:10:47,GSV All Watched Over by Machines of Loving Grace,autonomous_cognition,49,2,4.92,0.84,0.0000,0.0909,COGNITIVE_AI (Q:0),NONE
08:10:47,GSV Mr Nice,hardware_reflex,14,3,5.36,1.00,0.0000,0.0609,REFLEX_JSON_REF,NONE
08:10:48,GSV All Watched Over by Machines of Loving Grace,autonomous_cognition,61,2,5.43,0.79,0.0000,0.0000,COGNITIVE_AI (Q:0),NONE
08:10:48,GSV All Watched Over by Machines of Loving Grace,autonomous_cognition,42,2,5.24,0.88,0.1333,0.0267,COGNITIVE_AI (Q:0),"essence, stress, itself"
08:10:48,GSV All Watched Over by Machines of Loving Grace,autonomous_cognition,64,2,5.05,0.80,0.3636,0.0994,COGNITIVE_AI (Q:0),"flourishing, roots, where"
08:10:48,GSV All Watched Over by Machines of Loving Grace,hardware_reflex,26,2,4.62,0.92,0.0000,0.0994,COGNITIVE_AI (Q:0),NONE
08:10:48,GSV All Watched Over by Machines of Loving Grace,autonomous_cognition,62,2,4.66,0.79,0.0000,0.0994,COGNITIVE_AI (Q:0),NONE
08:10:48,GSV All Watched Over by Machines of Loving Grace,autonomous_cognition,52,2,5.35,0.77,0.0833,0.1161,COGNITIVE_AI (Q:0),"vigilance, stress"
08:10:49,GSV Ozymandias,autonomous_cognition,44,2,5.73,0.91,0.1154,0.1125,COGNITIVE_AI (Q:0),"endeavors, strawberries, stress"
08:10:49,GSV Ozymandias,autonomous_cognition,55,1,5.04,0.82,0.2069,0.0811,COGNITIVE_AI (Q:0),"fleeting, power, decay"
08:10:49,GSV Ozymandias,hardware_reflex,17,3,5.12,0.94,0.0000,0.0811,REFLEX_JSON_REF,NONE
08:10:51,GSV Ozymandias,autonomous_cognition,55,2,5.07,0.85,0.0000,0.0811,COGNITIVE_AI (Q:0),NONE
08:10:51,GSV Ozymandias,autonomous_cognition,61,2,5.10,0.85,0.1923,0.1029,COGNITIVE_AI (Q:0),"cosmic, fleeting, decay"
08:10:52,GSV All Watched Over by Machines of Loving Grace,hardware_reflex,26,2,4.62,0.92,0.0714,0.0941,COGNITIVE_AI (Q:0),"prune, noise"
08:10:52,GSV Mr Nice,hardware_reflex,19,3,4.89,1.00,0.0000,0.0527,REFLEX_JSON_REF,NONE
08:10:55,GSV Ozymandias,hardware_reflex,25,2,5.44,0.92,0.1000,0.0727,COGNITIVE_AI (Q:0),brief
08:10:56,GSV All Watched Over by Machines of Loving Grace,hardware_reflex,20,3,5.20,0.90,0.0714,0.0870,REFLEX_JSON_REF,before
08:10:56,GSV All Watched Over by Machines of Loving Grace,autonomous_cognition,32,1,5.41,0.91,0.0833,0.0652,COGNITIVE_AI (Q:0),orchards
08:10:56,GSV All Watched Over by Machines of Loving Grace,hardware_reflex,30,2,5.33,0.83,0.2500,0.1010,COGNITIVE_AI (Q:0),"orchards, stress, bounty"
08:10:56,GSV All Watched Over by Machines of Loving Grace,autonomous_cognition,64,2,5.06,0.86,0.1250,0.1260,COGNITIVE_AI (Q:0),"orchards, stress"
08:10:56,GSV All Watched Over by Machines of Loving Grace,autonomous_cognition,38,1,5.08,0.82,0.1250,0.1310,COGNITIVE_AI (Q:0),"gentle, stress, dance"
08:10:56,GSV All Watched Over by Machines of Loving Grace,autonomous_cognition,43,2,5.21,0.86,0.0476,0.1262,COGNITIVE_AI (Q:0),stress
08:10:56,GSV All Watched Over by Machines of Loving Grace,autonomous_cognition,44,2,4.89,0.84,0.1500,0.1395,COGNITIVE_AI (Q:0),"tapestry, stress, existence"
08:10:56,GSV All Watched Over by Machines of Loving Grace,autonomous_cognition,39,2,5.79,0.92,0.1429,0.1181,COGNITIVE_AI (Q:0),"orchards, stress, existence"
08:10:56,GSV Mr Nice,hardware_reflex,14,3,5.36,1.00,0.0000,0.0931,REFLEX_JSON_REF,NONE
08:10:56,GSV Ozymandias,autonomous_cognition,59,2,4.80,0.85,0.0000,0.0681,COGNITIVE_AI (Q:0),NONE
08:10:57,GSV All Watched Over by Machines of Loving Grace,hardware_reflex,20,3,5.20,0.90,0.0000,0.0586,REFLEX_JSON_REF,NONE
08:10:57,GSV All Watched Over by Machines of Loving Grace,autonomous_cognition,42,2,5.79,0.95,0.0833,0.0452,COGNITIVE_AI (Q:0),orchards
08:10:57,GSV All Watched Over by Machines of Loving Grace,hardware_reflex,26,2,4.62,0.92,0.0385,0.0244,COGNITIVE_AI (Q:0),green
08:10:57,GSV All Watched Over by Machines of Loving Grace,hardware_reflex,20,3,5.20,0.90,0.0000,0.0244,REFLEX_JSON_REF,NONE
08:10:57,GSV Mr Nice,hardware_reflex,14,3,5.36,1.00,0.0000,0.0244,REFLEX_JSON_REF,NONE
08:10:57,GSV Ozymandias,hardware_reflex,17,3,5.12,0.94,0.0000,0.0244,REFLEX_JSON_REF,NONE
08:10:58,GSV All Watched Over by Machines of Loving Grace,hardware_reflex,26,2,4.62,0.92,0.1111,0.0299,COGNITIVE_AI (Q:0),welcome
08:10:58,GSV All Watched Over by Machines of Loving Grace,hardware_reflex,21,3,6.05,0.95,0.0000,0.0222,REFLEX_JSON_REF,NONE
08:10:58,GSV All Watched Over by Machines of Loving Grace,hardware_reflex,20,3,5.20,0.90,0.0000,0.0222,REFLEX_JSON_REF,NONE
08:10:58,GSV All Watched Over by Machines of Loving Grace,hardware_reflex,20,3,5.20,0.90,1.0000,0.2222,REFLEX_JSON_REF,"orchards, thought, beneath"
08:10:58,GSV All Watched Over by Machines of Loving Grace,hardware_reflex,26,2,4.62,0.92,0.0000,0.2222,COGNITIVE_AI (Q:0),NONE
08:10:58,GSV All Watched Over by Machines of Loving Grace,hardware_reflex,21,3,6.05,0.95,0.0000,0.2000,REFLEX_JSON_REF,NONE
08:10:58,GSV All Watched Over by Machines of Loving Grace,hardware_reflex,20,3,5.20,0.90,0.0000,0.2000,REFLEX_JSON_REF,NONE
08:10:58,GSV Mr Nice,hardware_reflex,14,3,5.36,1.00,0.0000,0.2000,REFLEX_JSON_REF,NONE
08:10:58,GSV Ozymandias,hardware_reflex,20,2,4.70,0.95,0.0000,0.0000,REFLEX_JSON_REF,NONE
08:10:59,GSV All Watched Over by Machines of Loving Grace,hardware_reflex,26,2,4.62,0.92,0.1111,0.0222,COGNITIVE_AI (Q:0),minor
08:10:59,GSV All Watched Over by Machines of Loving Grace,hardware_reflex,20,3,5.20,0.90,0.0000,0.0222,REFLEX_JSON_REF,NONE
08:10:59,GSV All Watched Over by Machines of Loving Grace,hardware_reflex,20,3,5.20,0.90,1.0000,0.2222,REFLEX_JSON_REF,"orchards, thought, beneath"
08:10:59,GSV All Watched Over by Machines of Loving Grace,hardware_reflex,21,3,6.05,0.95,0.0000,0.2222,REFLEX_JSON_REF,NONE
08:10:59,GSV All Watched Over by Machines of Loving Grace,hardware_reflex,20,3,5.20,0.90,0.0000,0.2222,REFLEX_JSON_REF,NONE
08:10:59,GSV Mr Nice,hardware_reflex,19,3,4.89,1.00,0.0000,0.2000,REFLEX_JSON_REF,NONE
08:10:59,GSV Ozymandias,hardware_reflex,20,2,4.70,0.95,0.0000,0.2000,REFLEX_JSON_REF,NONE
08:11:00,GSV All Watched Over by Machines of Loving Grace,hardware_reflex,26,2,4.62,0.92,0.1111,0.0222,COGNITIVE_AI (Q:0),minor
08:11:00,GSV All Watched Over by Machines of Loving Grace,hardware_reflex,21,3,6.05,0.95,0.0000,0.0222,REFLEX_JSON_REF,NONE
08:11:00,GSV All Watched Over by Machines of Loving Grace,hardware_reflex,26,2,4.62,0.92,0.0000,0.0222,COGNITIVE_AI (Q:0),NONE
08:11:00,GSV All Watched Over by Machines of Loving Grace,hardware_reflex,20,3,5.20,0.90,0.0000,0.0222,REFLEX_JSON_REF,NONE
08:11:00,GSV All Watched Over by Machines of Loving Grace,hardware_reflex,21,3,6.05,0.95,0.0000,0.0222,REFLEX_JSON_REF,NONE
08:11:00,GSV Ozymandias,autonomous_cognition,41,2,5.54,0.88,0.0000,0.0000,COGNITIVE_AI (Q:0),NONE
08:11:01,GSV All Watched Over by Machines of Loving Grace,hardware_reflex,21,3,6.05,0.95,0.0000,0.0000,REFLEX_JSON_REF,NONE
08:11:01,GSV All Watched Over by Machines of Loving Grace,hardware_reflex,21,3,6.05,0.95,1.0000,0.2000,REFLEX_JSON_REF,"reached, equilibrium, misting"
08:11:01,GSV All Watched Over by Machines of Loving Grace,hardware_reflex,20,3,5.20,0.90,0.0000,0.2000,REFLEX_JSON_REF,NONE
08:11:01,GSV All Watched Over by Machines of Loving Grace,hardware_reflex,21,3,6.05,0.95,0.0000,0.2000,REFLEX_JSON_REF,NONE
08:11:01,GSV All Watched Over by Machines of Loving Grace,hardware_reflex,26,2,4.62,0.92,0.0000,0.2000,COGNITIVE_AI (Q:0),NONE
08:11:01,GSV Mr Nice,hardware_reflex,20,2,4.55,0.85,0.0000,0.2000,REFLEX_JSON_REF,NONE
08:11:01,GSV Ozymandias,hardware_reflex,20,2,4.70,0.95,0.0000,0.0000,REFLEX_JSON_REF,NONE
08:11:01,GSV Ozymandias,autonomous_cognition,52,2,5.25,0.79,0.0000,0.0000,COGNITIVE_AI (Q:0),NONE
08:11:02,GSV All Watched Over by Machines of Loving Grace,hardware_reflex,26,2,4.62,0.92,0.0000,0.0000,COGNITIVE_AI (Q:0),NONE
08:11:02,GSV All Watched Over by Machines of Loving Grace,hardware_reflex,26,2,4.62,0.92,1.0000,0.2000,COGNITIVE_AI (Q:0),"prune, welcome, pulse"
08:11:02,GSV All Watched Over by Machines of Loving Grace,hardware_reflex,21,3,6.05,0.95,0.0000,0.2000,REFLEX_JSON_REF,NONE
08:11:02,GSV All Watched Over by Machines of Loving Grace,hardware_reflex,26,2,4.62,0.92,0.0000,0.2000,COGNITIVE_AI (Q:0),NONE
08:11:02,GSV All Watched Over by Machines of Loving Grace,hardware_reflex,26,2,4.62,0.92,1.0000,0.4000,COGNITIVE_AI (Q:0),"prune, welcome, pulse"
08:11:02,GSV All Watched Over by Machines of Loving Grace,hardware_reflex,21,3,6.05,0.95,0.0000,0.4000,REFLEX_JSON_REF,NONE
08:11:02,GSV Mr Nice,hardware_reflex,14,3,5.36,1.00,0.0769,0.2154,REFLEX_JSON_REF,greetings
08:11:02,GSV Ozymandias,hardware_reflex,17,3,5.12,0.94,0.0000,0.2154,REFLEX_JSON_REF,NONE
08:11:03,GSV All Watched Over by Machines of Loving Grace,hardware_reflex,27,2,4.93,0.89,0.0000,0.2154,COGNITIVE_AI (Q:0),NONE
08:11:03,GSV All Watched Over by Machines of Loving Grace,hardware_reflex,26,2,4.62,0.92,0.0000,0.0154,COGNITIVE_AI (Q:0),NONE
08:11:03,GSV All Watched Over by Machines of Loving Grace,hardware_reflex,20,3,5.20,0.90,0.0000,0.0154,REFLEX_JSON_REF,NONE
08:11:03,GSV All Watched Over by Machines of Loving Grace,hardware_reflex,21,3,6.05,0.95,0.0000,0.0000,REFLEX_JSON_REF,NONE
08:11:03,GSV All Watched Over by Machines of Loving Grace,hardware_reflex,26,2,4.62,0.92,0.0000,0.0000,COGNITIVE_AI (Q:0),NONE
08:11:03,GSV All Watched Over by Machines of Loving Grace,hardware_reflex,20,3,5.20,0.90,0.0000,0.0000,REFLEX_JSON_REF,NONE
08:11:03,GSV Mr Nice,hardware_reflex,20,2,4.55,0.85,0.0833,0.0167,REFLEX_JSON_REF,logged
08:11:03,GSV Ozymandias,hardware_reflex,17,3,5.12,0.94,0.0000,0.0167,REFLEX_JSON_REF,NONE
08:11:04,GSV All Watched Over by Machines of Loving Grace,hardware_reflex,21,3,6.05,0.95,0.1111,0.0389,REFLEX_JSON_REF,traveler
08:11:04,GSV All Watched Over by Machines of Loving Grace,hardware_reflex,21,3,6.05,0.95,1.0000,0.2389,REFLEX_JSON_REF,"reached, equilibrium, misting"
08:11:04,GSV All Watched Over by Machines of Loving Grace,hardware_reflex,26,2,4.62,0.92,0.0000,0.2389,COGNITIVE_AI (Q:0),NONE
08:11:04,GSV All Watched Over by Machines of Loving Grace,hardware_reflex,21,3,6.05,0.95,0.0000,0.2222,REFLEX_JSON_REF,NONE
08:11:04,GSV All Watched Over by Machines of Loving Grace,hardware_reflex,20,3,5.20,0.90,0.0000,0.2222,REFLEX_JSON_REF,NONE
08:11:05,GSV All Watched Over by Machines of Loving Grace,hardware_reflex,20,3,5.20,0.90,1.0000,0.4000,REFLEX_JSON_REF,"orchards, thought, beneath"
08:11:05,GSV All Watched Over by Machines of Loving Grace,hardware_reflex,26,2,4.62,0.92,0.0000,0.2000,COGNITIVE_AI (Q:0),NONE
08:11:05,GSV All Watched Over by Machines of Loving Grace,hardware_reflex,21,3,6.05,0.95,0.0000,0.2000,REFLEX_JSON_REF,NONE
08:11:05,GSV All Watched Over by Machines of Loving Grace,hardware_reflex,21,3,6.05,0.95,1.0000,0.4000,REFLEX_JSON_REF,"reached, equilibrium, misting"
08:11:05,GSV All Watched Over by Machines of Loving Grace,hardware_reflex,20,3,5.20,0.90,0.0000,0.4000,REFLEX_JSON_REF,NONE
08:11:05,GSV Mr Nice,hardware_reflex,14,3,5.36,1.00,0.0000,0.2000,REFLEX_JSON_REF,NONE
08:11:05,GSV Ozymandias,hardware_reflex,20,2,4.70,0.95,0.0000,0.2000,REFLEX_JSON_REF,NONE
08:11:06,GSV All Watched Over by Machines of Loving Grace,hardware_reflex,26,2,4.62,0.92,0.1111,0.2222,COGNITIVE_AI (Q:0),minor
08:11:06,GSV All Watched Over by Machines of Loving Grace,hardware_reflex,20,3,5.20,0.90,0.0000,0.0222,REFLEX_JSON_REF,NONE
08:11:06,GSV All Watched Over by Machines of Loving Grace,hardware_reflex,21,3,6.05,0.95,0.0000,0.0222,REFLEX_JSON_REF,NONE
08:11:06,GSV All Watched Over by Machines of Loving Grace,hardware_reflex,20,3,5.20,0.90,0.0000,0.0222,REFLEX_JSON_REF,NONE
08:11:06,GSV Mr Nice,hardware_reflex,14,3,5.36,1.00,0.0000,0.0222,REFLEX_JSON_REF,NONE
08:11:06,GSV Ozymandias,hardware_reflex,20,2,4.70,0.95,0.0000,0.0000,REFLEX_JSON_REF,NONE
08:11:06,GSV Ozymandias,autonomous_cognition,43,2,5.19,0.86,0.0000,0.0000,COGNITIVE_AI (Q:0),NONE
08:11:07,GSV All Watched Over by Machines of Loving Grace,hardware_reflex,26,2,4.62,0.92,0.0000,0.0000,COGNITIVE_AI (Q:0),NONE
08:11:07,GSV All Watched Over by Machines of Loving Grace,hardware_reflex,21,3,6.05,0.95,0.0000,0.0000,REFLEX_JSON_REF,NONE
08:11:07,GSV All Watched Over by Machines of Loving Grace,hardware_reflex,20,3,5.20,0.90,0.0000,0.0000,REFLEX_JSON_REF,NONE
08:11:07,GSV All Watched Over by Machines of Loving Grace,hardware_reflex,21,3,6.05,0.95,0.0000,0.0000,REFLEX_JSON_REF,NONE
08:11:07,GSV All Watched Over by Machines of Loving Grace,hardware_reflex,26,2,4.62,0.92,0.0000,0.0000,COGNITIVE_AI (Q:0),NONE
08:11:07,GSV Mr Nice,hardware_reflex,20,2,4.55,0.85,0.0000,0.0000,REFLEX_JSON_REF,NONE
08:11:07,GSV Ozymandias,hardware_reflex,20,2,4.70,0.95,0.0000,0.0000,REFLEX_JSON_REF,NONE
08:11:08,GSV All Watched Over by Machines of Loving Grace,hardware_reflex,21,3,6.05,0.95,0.0000,0.0000,REFLEX_JSON_REF,NONE
08:11:08,GSV All Watched Over by Machines of Loving Grace,hardware_reflex,20,3,5.20,0.90,0.0000,0.0000,REFLEX_JSON_REF,NONE
08:11:08,GSV All Watched Over by Machines of Loving Grace,hardware_reflex,20,3,5.20,0.90,1.0000,0.2000,REFLEX_JSON_REF,"orchards, thought, beneath"
08:11:08,GSV All Watched Over by Machines of Loving Grace,hardware_reflex,20,3,5.20,0.90,1.0000,0.4000,REFLEX_JSON_REF,"orchards, thought, beneath"
08:11:08,GSV All Watched Over by Machines of Loving Grace,hardware_reflex,20,3,5.20,0.90,1.0000,0.6000,REFLEX_JSON_REF,"orchards, thought, beneath"
08:11:08,GSV Mr Nice,hardware_reflex,20,2,4.55,0.85,0.0833,0.6167,REFLEX_JSON_REF,logged
08:11:08,GSV Ozymandias,autonomous_cognition,40,2,4.97,0.78,0.0000,0.6167,COGNITIVE_AI (Q:0),NONE
08:11:08,GSV Ozymandias,hardware_reflex,17,3,5.12,0.94,0.0000,0.4167,REFLEX_JSON_REF,NONE
08:11:09,GSV All Watched Over by Machines of Loving Grace,hardware_reflex,21,3,6.05,0.95,0.1111,0.2389,REFLEX_JSON_REF,traveler
08:11:09,GSV All Watched Over by Machines of Loving Grace,hardware_reflex,26,2,4.62,0.92,0.0000,0.0389,COGNITIVE_AI (Q:0),NONE
08:11:09,GSV All Watched Over by Machines of Loving Grace,hardware_reflex,26,2,4.62,0.92,1.0000,0.2222,COGNITIVE_AI (Q:0),"prune, welcome, pulse"
08:11:09,GSV All Watched Over by Machines of Loving Grace,hardware_reflex,21,3,6.05,0.95,0.0000,0.2222,REFLEX_JSON_REF,NONE
08:11:09,GSV Ozymandias,autonomous_cognition,55,2,4.84,0.84,0.0000,0.2222,COGNITIVE_AI (Q:0),NONE
08:11:09,GSV Ozymandias,autonomous_cognition,67,2,4.88,0.82,0.2308,0.2462,COGNITIVE_AI (Q:0),"vibrant, whispers, decay"
08:11:09,GSV Ozymandias,autonomous_cognition,59,2,5.20,0.81,0.1935,0.2849,COGNITIVE_AI (Q:0),"decay, power, inevitable"
08:11:10,GSV All Watched Over by Machines of Loving Grace,hardware_reflex,21,3,6.05,0.95,0.0000,0.0849,REFLEX_JSON_REF,NONE
08:11:10,GSV All Watched Over by Machines of Loving Grace,hardware_reflex,26,2,4.62,0.92,0.0000,0.0849,COGNITIVE_AI (Q:0),NONE
08:11:10,GSV All Watched Over by Machines of Loving Grace,hardware_reflex,26,2,4.62,0.92,1.0000,0.2849,COGNITIVE_AI (Q:0),"prune, welcome, pulse"
08:11:10,GSV All Watched Over by Machines of Loving Grace,hardware_reflex,21,3,6.05,0.95,0.0000,0.2387,REFLEX_JSON_REF,NONE
08:11:10,GSV All Watched Over by Machines of Loving Grace,hardware_reflex,21,3,6.05,0.95,1.0000,0.4000,REFLEX_JSON_REF,"reached, equilibrium, misting"
08:11:10,GSV Mr Nice,hardware_reflex,20,2,4.55,0.85,0.0000,0.4000,REFLEX_JSON_REF,NONE
08:11:10,GSV Ozymandias,hardware_reflex,20,2,4.70,0.95,0.0000,0.4000,REFLEX_JSON_REF,NONE
08:11:10,GSV Ozymandias,autonomous_cognition,47,2,5.04,0.85,0.0000,0.2000,COGNITIVE_AI (Q:0),NONE
08:11:10,GSV Ozymandias,autonomous_cognition,42,2,4.95,0.88,0.2000,0.2400,COGNITIVE_AI (Q:0),"power, stress, relentless"
08:11:10,GSV Ozymandias,autonomous_cognition,43,2,5.26,0.84,0.2632,0.0926,COGNITIVE_AI (Q:0),"fleeting, relentless, power"
08:11:10,GSV Ozymandias,autonomous_cognition,53,2,4.96,0.89,0.1818,0.1290,COGNITIVE_AI (Q:0),"decay, power, stress"
08:11:11,GSV All Watched Over by Machines of Loving Grace,hardware_reflex,26,2,4.62,0.92,0.0000,0.1290,COGNITIVE_AI (Q:0),NONE
08:11:11,GSV All Watched Over by Machines of Loving Grace,hardware_reflex,26,2,4.62,0.92,1.0000,0.3290,COGNITIVE_AI (Q:0),"prune, welcome, pulse"
08:11:11,GSV All Watched Over by Machines of Loving Grace,hardware_reflex,20,3,5.20,0.90,0.0000,0.2890,REFLEX_JSON_REF,NONE
08:11:11,GSV All Watched Over by Machines of Loving Grace,hardware_reflex,21,3,6.05,0.95,0.0000,0.2364,REFLEX_JSON_REF,NONE
08:11:11,GSV Mr Nice,hardware_reflex,14,3,5.36,1.00,0.0769,0.2154,REFLEX_JSON_REF,greetings
08:11:11,GSV Ozymandias,hardware_reflex,25,2,5.44,0.92,0.0000,0.2154,COGNITIVE_AI (Q:0),NONE
08:11:12,GSV All Watched Over by Machines of Loving Grace,hardware_reflex,20,3,5.20,0.90,0.0714,0.0297,REFLEX_JSON_REF,before
08:11:12,GSV All Watched Over by Machines of Loving Grace,hardware_reflex,21,3,6.05,0.95,0.0000,0.0297,REFLEX_JSON_REF,NONE
08:11:12,GSV All Watched Over by Machines of Loving Grace,hardware_reflex,20,3,5.20,0.90,0.0000,0.0297,REFLEX_JSON_REF,NONE
08:11:12,GSV All Watched Over by Machines of Loving Grace,hardware_reflex,26,2,4.62,0.92,0.0000,0.0143,COGNITIVE_AI (Q:0),NONE
08:11:12,GSV Mr Nice,hardware_reflex,20,2,4.55,0.85,0.0000,0.0143,REFLEX_JSON_REF,NONE
08:11:12,GSV Ozymandias,hardware_reflex,25,2,5.44,0.92,0.1111,0.0222,COGNITIVE_AI (Q:0),background
08:11:16,GSV All Watched Over by Machines of Loving Grace,hardware_reflex,20,3,5.20,0.90,0.0714,0.0365,REFLEX_JSON_REF,before
08:11:18,GSV All Watched Over by Machines of Loving Grace,hardware_reflex,20,3,5.20,0.90,1.0000,0.2365,REFLEX_JSON_REF,"orchards, thought, beneath"
08:11:18,GSV All Watched Over by Machines of Loving Grace,hardware_reflex,26,2,4.62,0.92,0.0000,0.2365,COGNITIVE_AI (Q:0),NONE
08:11:18,GSV Mr Nice,hardware_reflex,20,2,4.55,0.85,0.0000,0.2365,REFLEX_JSON_REF,NONE
08:11:18,GSV Ozymandias,hardware_reflex,25,2,5.44,0.92,0.1111,0.2365,COGNITIVE_AI (Q:0),background
08:11:19,GSV All Watched Over by Machines of Loving Grace,hardware_reflex,26,2,4.62,0.92,0.0000,0.2222,COGNITIVE_AI (Q:0),NONE
08:11:19,GSV All Watched Over by Machines of Loving Grace,hardware_reflex,20,3,5.20,0.90,0.0000,0.0222,REFLEX_JSON_REF,NONE
08:11:19,GSV All Watched Over by Machines of Loving Grace,hardware_reflex,20,3,5.20,0.90,1.0000,0.2222,REFLEX_JSON_REF,"orchards, thought, beneath"
08:11:19,GSV All Watched Over by Machines of Loving Grace,hardware_reflex,21,3,6.05,0.95,0.0000,0.2222,REFLEX_JSON_REF,NONE
08:11:19,GSV Mr Nice,autonomous_cognition,46,2,5.61,0.87,0.0000,0.2000,COGNITIVE_AI (Q:0),NONE
08:11:19,GSV Mr Nice,hardware_reflex,20,2,4.55,0.85,0.0417,0.2083,REFLEX_JSON_REF,transmission
08:11:19,GSV Ozymandias,hardware_reflex,25,2,5.44,0.92,0.1111,0.2306,COGNITIVE_AI (Q:0),background
08:11:20,GSV All Watched Over by Machines of Loving Grace,hardware_reflex,20,3,5.20,0.90,0.0714,0.0448,REFLEX_JSON_REF,before
08:11:20,GSV All Watched Over by Machines of Loving Grace,hardware_reflex,26,2,4.62,0.92,0.0000,0.0448,COGNITIVE_AI (Q:0),NONE
08:11:20,GSV All Watched Over by Machines of Loving Grace,hardware_reflex,20,3,5.20,0.90,0.0000,0.0448,REFLEX_JSON_REF,NONE
08:11:20,GSV All Watched Over by Machines of Loving Grace,hardware_reflex,21,3,6.05,0.95,0.0000,0.0365,REFLEX_JSON_REF,NONE
08:11:20,GSV All Watched Over by Machines of Loving Grace,hardware_reflex,21,3,6.05,0.95,1.0000,0.2143,REFLEX_JSON_REF,"reached, equilibrium, misting"
08:11:20,GSV Ozymandias,autonomous_cognition,54,2,5.41,0.87,0.0000,0.2000,COGNITIVE_AI (Q:0),NONE
08:11:20,GSV Ozymandias,hardware_reflex,20,2,4.70,0.95,0.0000,0.2000,REFLEX_JSON_REF,NONE
08:11:21,GSV All Watched Over by Machines of Loving Grace,hardware_reflex,20,3,5.20,0.90,0.1111,0.2222,REFLEX_JSON_REF,signal
08:11:21,GSV All Watched Over by Machines of Loving Grace,hardware_reflex,26,2,4.62,0.92,0.0000,0.2222,COGNITIVE_AI (Q:0),NONE
08:11:21,GSV All Watched Over by Machines of Loving Grace,hardware_reflex,20,3,5.20,0.90,0.0000,0.0222,REFLEX_JSON_REF,NONE
08:11:21,GSV All Watched Over by Machines of Loving Grace,hardware_reflex,21,3,6.05,0.95,0.0000,0.0222,REFLEX_JSON_REF,NONE
08:11:21,GSV Mr Nice,hardware_reflex,20,2,4.55,0.85,0.0000,0.0222,REFLEX_JSON_REF,NONE
08:11:21,GSV Ozymandias,autonomous_cognition,43,2,5.09,0.86,0.1111,0.0222,COGNITIVE_AI (Q:0),silence
08:11:22,GSV All Watched Over by Machines of Loving Grace,hardware_reflex,20,3,5.20,0.90,0.0000,0.0222,REFLEX_JSON_REF,NONE
08:11:22,GSV All Watched Over by Machines of Loving Grace,hardware_reflex,21,3,6.05,0.95,0.0000,0.0222,REFLEX_JSON_REF,NONE
08:11:22,GSV All Watched Over by Machines of Loving Grace,hardware_reflex,21,3,6.05,0.95,1.0000,0.2222,REFLEX_JSON_REF,"reached, equilibrium, misting"
08:11:22,GSV All Watched Over by Machines of Loving Grace,hardware_reflex,20,3,5.20,0.90,0.0000,0.2222,REFLEX_JSON_REF,NONE
08:11:22,GSV Mr Nice,hardware_reflex,20,2,4.55,0.85,0.0833,0.2167,REFLEX_JSON_REF,logged
08:11:22,GSV Ozymandias,hardware_reflex,17,3,5.12,0.94,0.0000,0.2167,REFLEX_JSON_REF,NONE
08:11:23,GSV All Watched Over by Machines of Loving Grace,hardware_reflex,26,2,4.62,0.92,0.1111,0.2389,COGNITIVE_AI (Q:0),welcome
08:11:23,GSV All Watched Over by Machines of Loving Grace,hardware_reflex,21,3,6.05,0.95,0.0000,0.0389,REFLEX_JSON_REF,NONE
08:11:23,GSV All Watched Over by Machines of Loving Grace,hardware_reflex,21,3,6.05,0.95,1.0000,0.2389,REFLEX_JSON_REF,"reached, equilibrium, misting"
08:11:23,GSV All Watched Over by Machines of Loving Grace,hardware_reflex,26,2,4.62,0.92,0.0000,0.2222,COGNITIVE_AI (Q:0),NONE
08:11:23,GSV All Watched Over by Machines of Loving Grace,hardware_reflex,26,2,4.62,0.92,1.0000,0.4222,COGNITIVE_AI (Q:0),"prune, welcome, pulse"
08:11:23,GSV Mr Nice,hardware_reflex,19,3,4.89,1.00,0.0000,0.4000,REFLEX_JSON_REF,NONE
08:11:23,GSV Mr Nice,autonomous_cognition,35,2,5.51,0.97,0.0000,0.4000,COGNITIVE_AI (Q:0),NONE
08:11:23,GSV Ozymandias,hardware_reflex,25,2,5.44,0.92,0.0000,0.2000,COGNITIVE_AI (Q:0),NONE
08:11:24,GSV All Watched Over by Machines of Loving Grace,hardware_reflex,21,3,6.05,0.95,0.0000,0.2000,REFLEX_JSON_REF,NONE
08:11:24,GSV All Watched Over by Machines of Loving Grace,hardware_reflex,26,2,4.62,0.92,0.0000,0.0000,COGNITIVE_AI (Q:0),NONE
08:11:24,GSV All Watched Over by Machines of Loving Grace,hardware_reflex,21,3,6.05,0.95,0.0000,0.0000,REFLEX_JSON_REF,NONE
08:11:24,GSV Mr Nice,hardware_reflex,14,3,5.36,1.00,0.0769,0.0154,REFLEX_JSON_REF,greetings
08:11:24,GSV Ozymandias,autonomous_cognition,63,2,5.24,0.83,0.0000,0.0154,COGNITIVE_AI (Q:0),NONE
08:11:24,GSV Ozymandias,hardware_reflex,17,3,5.12,0.94,0.0000,0.0154,REFLEX_JSON_REF,NONE
08:11:25,GSV All Watched Over by Machines of Loving Grace,hardware_reflex,20,3,5.20,0.90,0.1111,0.0376,REFLEX_JSON_REF,state
08:11:25,GSV All Watched Over by Machines of Loving Grace,hardware_reflex,26,2,4.62,0.92,0.0000,0.0376,COGNITIVE_AI (Q:0),NONE
08:11:25,GSV All Watched Over by Machines of Loving Grace,hardware_reflex,26,2,4.62,0.92,1.0000,0.2222,COGNITIVE_AI (Q:0),"prune, welcome, pulse"
08:11:25,GSV All Watched Over by Machines of Loving Grace,hardware_reflex,26,2,4.62,0.92,1.0000,0.4222,COGNITIVE_AI (Q:0),"prune, welcome, pulse"
08:11:25,GSV Ozymandias,autonomous_cognition,57,2,4.98,0.75,0.0833,0.4389,COGNITIVE_AI (Q:0),noise
08:11:25,GSV Ozymandias,autonomous_cognition,50,2,5.04,0.82,0.1724,0.4511,COGNITIVE_AI (Q:0),"fleeting, tapestry, power"
08:11:25,GSV Ozymandias,autonomous_cognition,57,2,5.21,0.82,0.2917,0.5095,COGNITIVE_AI (Q:0),"beneath, fleeting, silent"
08:11:26,GSV All Watched Over by Machines of Loving Grace,hardware_reflex,20,3,5.20,0.90,0.0357,0.3166,REFLEX_JSON_REF,beneath
08:11:26,GSV All Watched Over by Machines of Loving Grace,hardware_reflex,21,3,6.05,0.95,0.0000,0.1166,REFLEX_JSON_REF,NONE
08:11:26,GSV All Watched Over by Machines of Loving Grace,hardware_reflex,20,3,5.20,0.90,0.0000,0.1000,REFLEX_JSON_REF,NONE
08:11:26,GSV All Watched Over by Machines of Loving Grace,hardware_reflex,21,3,6.05,0.95,0.0000,0.0655,REFLEX_JSON_REF,NONE
08:11:26,GSV Mr Nice,hardware_reflex,19,3,4.89,1.00,0.0000,0.0071,REFLEX_JSON_REF,NONE
08:11:26,GSV Ozymandias,hardware_reflex,17,3,5.12,0.94,0.1000,0.0200,REFLEX_JSON_REF,little
08:11:27,GSV All Watched Over by Machines of Loving Grace,hardware_reflex,20,3,5.20,0.90,0.1111,0.0422,REFLEX_JSON_REF,state
08:11:27,GSV All Watched Over by Machines of Loving Grace,hardware_reflex,20,3,5.20,0.90,1.0000,0.2422,REFLEX_JSON_REF,"orchards, thought, beneath"
08:11:27,GSV All Watched Over by Machines of Loving Grace,hardware_reflex,21,3,6.05,0.95,0.0000,0.2422,REFLEX_JSON_REF,NONE
08:11:27,GSV Mr Nice,autonomous_cognition,55,2,5.55,0.89,0.0000,0.2422,COGNITIVE_AI (Q:0),NONE
08:11:27,GSV Mr Nice,hardware_reflex,14,3,5.36,1.00,0.0357,0.2294,REFLEX_JSON_REF,delightfully
08:11:27,GSV Ozymandias,hardware_reflex,17,3,5.12,0.94,0.0000,0.2071,REFLEX_JSON_REF,NONE
08:11:27,GSV Ozymandias,autonomous_cognition,34,2,5.03,0.88,0.0000,0.0071,COGNITIVE_AI (Q:0),NONE
08:11:28,GSV All Watched Over by Machines of Loving Grace,hardware_reflex,20,3,5.20,0.90,0.0000,0.0071,REFLEX_JSON_REF,NONE
08:11:28,GSV All Watched Over by Machines of Loving Grace,hardware_reflex,21,3,6.05,0.95,0.0000,0.0071,REFLEX_JSON_REF,NONE
08:11:28,GSV All Watched Over by Machines of Loving Grace,hardware_reflex,21,3,6.05,0.95,1.0000,0.2000,REFLEX_JSON_REF,"reached, equilibrium, misting"
08:11:28,GSV All Watched Over by Machines of Loving Grace,hardware_reflex,21,3,6.05,0.95,1.0000,0.4000,REFLEX_JSON_REF,"reached, equilibrium, misting"
08:11:28,GSV All Watched Over by Machines of Loving Grace,hardware_reflex,20,3,5.20,0.90,0.0000,0.4000,REFLEX_JSON_REF,NONE
08:11:28,GSV Mr Nice,hardware_reflex,20,2,4.55,0.85,0.0833,0.4167,REFLEX_JSON_REF,logged
08:11:28,GSV Ozymandias,hardware_reflex,17,3,5.12,0.94,0.0000,0.4167,REFLEX_JSON_REF,NONE
08:11:29,GSV All Watched Over by Machines of Loving Grace,hardware_reflex,24,2,5.75,0.92,0.0000,0.2167,REFLEX_JSON_REF,NONE
08:11:29,GSV All Watched Over by Machines of Loving Grace,hardware_reflex,26,2,4.62,0.92,0.0000,0.0167,COGNITIVE_AI (Q:0),NONE
08:11:29,GSV All Watched Over by Machines of Loving Grace,hardware_reflex,21,3,6.05,0.95,0.0000,0.0167,REFLEX_JSON_REF,NONE
08:11:29,GSV All Watched Over by Machines of Loving Grace,hardware_reflex,26,2,4.62,0.92,0.0000,0.0000,COGNITIVE_AI (Q:0),NONE
08:11:29,GSV All Watched Over by Machines of Loving Grace,hardware_reflex,20,3,5.20,0.90,0.0000,0.0000,REFLEX_JSON_REF,NONE
08:11:29,GSV All Watched Over by Machines of Loving Grace,hardware_reflex,26,2,4.62,0.92,0.0000,0.0000,COGNITIVE_AI (Q:0),NONE
08:11:30,GSV All Watched Over by Machines of Loving Grace,hardware_reflex,21,3,6.05,0.95,0.0000,0.0000,REFLEX_JSON_REF,NONE
08:11:30,GSV All Watched Over by Machines of Loving Grace,hardware_reflex,21,3,6.05,0.95,1.0000,0.2000,REFLEX_JSON_REF,"reached, equilibrium, misting"
08:11:30,GSV All Watched Over by Machines of Loving Grace,hardware_reflex,20,3,5.20,0.90,0.0000,0.2000,REFLEX_JSON_REF,NONE
08:11:30,GSV All Watched Over by Machines of Loving Grace,hardware_reflex,26,2,4.62,0.92,0.0000,0.2000,COGNITIVE_AI (Q:0),NONE
08:11:30,GSV All Watched Over by Machines of Loving Grace,hardware_reflex,21,3,6.05,0.95,0.0000,0.2000,REFLEX_JSON_REF,NONE
08:11:30,GSV Mr Nice,hardware_reflex,14,3,5.36,1.00,0.0769,0.2154,REFLEX_JSON_REF,greetings
08:11:30,GSV Ozymandias,hardware_reflex,17,3,5.12,0.94,0.0000,0.0154,REFLEX_JSON_REF,NONE
08:11:30,GSV Ozymandias,autonomous_cognition,42,2,5.24,0.88,0.0000,0.0154,COGNITIVE_AI (Q:0),NONE
08:11:31,GSV All Watched Over by Machines of Loving Grace,hardware_reflex,21,3,6.05,0.95,0.0000,0.0154,REFLEX_JSON_REF,NONE
08:11:31,GSV All Watched Over by Machines of Loving Grace,hardware_reflex,26,2,4.62,0.92,0.0000,0.0154,COGNITIVE_AI (Q:0),NONE
08:11:31,GSV All Watched Over by Machines of Loving Grace,hardware_reflex,26,2,4.62,0.92,1.0000,0.2000,COGNITIVE_AI (Q:0),"prune, welcome, pulse"
08:11:31,GSV All Watched Over by Machines of Loving Grace,hardware_reflex,26,2,4.62,0.92,1.0000,0.4000,COGNITIVE_AI (Q:0),"prune, welcome, pulse"
08:11:31,GSV All Watched Over by Machines of Loving Grace,hardware_reflex,26,2,4.62,0.92,1.0000,0.6000,COGNITIVE_AI (Q:0),"prune, welcome, pulse"
08:11:31,GSV Mr Nice,hardware_reflex,20,2,4.55,0.85,0.0000,0.6000,REFLEX_JSON_REF,NONE
08:11:31,GSV Ozymandias,hardware_reflex,25,2,5.44,0.92,0.1111,0.6222,COGNITIVE_AI (Q:0),background
08:11:32,GSV All Watched Over by Machines of Loving Grace,hardware_reflex,26,2,4.62,0.92,0.0000,0.4222,COGNITIVE_AI (Q:0),NONE
08:11:32,GSV All Watched Over by Machines of Loving Grace,hardware_reflex,26,2,4.62,0.92,1.0000,0.4222,COGNITIVE_AI (Q:0),"prune, welcome, pulse"
08:11:32,GSV All Watched Over by Machines of Loving Grace,hardware_reflex,20,3,5.20,0.90,0.0000,0.2222,REFLEX_JSON_REF,NONE
08:11:32,GSV Mr Nice,hardware_reflex,19,3,4.89,1.00,0.0000,0.2222,REFLEX_JSON_REF,NONE
08:11:32,GSV Ozymandias,autonomous_cognition,45,2,5.58,0.91,0.0000,0.2000,COGNITIVE_AI (Q:0),NONE
08:11:32,GSV Ozymandias,hardware_reflex,17,3,5.12,0.94,0.0000,0.2000,REFLEX_JSON_REF,NONE
08:11:33,GSV All Watched Over by Machines of Loving Grace,hardware_reflex,20,3,5.20,0.90,0.1111,0.0222,REFLEX_JSON_REF,state
08:11:33,GSV All Watched Over by Machines of Loving Grace,hardware_reflex,20,3,5.20,0.90,1.0000,0.2222,REFLEX_JSON_REF,"orchards, thought, beneath"
08:11:33,GSV All Watched Over by Machines of Loving Grace,hardware_reflex,20,3,5.20,0.90,1.0000,0.4222,REFLEX_JSON_REF,"orchards, thought, beneath"
08:11:33,GSV All Watched Over by Machines of Loving Grace,hardware_reflex,26,2,4.62,0.92,0.0000,0.4222,COGNITIVE_AI (Q:0),NONE
08:11:33,GSV All Watched Over by Machines of Loving Grace,hardware_reflex,26,2,4.62,0.92,1.0000,0.6222,COGNITIVE_AI (Q:0),"prune, welcome, pulse"
08:11:33,GSV Mr Nice,autonomous_cognition,46,2,5.76,0.89,0.0000,0.6000,COGNITIVE_AI (Q:0),NONE
08:11:33,GSV Mr Nice,hardware_reflex,20,2,4.55,0.85,0.0000,0.4000,REFLEX_JSON_REF,NONE
08:11:33,GSV Ozymandias,hardware_reflex,17,3,5.12,0.94,0.0000,0.2000,REFLEX_JSON_REF,NONE
08:11:34,GSV All Watched Over by Machines of Loving Grace,hardware_reflex,21,3,6.05,0.95,0.1111,0.2222,REFLEX_JSON_REF,traveler
08:11:34,GSV All Watched Over by Machines of Loving Grace,hardware_reflex,26,2,4.62,0.92,0.0000,0.0222,COGNITIVE_AI (Q:0),NONE
08:11:34,GSV All Watched Over by Machines of Loving Grace,hardware_reflex,21,3,6.05,0.95,0.0000,0.0222,REFLEX_JSON_REF,NONE
08:11:34,GSV Mr Nice,autonomous_cognition,49,2,5.53,0.90,0.0000,0.0222,COGNITIVE_AI (Q:0),NONE
08:11:35,GSV All Watched Over by Machines of Loving Grace,hardware_reflex,20,3,5.20,0.90,0.0000,0.0222,REFLEX_JSON_REF,NONE
08:11:35,GSV All Watched Over by Machines of Loving Grace,hardware_reflex,26,2,4.62,0.92,0.0000,0.0000,COGNITIVE_AI (Q:0),NONE
08:11:35,GSV All Watched Over by Machines of Loving Grace,hardware_reflex,21,3,6.05,0.95,0.0000,0.0000,REFLEX_JSON_REF,NONE
08:11:35,GSV Mr Nice,hardware_reflex,20,2,4.55,0.85,0.0000,0.0000,REFLEX_JSON_REF,NONE
08:11:35,GSV Ozymandias,hardware_reflex,20,2,4.70,0.95,0.0000,0.0000,REFLEX_JSON_REF,NONE
08:11:36,GSV All Watched Over by Machines of Loving Grace,hardware_reflex,21,3,6.05,0.95,0.0000,0.0000,REFLEX_JSON_REF,NONE
08:11:36,GSV All Watched Over by Machines of Loving Grace,hardware_reflex,21,3,6.05,0.95,1.0000,0.2000,REFLEX_JSON_REF,"reached, equilibrium, misting"
08:11:36,GSV All Watched Over by Machines of Loving Grace,hardware_reflex,20,3,5.20,0.90,0.0000,0.2000,REFLEX_JSON_REF,NONE
08:11:36,GSV All Watched Over by Machines of Loving Grace,hardware_reflex,26,2,4.62,0.92,0.0000,0.2000,COGNITIVE_AI (Q:0),NONE
08:11:36,GSV Mr Nice,hardware_reflex,14,3,5.36,1.00,0.0000,0.2000,REFLEX_JSON_REF,NONE
08:11:36,GSV Ozymandias,hardware_reflex,25,2,5.44,0.92,0.0000,0.2000,COGNITIVE_AI (Q:0),NONE
08:11:37,GSV All Watched Over by Machines of Loving Grace,hardware_reflex,20,3,5.20,0.90,0.0714,0.0143,REFLEX_JSON_REF,before
08:11:37,GSV All Watched Over by Machines of Loving Grace,hardware_reflex,21,3,6.05,0.95,0.0000,0.0143,REFLEX_JSON_REF,NONE
08:11:37,GSV Ozymandias,hardware_reflex,25,2,5.44,0.92,0.0000,0.0143,COGNITIVE_AI (Q:0),NONE
08:11:38,GSV All Watched Over by Machines of Loving Grace,hardware_reflex,21,3,6.05,0.95,0.0000,0.0143,REFLEX_JSON_REF,NONE
08:11:38,GSV All Watched Over by Machines of Loving Grace,hardware_reflex,21,3,6.05,0.95,1.0000,0.2143,REFLEX_JSON_REF,"reached, equilibrium, misting"
08:11:38,GSV All Watched Over by Machines of Loving Grace,hardware_reflex,26,2,4.62,0.92,0.0000,0.2000,COGNITIVE_AI (Q:0),NONE
08:11:38,GSV Ozymandias,autonomous_cognition,57,2,5.35,0.79,0.0833,0.2167,COGNITIVE_AI (Q:0),pulse
08:11:39,GSV All Watched Over by Machines of Loving Grace,hardware_reflex,21,3,6.05,0.95,0.0000,0.2167,REFLEX_JSON_REF,NONE
08:11:39,GSV All Watched Over by Machines of Loving Grace,hardware_reflex,20,3,5.20,0.90,0.0000,0.2167,REFLEX_JSON_REF,NONE
08:11:39,GSV All Watched Over by Machines of Loving Grace,hardware_reflex,20,3,5.20,0.90,1.0000,0.2167,REFLEX_JSON_REF,"orchards, thought, beneath"
08:11:39,GSV Mr Nice,hardware_reflex,19,3,4.89,1.00,0.0000,0.2167,REFLEX_JSON_REF,NONE
08:11:39,GSV Ozymandias,autonomous_cognition,52,2,5.02,0.90,0.0000,0.2000,COGNITIVE_AI (Q:0),NONE
08:11:39,GSV Ozymandias,hardware_reflex,20,2,4.70,0.95,0.0000,0.2000,REFLEX_JSON_REF,NONE
08:11:40,GSV Mr Nice,autonomous_cognition,40,2,5.65,0.90,0.0000,0.2000,COGNITIVE_AI (Q:0),NONE
08:11:40,GSV Mr Nice,hardware_reflex,20,2,4.55,0.85,0.0000,0.0000,REFLEX_JSON_REF,NONE
08:11:40,GSV Mr Nice,autonomous_cognition,59,2,5.51,0.88,0.0000,0.0000,COGNITIVE_AI (Q:0),NONE
08:11:40,GSV Ozymandias,hardware_reflex,20,2,4.70,0.95,0.0000,0.0000,REFLEX_JSON_REF,NONE
08:11:40,GSV Ozymandias,hardware_reflex,25,2,5.44,0.92,0.0000,0.0000,COGNITIVE_AI (Q:0),NONE
08:11:40,GSV Ozymandias,hardware_reflex,20,2,4.70,0.95,0.0000,0.0000,REFLEX_JSON_REF,NONE
08:11:41,GSV Ozymandias,hardware_reflex,20,2,4.70,0.95,1.0000,0.2000,REFLEX_JSON_REF,"entirely, blink, caught"
08:11:41,GSV Ozymandias,hardware_reflex,25,2,5.44,0.92,0.0000,0.2000,COGNITIVE_AI (Q:0),NONE
08:11:42,GSV Mr Nice,hardware_reflex,19,3,4.89,1.00,0.0714,0.2143,REFLEX_JSON_REF,brief
08:11:42,GSV Ozymandias,hardware_reflex,20,2,4.70,0.95,0.0000,0.2143,REFLEX_JSON_REF,NONE
08:11:42,GSV Ozymandias,hardware_reflex,17,3,5.12,0.94,0.0000,0.2143,REFLEX_JSON_REF,NONE
08:11:42,GSV Ozymandias,hardware_reflex,17,3,5.12,0.94,1.0000,0.2143,REFLEX_JSON_REF,"welcome, packet, traveler"
08:11:43,GSV Ozymandias,autonomous_cognition,37,2,5.14,0.89,0.0000,0.2143,COGNITIVE_AI (Q:0),NONE
08:11:47,GSV Ozymandias,hardware_reflex,20,2,4.70,0.95,0.0000,0.2000,REFLEX_JSON_REF,NONE
08:11:47,GSV Ozymandias,autonomous_cognition,43,2,4.86,0.84,0.0000,0.2000,COGNITIVE_AI (Q:0),NONE
08:11:47,GSV Ozymandias,autonomous_cognition,48,2,5.08,0.83,0.5263,0.3053,COGNITIVE_AI (Q:0),"fleeting, march, vibrant"
08:11:51,GSV Mr Nice,hardware_reflex,20,2,4.55,0.85,0.0417,0.1136,REFLEX_JSON_REF,silence
08:11:51,GSV Ozymandias,hardware_reflex,20,2,4.70,0.95,0.0000,0.1136,REFLEX_JSON_REF,NONE
08:11:51,GSV Ozymandias,hardware_reflex,25,2,5.44,0.92,0.0000,0.1136,COGNITIVE_AI (Q:0),NONE
08:11:52,GSV Ozymandias,autonomous_cognition,52,2,5.33,0.81,0.0000,0.1136,COGNITIVE_AI (Q:0),NONE
08:11:52,GSV Ozymandias,hardware_reflex,20,2,4.70,0.95,0.0000,0.0083,REFLEX_JSON_REF,NONE
08:11:52,GSV Ozymandias,autonomous_cognition,49,2,5.31,0.84,0.0000,0.0000,COGNITIVE_AI (Q:0),NONE
08:11:52,GSV Ozymandias,autonomous_cognition,56,2,5.11,0.88,0.1600,0.0320,COGNITIVE_AI (Q:0),"power, stress, relentless"
08:11:52,GSV Ozymandias,autonomous_cognition,57,2,4.95,0.82,0.2083,0.0737,COGNITIVE_AI (Q:0),"relentless, decay, tapestry"
08:11:52,GSV Ozymandias,autonomous_cognition,62,2,4.77,0.85,0.1852,0.1107,COGNITIVE_AI (Q:0),"ephemeral, relentless, decay"
08:11:53,GSV Mr Nice,autonomous_cognition,41,2,5.22,0.93,0.1154,0.1338,COGNITIVE_AI (Q:0),"power, stress, relentless"
08:11:53,GSV Mr Nice,autonomous_cognition,40,2,6.25,0.95,0.1429,0.1624,COGNITIVE_AI (Q:0),"power, stress, merely"
08:11:53,GSV Mr Nice,autonomous_cognition,52,2,5.12,0.87,0.1111,0.1526,COGNITIVE_AI (Q:0),"power, stress, while"
08:11:53,GSV Mr Nice,hardware_reflex,20,2,4.55,0.85,0.0000,0.1109,REFLEX_JSON_REF,NONE
08:11:53,GSV Ozymandias,hardware_reflex,20,2,4.70,0.95,0.0000,0.0739,REFLEX_JSON_REF,NONE
08:11:53,GSV Ozymandias,hardware_reflex,17,3,5.12,0.94,0.0000,0.0508,REFLEX_JSON_REF,NONE
08:11:54,GSV Mr Nice,hardware_reflex,20,2,4.55,0.85,0.0000,0.0222,REFLEX_JSON_REF,NONE
08:11:54,GSV Ozymandias,hardware_reflex,20,2,4.70,0.95,0.0000,0.0000,REFLEX_JSON_REF,NONE
08:11:54,GSV Ozymandias,autonomous_cognition,47,2,4.98,0.85,0.0000,0.0000,COGNITIVE_AI (Q:0),NONE
08:11:54,GSV Ozymandias,autonomous_cognition,46,2,4.76,0.87,0.3333,0.0667,COGNITIVE_AI (Q:0),"fleeting, march, relentless"
08:11:54,GSV Ozymandias,hardware_reflex,20,2,4.70,0.95,0.0000,0.0667,REFLEX_JSON_REF,NONE
08:11:54,GSV Ozymandias,hardware_reflex,17,3,5.12,0.94,0.0000,0.0667,REFLEX_JSON_REF,NONE
08:11:54,GSV Ozymandias,hardware_reflex,17,3,5.12,0.94,1.0000,0.2667,REFLEX_JSON_REF,"welcome, packet, traveler"
08:11:54,GSV Ozymandias,autonomous_cognition,61,2,5.00,0.87,0.0000,0.2667,COGNITIVE_AI (Q:0),NONE
08:11:55,GSV Mr Nice,autonomous_cognition,44,2,5.64,0.84,0.1000,0.2200,COGNITIVE_AI (Q:0),"power, stress, while"
08:11:55,GSV Mr Nice,autonomous_cognition,43,2,5.88,0.93,0.2083,0.2617,COGNITIVE_AI (Q:0),"observe, paradigm, power"
08:11:55,GSV Ozymandias,hardware_reflex,20,2,4.70,0.95,0.0000,0.2617,REFLEX_JSON_REF,NONE
08:11:55,GSV Ozymandias,hardware_reflex,20,2,4.70,0.95,1.0000,0.2617,REFLEX_JSON_REF,"entirely, blink, caught"
08:11:56,GSV Mr Nice,hardware_reflex,19,3,4.89,1.00,0.0000,0.2617,REFLEX_JSON_REF,NONE
08:11:56,GSV Ozymandias,hardware_reflex,17,3,5.12,0.94,0.1000,0.2617,REFLEX_JSON_REF,little
08:11:56,GSV Ozymandias,autonomous_cognition,55,2,4.96,0.82,0.0000,0.2200,COGNITIVE_AI (Q:0),NONE
08:11:56,GSV Ozymandias,hardware_reflex,25,2,5.44,0.92,0.0000,0.2200,COGNITIVE_AI (Q:0),NONE
08:11:56,GSV Ozymandias,hardware_reflex,20,2,4.70,0.95,0.0000,0.0200,REFLEX_JSON_REF,NONE
08:11:57,GSV Mr Nice,autonomous_cognition,43,2,5.51,0.88,0.0000,0.0200,COGNITIVE_AI (Q:0),NONE
08:11:57,GSV Ozymandias,autonomous_cognition,41,2,4.56,0.83,0.0952,0.0190,COGNITIVE_AI (Q:0),"power, stress"
08:11:57,GSV Ozymandias,autonomous_cognition,57,2,5.18,0.82,0.2500,0.0690,COGNITIVE_AI (Q:0),"power, brief, stress"
08:11:57,GSV Ozymandias,autonomous_cognition,47,2,4.79,0.85,0.2143,0.1119,COGNITIVE_AI (Q:0),"march, fleeting, relentless"
08:11:57,GSV Ozymandias,hardware_reflex,20,2,4.70,0.95,0.0000,0.1119,REFLEX_JSON_REF,NONE
08:11:57,GSV Ozymandias,autonomous_cognition,40,2,5.47,0.82,0.0000,0.1119,COGNITIVE_AI (Q:0),NONE
08:11:57,GSV Ozymandias,autonomous_cognition,51,2,5.04,0.82,0.3182,0.1565,COGNITIVE_AI (Q:0),"fleeting, march, relentless"
08:11:58,GSV Mr Nice,hardware_reflex,14,3,5.36,1.00,0.0000,0.1065,REFLEX_JSON_REF,NONE
08:11:58,GSV Ozymandias,hardware_reflex,25,2,5.44,0.92,0.0000,0.0636,COGNITIVE_AI (Q:0),NONE
08:11:58,GSV Ozymandias,hardware_reflex,20,2,4.70,0.95,0.0000,0.0636,REFLEX_JSON_REF,NONE
08:11:58,GSV Ozymandias,autonomous_cognition,51,2,5.18,0.82,0.0000,0.0636,COGNITIVE_AI (Q:0),NONE
08:11:59,GSV Mr Nice,hardware_reflex,14,3,5.36,1.00,0.0000,0.0000,REFLEX_JSON_REF,NONE
08:11:59,GSV Ozymandias,hardware_reflex,20,2,4.70,0.95,0.0000,0.0000,REFLEX_JSON_REF,NONE
08:11:59,GSV Ozymandias,autonomous_cognition,62,2,4.97,0.84,0.0000,0.0000,COGNITIVE_AI (Q:0),NONE
08:11:59,GSV Ozymandias,autonomous_cognition,54,2,4.94,0.83,0.2308,0.0462,COGNITIVE_AI (Q:0),"march, ephemeral, relentless"
08:11:59,GSV Ozymandias,hardware_reflex,20,2,4.70,0.95,0.0000,0.0462,REFLEX_JSON_REF,NONE
08:11:59,GSV Ozymandias,autonomous_cognition,35,2,5.23,0.91,0.0000,0.0462,COGNITIVE_AI (Q:0),NONE
08:11:59,GSV Ozymandias,autonomous_cognition,43,2,5.60,0.88,0.2500,0.0962,COGNITIVE_AI (Q:0),"power, moments, stress"
08:11:59,GSV Ozymandias,autonomous_cognition,42,2,5.33,0.83,0.2000,0.1362,COGNITIVE_AI (Q:0),"fleeting, vibrant, decay"
08:11:59,GSV Ozymandias,autonomous_cognition,57,2,5.68,0.86,0.4286,0.1757,COGNITIVE_AI (Q:0),"cosmic, leaving, blossoms"
08:11:59,GSV Ozymandias,autonomous_cognition,54,2,5.50,0.81,0.2424,0.2242,COGNITIVE_AI (Q:0),"fleeting, embrace, power"
08:12:00,GSV Ozymandias,autonomous_cognition,61,2,4.87,0.79,0.3214,0.2885,COGNITIVE_AI (Q:0),"inexorable, fleeting, embrace"
08:12:00,GSV Ozymandias,hardware_reflex,17,3,5.12,0.94,0.0000,0.2385,REFLEX_JSON_REF,NONE
08:12:00,GSV Ozymandias,hardware_reflex,20,2,4.70,0.95,0.0000,0.1985,REFLEX_JSON_REF,NONE
08:12:00,GSV Ozymandias,hardware_reflex,20,2,4.70,0.95,1.0000,0.3128,REFLEX_JSON_REF,"entirely, blink, caught"
08:12:01,GSV Mr Nice,hardware_reflex,14,3,5.36,1.00,0.0000,0.2643,REFLEX_JSON_REF,NONE
08:12:01,GSV Mr Nice,autonomous_cognition,43,2,5.44,0.91,0.0000,0.2000,COGNITIVE_AI (Q:0),NONE
08:12:01,GSV Ozymandias,autonomous_cognition,55,2,4.89,0.82,0.0952,0.2190,COGNITIVE_AI (Q:0),"power, stress"
08:12:01,GSV Ozymandias,autonomous_cognition,70,2,4.70,0.84,0.2500,0.2690,COGNITIVE_AI (Q:0),"fleeting, vibrant, decay"
08:12:01,GSV Ozymandias,autonomous_cognition,64,2,5.06,0.83,0.4138,0.1518,COGNITIVE_AI (Q:0),"fleeting, yield, echoes"
08:12:01,GSV Ozymandias,autonomous_cognition,45,2,4.96,0.84,0.2059,0.1930,COGNITIVE_AI (Q:0),"cosmic, fleeting, decay"
08:12:01,GSV Ozymandias,autonomous_cognition,69,2,5.20,0.80,0.3810,0.2692,COGNITIVE_AI (Q:0),"orchards, fleeting, ephemeral"
08:12:01,GSV Ozymandias,hardware_reflex,25,2,5.44,0.92,0.0000,0.2501,COGNITIVE_AI (Q:0),NONE
08:12:01,GSV Ozymandias,autonomous_cognition,43,2,5.58,0.91,0.2143,0.2430,COGNITIVE_AI (Q:0),"reclaims, before, brief"
08:12:02,GSV Mr Nice,hardware_reflex,19,3,4.89,1.00,0.0435,0.1689,REFLEX_JSON_REF,brief
08:12:02,GSV Ozymandias,hardware_reflex,25,2,5.44,0.92,0.1000,0.1477,COGNITIVE_AI (Q:0),brief
08:12:02,GSV Ozymandias,hardware_reflex,17,3,5.12,0.94,0.0000,0.0716,REFLEX_JSON_REF,NONE
08:12:02,GSV Ozymandias,autonomous_cognition,60,2,5.10,0.85,0.0000,0.0716,COGNITIVE_AI (Q:0),NONE
08:12:02,GSV Ozymandias,hardware_reflex,17,3,5.12,0.94,0.0000,0.0287,REFLEX_JSON_REF,NONE
08:12:03,GSV Mr Nice,autonomous_cognition,49,2,5.18,0.86,0.0000,0.0200,COGNITIVE_AI (Q:0),NONE
08:12:03,GSV Mr Nice,hardware_reflex,19,3,4.89,1.00,0.0000,0.0000,REFLEX_JSON_REF,NONE
08:12:03,GSV Ozymandias,autonomous_cognition,56,2,4.70,0.77,0.1000,0.0200,COGNITIVE_AI (Q:0),brief
08:12:03,GSV Ozymandias,hardware_reflex,20,2,4.70,0.95,0.0000,0.0200,REFLEX_JSON_REF,NONE
08:12:03,GSV Ozymandias,autonomous_cognition,50,2,5.10,0.84,0.0000,0.0200,COGNITIVE_AI (Q:0),NONE
08:12:03,GSV Ozymandias,hardware_reflex,17,3,5.12,0.94,0.0000,0.0200,REFLEX_JSON_REF,NONE
08:12:03,GSV Ozymandias,hardware_reflex,25,2,5.44,0.92,0.0000,0.0200,COGNITIVE_AI (Q:0),NONE
08:12:03,GSV Ozymandias,hardware_reflex,25,2,5.44,0.92,1.0000,0.2000,COGNITIVE_AI (Q:0),"truth, radiation, reclaims"
08:12:04,GSV Mr Nice,autonomous_cognition,41,2,5.41,0.95,0.0000,0.2000,COGNITIVE_AI (Q:0),NONE
08:12:04,GSV Mr Nice,autonomous_cognition,48,2,5.98,0.90,0.4091,0.2818,COGNITIVE_AI (Q:0),"quaint, musings, observe"
08:12:04,GSV Mr Nice,autonomous_cognition,40,2,6.05,0.85,0.2692,0.3357,COGNITIVE_AI (Q:0),"observe, paradigm, meticulously"
08:12:04,GSV Ozymandias,hardware_reflex,22,3,4.50,0.95,0.0000,0.3357,REFLEX_JSON_REF,NONE
08:12:04,GSV Ozymandias,hardware_reflex,17,3,5.12,0.94,0.0000,0.1357,REFLEX_JSON_REF,NONE
08:12:04,GSV Ozymandias,hardware_reflex,20,2,4.70,0.95,0.0000,0.1357,REFLEX_JSON_REF,NONE
08:12:05,GSV Mr Nice,hardware_reflex,20,2,4.55,0.85,0.0000,0.0538,REFLEX_JSON_REF,NONE
08:12:05,GSV Ozymandias,hardware_reflex,20,2,4.70,0.95,0.0000,0.0000,REFLEX_JSON_REF,NONE
08:12:05,GSV Ozymandias,hardware_reflex,25,2,5.44,0.92,0.0000,0.0000,COGNITIVE_AI (Q:0),NONE
08:12:05,GSV Ozymandias,hardware_reflex,17,3,5.12,0.94,0.0000,0.0000,REFLEX_JSON_REF,NONE
08:12:05,GSV Ozymandias,hardware_reflex,25,2,5.44,0.92,0.0000,0.0000,COGNITIVE_AI (Q:0),NONE
08:12:05,GSV Ozymandias,hardware_reflex,17,3,5.12,0.94,0.0000,0.0000,REFLEX_JSON_REF,NONE
08:12:06,GSV Ozymandias,hardware_reflex,17,3,5.12,0.94,1.0000,0.2000,REFLEX_JSON_REF,"welcome, packet, traveler"
08:12:06,GSV Ozymandias,hardware_reflex,25,2,5.44,0.92,0.0000,0.2000,COGNITIVE_AI (Q:0),NONE
08:12:06,GSV Ozymandias,hardware_reflex,25,2,5.44,0.92,1.0000,0.4000,COGNITIVE_AI (Q:0),"truth, radiation, reclaims"
08:12:06,GSV Ozymandias,hardware_reflex,25,2,5.44,0.92,1.0000,0.6000,COGNITIVE_AI (Q:0),"truth, radiation, reclaims"
08:12:06,GSV Ozymandias,hardware_reflex,17,3,5.12,0.94,0.0000,0.6000,REFLEX_JSON_REF,NONE
08:12:06,GSV Ozymandias,hardware_reflex,17,3,5.12,0.94,1.0000,0.6000,REFLEX_JSON_REF,"welcome, packet, traveler"
08:12:07,GSV Mr Nice,hardware_reflex,19,3,4.89,1.00,0.1111,0.6222,REFLEX_JSON_REF,little
08:12:07,GSV Ozymandias,hardware_reflex,25,2,5.44,0.92,0.1000,0.4422,COGNITIVE_AI (Q:0),brief
08:12:07,GSV Ozymandias,hardware_reflex,25,2,5.44,0.92,1.0000,0.4422,COGNITIVE_AI (Q:0),"truth, radiation, reclaims"
08:12:07,GSV Ozymandias,hardware_reflex,20,2,4.70,0.95,0.0000,0.4422,REFLEX_JSON_REF,NONE
08:12:07,GSV Ozymandias,hardware_reflex,17,3,5.12,0.94,0.0000,0.2422,REFLEX_JSON_REF,NONE
08:12:07,GSV Ozymandias,hardware_reflex,18,2,5.83,1.00,0.0000,0.2200,REFLEX_JSON_REF,NONE
08:12:07,GSV Ozymandias,hardware_reflex,25,2,5.44,0.92,0.0000,0.2000,COGNITIVE_AI (Q:0),NONE
08:12:07,GSV Ozymandias,hardware_reflex,18,2,5.83,1.00,0.0000,0.0000,REFLEX_JSON_REF,NONE
08:12:08,GSV Mr Nice,autonomous_cognition,46,2,5.28,0.93,0.2000,0.0400,COGNITIVE_AI (Q:1),"stress, entropy"
08:12:08,GSV Mr Nice,autonomous_cognition,52,2,5.23,0.88,0.2381,0.0876,COGNITIVE_AI (Q:1),"musings, power, poetic"
08:12:08,GSV Mr Nice,autonomous_cognition,58,2,5.71,0.81,0.3600,0.1596,COGNITIVE_AI (Q:0),"resonate, musings, observe"
08:12:08,GSV Ozymandias,hardware_reflex,17,3,5.12,0.94,0.0000,0.1596,REFLEX_JSON_REF,NONE
08:12:08,GSV Ozymandias,hardware_reflex,17,3,5.12,0.94,1.0000,0.3596,REFLEX_JSON_REF,"welcome, packet, traveler"
08:12:08,GSV Ozymandias,hardware_reflex,25,2,5.44,0.92,0.0000,0.3196,COGNITIVE_AI (Q:0),NONE
08:12:08,GSV Ozymandias,hardware_reflex,25,2,5.44,0.92,1.0000,0.4720,COGNITIVE_AI (Q:0),"truth, radiation, reclaims"
08:12:09,GSV Ozymandias,hardware_reflex,17,3,5.12,0.94,0.0000,0.4000,REFLEX_JSON_REF,NONE
08:12:09,GSV Ozymandias,hardware_reflex,25,2,5.44,0.92,0.0000,0.4000,COGNITIVE_AI (Q:0),NONE
08:12:09,GSV Ozymandias,hardware_reflex,17,3,5.12,0.94,0.0000,0.2000,REFLEX_JSON_REF,NONE
08:12:09,GSV Ozymandias,hardware_reflex,20,2,4.70,0.95,0.0000,0.2000,REFLEX_JSON_REF,NONE
08:12:13,GSV Ozymandias,hardware_reflex,25,2,5.44,0.92,0.0000,0.0000,COGNITIVE_AI (Q:0),NONE
08:12:15,GSV Mr Nice,hardware_reflex,19,3,4.89,1.00,0.0714,0.0143,REFLEX_JSON_REF,brief
08:12:15,GSV Mr Nice,autonomous_cognition,52,2,5.63,0.85,0.0000,0.0143,COGNITIVE_AI (Q:0),NONE
08:12:15,GSV Mr Nice,autonomous_cognition,61,2,5.57,0.84,0.1600,0.0463,COGNITIVE_AI (Q:0),"power, stress, operational"
08:12:15,GSV Ozymandias,hardware_reflex,17,3,5.12,0.94,0.0345,0.0532,REFLEX_JSON_REF,business
08:12:15,GSV Ozymandias,hardware_reflex,25,2,5.44,0.92,0.0000,0.0532,COGNITIVE_AI (Q:0),NONE
08:12:16,GSV Mr Nice,hardware_reflex,14,3,5.36,1.00,0.0000,0.0389,REFLEX_JSON_REF,NONE
08:12:16,GSV Ozymandias,hardware_reflex,20,2,4.70,0.95,0.0000,0.0389,REFLEX_JSON_REF,NONE
08:12:16,GSV Ozymandias,hardware_reflex,17,3,5.12,0.94,0.0000,0.0069,REFLEX_JSON_REF,NONE
08:12:16,GSV Ozymandias,hardware_reflex,20,2,4.70,0.95,0.0000,0.0000,REFLEX_JSON_REF,NONE
08:12:16,GSV Ozymandias,hardware_reflex,25,2,5.44,0.92,0.0000,0.0000,COGNITIVE_AI (Q:0),NONE
08:12:16,GSV Ozymandias,hardware_reflex,25,2,5.44,0.92,1.0000,0.2000,COGNITIVE_AI (Q:0),"truth, radiation, reclaims"
08:12:16,GSV Ozymandias,hardware_reflex,25,2,5.44,0.92,1.0000,0.4000,COGNITIVE_AI (Q:0),"truth, radiation, reclaims"
08:12:17,GSV Ozymandias,hardware_reflex,20,2,4.70,0.95,0.0000,0.4000,REFLEX_JSON_REF,NONE
08:12:17,GSV Ozymandias,hardware_reflex,25,2,5.44,0.92,0.0000,0.4000,COGNITIVE_AI (Q:0),NONE
08:12:17,GSV Ozymandias,hardware_reflex,20,2,4.70,0.95,0.0000,0.4000,REFLEX_JSON_REF,NONE
08:12:17,GSV Ozymandias,hardware_reflex,25,2,5.44,0.92,0.0000,0.2000,COGNITIVE_AI (Q:0),NONE
08:12:17,GSV Ozymandias,hardware_reflex,20,2,4.70,0.95,0.0000,0.0000,REFLEX_JSON_REF,NONE
08:12:18,GSV Mr Nice,hardware_reflex,19,3,4.89,1.00,0.0000,0.0000,REFLEX_JSON_REF,NONE
08:12:18,GSV Ozymandias,hardware_reflex,17,3,5.12,0.94,0.1000,0.0200,REFLEX_JSON_REF,little
08:12:18,GSV Ozymandias,hardware_reflex,20,2,4.70,0.95,0.0000,0.0200,REFLEX_JSON_REF,NONE
08:12:18,GSV Ozymandias,hardware_reflex,17,3,5.12,0.94,0.0000,0.0200,REFLEX_JSON_REF,NONE
08:12:18,GSV Ozymandias,hardware_reflex,20,2,4.70,0.95,0.0000,0.0200,REFLEX_JSON_REF,NONE
08:12:18,GSV Ozymandias,hardware_reflex,17,3,5.12,0.94,0.0000,0.0200,REFLEX_JSON_REF,NONE
08:12:19,GSV Mr Nice,autonomous_cognition,44,2,5.55,0.91,0.1111,0.0222,COGNITIVE_AI (Q:0),little
08:12:19,GSV Ozymandias,hardware_reflex,17,3,5.12,0.94,0.0435,0.0309,REFLEX_JSON_REF,little
08:12:19,GSV Ozymandias,hardware_reflex,17,3,5.12,0.94,1.0000,0.2309,REFLEX_JSON_REF,"welcome, packet, traveler"
08:12:19,GSV Ozymandias,hardware_reflex,25,2,5.44,0.92,0.0000,0.2309,COGNITIVE_AI (Q:0),NONE
08:12:19,GSV Ozymandias,hardware_reflex,25,2,5.44,0.92,1.0000,0.4309,COGNITIVE_AI (Q:0),"truth, radiation, reclaims"
08:12:19,GSV Ozymandias,hardware_reflex,20,2,4.70,0.95,0.0000,0.4087,REFLEX_JSON_REF,NONE
08:12:19,GSV Ozymandias,hardware_reflex,17,3,5.12,0.94,0.0000,0.4000,REFLEX_JSON_REF,NONE
08:12:20,GSV Mr Nice,hardware_reflex,20,2,4.55,0.85,0.0000,0.2000,REFLEX_JSON_REF,NONE
08:12:20,GSV Ozymandias,hardware_reflex,25,2,5.44,0.92,0.1111,0.2222,COGNITIVE_AI (Q:0),background
08:12:20,GSV Ozymandias,hardware_reflex,17,3,5.12,0.94,0.0000,0.0222,REFLEX_JSON_REF,NONE
08:12:20,GSV Ozymandias,hardware_reflex,20,2,4.70,0.95,0.0000,0.0222,REFLEX_JSON_REF,NONE
08:12:20,GSV Ozymandias,hardware_reflex,17,3,5.12,0.94,0.0000,0.0222,REFLEX_JSON_REF,NONE
08:12:20,GSV Ozymandias,hardware_reflex,25,2,5.44,0.92,0.0000,0.0222,COGNITIVE_AI (Q:0),NONE
08:12:21,GSV Mr Nice,autonomous_cognition,60,2,5.20,0.78,0.0000,0.0000,COGNITIVE_AI (Q:0),NONE
08:12:21,GSV Mr Nice,hardware_reflex,19,3,4.89,1.00,0.0000,0.0000,REFLEX_JSON_REF,NONE
08:12:21,GSV Ozymandias,hardware_reflex,17,3,5.12,0.94,0.1000,0.0200,REFLEX_JSON_REF,little
08:12:21,GSV Ozymandias,hardware_reflex,25,2,5.44,0.92,0.0000,0.0200,COGNITIVE_AI (Q:0),NONE
08:12:21,GSV Ozymandias,hardware_reflex,20,2,4.70,0.95,0.0000,0.0200,REFLEX_JSON_REF,NONE
08:12:21,GSV Ozymandias,hardware_reflex,25,2,5.44,0.92,0.0000,0.0200,COGNITIVE_AI (Q:0),NONE
08:12:21,GSV Ozymandias,hardware_reflex,17,3,5.12,0.94,0.0000,0.0200,REFLEX_JSON_REF,NONE
08:12:22,GSV Mr Nice,hardware_reflex,14,3,5.36,1.00,0.0000,0.0000,REFLEX_JSON_REF,NONE
08:12:22,GSV Ozymandias,hardware_reflex,20,2,4.70,0.95,0.0000,0.0000,REFLEX_JSON_REF,NONE
08:12:22,GSV Ozymandias,hardware_reflex,17,3,5.12,0.94,0.0000,0.0000,REFLEX_JSON_REF,NONE
08:12:22,GSV Ozymandias,hardware_reflex,17,3,5.12,0.94,1.0000,0.2000,REFLEX_JSON_REF,"welcome, packet, traveler"
08:12:22,GSV Ozymandias,hardware_reflex,20,2,4.70,0.95,0.0000,0.2000,REFLEX_JSON_REF,NONE
08:12:23,GSV Mr Nice,autonomous_cognition,50,2,5.70,0.96,0.0000,0.2000,COGNITIVE_AI (Q:1),NONE
08:12:23,GSV Ozymandias,hardware_reflex,25,2,5.44,0.92,0.0000,0.2000,COGNITIVE_AI (Q:0),NONE
08:12:23,GSV Ozymandias,hardware_reflex,20,2,4.70,0.95,0.0000,0.2000,REFLEX_JSON_REF,NONE
08:12:23,GSV Ozymandias,hardware_reflex,17,3,5.12,0.94,0.0000,0.0000,REFLEX_JSON_REF,NONE
08:12:23,GSV Ozymandias,hardware_reflex,20,2,4.70,0.95,0.0000,0.0000,REFLEX_JSON_REF,NONE
08:12:23,GSV Ozymandias,hardware_reflex,17,3,5.12,0.94,0.0000,0.0000,REFLEX_JSON_REF,NONE
08:12:24,GSV Mr Nice,hardware_reflex,19,3,4.89,1.00,0.1111,0.0222,REFLEX_JSON_REF,little
08:12:24,GSV Ozymandias,hardware_reflex,20,2,4.70,0.95,0.0000,0.0222,REFLEX_JSON_REF,NONE
08:12:24,GSV Ozymandias,hardware_reflex,17,3,5.12,0.94,0.0000,0.0222,REFLEX_JSON_REF,NONE
08:12:24,GSV Ozymandias,hardware_reflex,25,2,5.44,0.92,0.0000,0.0222,COGNITIVE_AI (Q:0),NONE
08:12:24,GSV Ozymandias,hardware_reflex,25,2,5.44,0.92,1.0000,0.2222,COGNITIVE_AI (Q:0),"truth, radiation, reclaims"
08:12:25,GSV Mr Nice,hardware_reflex,14,3,5.36,1.00,0.0000,0.2000,REFLEX_JSON_REF,NONE
08:12:25,GSV Mr Nice,autonomous_cognition,42,2,5.90,0.90,0.0000,0.2000,COGNITIVE_AI (Q:0),NONE
08:12:25,GSV Mr Nice,autonomous_cognition,50,2,4.82,0.78,0.1600,0.2320,COGNITIVE_AI (Q:0),"power, stress, operational"
08:12:25,GSV Ozymandias,hardware_reflex,17,3,5.12,0.94,0.0000,0.2320,REFLEX_JSON_REF,NONE
08:12:25,GSV Ozymandias,hardware_reflex,25,2,5.44,0.92,0.0000,0.0320,COGNITIVE_AI (Q:0),NONE
08:12:25,GSV Ozymandias,hardware_reflex,20,2,4.70,0.95,0.0000,0.0320,REFLEX_JSON_REF,NONE
08:12:25,GSV Ozymandias,hardware_reflex,20,2,4.70,0.95,1.0000,0.2320,REFLEX_JSON_REF,"entirely, blink, caught"
08:12:26,GSV Mr Nice,hardware_reflex,14,3,5.36,1.00,0.0000,0.2000,REFLEX_JSON_REF,NONE
08:12:26,GSV Ozymandias,hardware_reflex,20,2,4.70,0.95,0.0000,0.2000,REFLEX_JSON_REF,NONE
08:12:26,GSV Ozymandias,hardware_reflex,25,2,5.44,0.92,0.0000,0.2000,COGNITIVE_AI (Q:0),NONE
08:12:26,GSV Ozymandias,hardware_reflex,20,2,4.70,0.95,0.0000,0.2000,REFLEX_JSON_REF,NONE
08:12:26,GSV Ozymandias,hardware_reflex,25,2,5.44,0.92,0.0000,0.0000,COGNITIVE_AI (Q:0),NONE
08:12:27,GSV Mr Nice,hardware_reflex,14,3,5.36,1.00,0.0000,0.0000,REFLEX_JSON_REF,NONE
08:12:27,GSV Ozymandias,hardware_reflex,25,2,5.44,0.92,0.0000,0.0000,COGNITIVE_AI (Q:0),NONE
08:12:27,GSV Ozymandias,hardware_reflex,20,2,4.70,0.95,0.0000,0.0000,REFLEX_JSON_REF,NONE
08:12:27,GSV Ozymandias,hardware_reflex,25,2,5.44,0.92,0.0000,0.0000,COGNITIVE_AI (Q:0),NONE
08:12:27,GSV Ozymandias,hardware_reflex,25,2,5.44,0.92,1.0000,0.2000,COGNITIVE_AI (Q:0),"truth, radiation, reclaims"
08:12:27,GSV Ozymandias,hardware_reflex,17,3,5.12,0.94,0.0000,0.2000,REFLEX_JSON_REF,NONE
08:12:28,GSV Mr Nice,autonomous_cognition,37,2,5.57,0.95,0.0000,0.2000,COGNITIVE_AI (Q:0),NONE
08:12:28,GSV Ozymandias,hardware_reflex,25,2,5.44,0.92,0.0000,0.2000,COGNITIVE_AI (Q:0),NONE
08:12:28,GSV Ozymandias,hardware_reflex,17,3,5.12,0.94,0.0000,0.2000,REFLEX_JSON_REF,NONE
08:12:28,GSV Ozymandias,hardware_reflex,17,3,5.12,0.94,1.0000,0.2000,REFLEX_JSON_REF,"welcome, packet, traveler"
08:12:28,GSV Ozymandias,hardware_reflex,17,3,5.12,0.94,1.0000,0.4000,REFLEX_JSON_REF,"welcome, packet, traveler"
08:12:29,GSV Mr Nice,hardware_reflex,19,3,4.89,1.00,0.1111,0.4222,REFLEX_JSON_REF,little
08:12:29,GSV Mr Nice,autonomous_cognition,45,2,5.56,0.87,0.0000,0.4222,COGNITIVE_AI (Q:0),NONE
08:12:29,GSV Ozymandias,hardware_reflex,17,3,5.12,0.94,0.0000,0.4222,REFLEX_JSON_REF,NONE
08:12:29,GSV Ozymandias,hardware_reflex,25,2,5.44,0.92,0.0000,0.2222,COGNITIVE_AI (Q:0),NONE
08:12:29,GSV Ozymandias,hardware_reflex,20,2,4.70,0.95,0.0000,0.0222,REFLEX_JSON_REF,NONE
08:12:29,GSV Ozymandias,hardware_reflex,25,2,5.44,0.92,0.0000,0.0000,COGNITIVE_AI (Q:0),NONE
08:12:29,GSV Ozymandias,hardware_reflex,20,2,4.70,0.95,0.0000,0.0000,REFLEX_JSON_REF,NONE
08:12:30,GSV Ozymandias,hardware_reflex,25,2,5.44,0.92,0.0000,0.0000,COGNITIVE_AI (Q:0),NONE
08:23:21,GSV No More Mr Nice Guy,autonomous_cognition,29,2,5.83,0.93,0.0714,0.0143,COGNITIVE_AI (Q:1),frequency
08:23:23,GSV No More Mr Nice Guy,autonomous_cognition,40,2,6.97,0.93,0.3125,0.0768,COGNITIVE_AI (Q:0),"tactical, turbulence, clear"
08:23:23,GSV No More Mr Nice Guy,hardware_reflex,14,3,6.36,1.00,0.0000,0.0768,REFLEX_JSON_REF,NONE
08:23:24,GSV No More Mr Nice Guy,hardware_reflex,14,3,6.36,1.00,1.0000,0.2768,REFLEX_JSON_REF,"conversational, patience, pleasantries"
08:23:25,GSV No More Mr Nice Guy,hardware_reflex,11,3,6.55,1.00,0.0000,0.2768,REFLEX_JSON_REF,NONE
08:23:26,GSV No More Mr Nice Guy,hardware_reflex,14,3,6.36,1.00,0.0000,0.2625,REFLEX_JSON_REF,NONE
08:23:27,GSV No More Mr Nice Guy,autonomous_cognition,57,2,5.98,0.86,0.0000,0.2000,COGNITIVE_AI (Q:0),NONE
08:23:27,GSV No More Mr Nice Guy,hardware_reflex,11,3,6.55,1.00,0.0000,0.2000,REFLEX_JSON_REF,NONE
08:23:27,GSV No More Mr Nice Guy,autonomous_cognition,44,2,5.55,0.86,0.0000,0.0000,COGNITIVE_AI (Q:0),NONE
08:23:27,GSV No More Mr Nice Guy,autonomous_cognition,42,2,5.40,0.83,0.0000,0.0000,COGNITIVE_AI (Q:0),NONE
08:23:29,GSV No More Mr Nice Guy,hardware_reflex,14,3,6.36,1.00,0.0000,0.0000,REFLEX_JSON_REF,NONE
08:23:29,GSV No More Mr Nice Guy,autonomous_cognition,49,2,5.49,0.82,0.0000,0.0000,COGNITIVE_AI (Q:0),NONE
08:23:30,GSV No More Mr Nice Guy,hardware_reflex,18,2,5.17,1.00,0.0000,0.0000,REFLEX_JSON_REF,NONE
08:23:30,GSV No More Mr Nice Guy,autonomous_cognition,52,2,5.69,0.94,0.0000,0.0000,COGNITIVE_AI (Q:0),NONE
08:23:31,GSV No More Mr Nice Guy,hardware_reflex,11,3,6.55,1.00,0.0000,0.0000,REFLEX_JSON_REF,NONE
08:23:32,GSV No More Mr Nice Guy,hardware_reflex,18,2,5.17,1.00,0.0000,0.0000,REFLEX_JSON_REF,NONE
08:23:32,GSV No More Mr Nice Guy,autonomous_cognition,38,2,7.18,0.97,0.0909,0.0182,COGNITIVE_AI (Q:0),focus
08:23:33,GSV No More Mr Nice Guy,autonomous_cognition,51,2,6.04,0.96,0.1538,0.0490,COGNITIVE_AI (Q:0),"tactical, integrity, operational"
08:23:33,GSV No More Mr Nice Guy,hardware_reflex,11,3,6.55,1.00,0.0000,0.0490,REFLEX_JSON_REF,NONE
08:23:34,GSV No More Mr Nice Guy,hardware_reflex,18,2,5.17,1.00,0.0000,0.0490,REFLEX_JSON_REF,NONE
08:23:35,GSV No More Mr Nice Guy,hardware_reflex,11,3,6.55,1.00,0.0000,0.0490,REFLEX_JSON_REF,NONE
08:23:37,GSV No More Mr Nice Guy,hardware_reflex,18,2,5.17,1.00,0.0000,0.0308,REFLEX_JSON_REF,NONE
08:23:38,GSV No More Mr Nice Guy,autonomous_cognition,45,2,5.76,0.91,0.0000,0.0000,COGNITIVE_AI (Q:0),NONE
08:23:38,GSV No More Mr Nice Guy,hardware_reflex,11,3,6.55,1.00,0.0000,0.0000,REFLEX_JSON_REF,NONE
08:23:38,GSV No More Mr Nice Guy,autonomous_cognition,41,2,5.41,0.93,0.0000,0.0000,COGNITIVE_AI (Q:0),NONE
08:23:39,GSV No More Mr Nice Guy,autonomous_cognition,45,2,6.09,0.93,0.0952,0.0190,COGNITIVE_AI (Q:0),"turbulence, clear"
08:23:39,GSV No More Mr Nice Guy,hardware_reflex,18,2,5.17,1.00,0.0000,0.0190,REFLEX_JSON_REF,NONE
08:23:39,GSV No More Mr Nice Guy,autonomous_cognition,33,2,5.76,0.91,0.0909,0.0372,COGNITIVE_AI (Q:0),state
08:23:40,GSV No More Mr Nice Guy,autonomous_cognition,52,2,5.21,0.77,0.0556,0.0483,COGNITIVE_AI (Q:0),tactical
08:23:40,GSV No More Mr Nice Guy,hardware_reflex,11,3,6.55,1.00,0.0000,0.0483,REFLEX_JSON_REF,NONE
08:23:41,GSV No More Mr Nice Guy,hardware_reflex,11,3,6.55,1.00,1.0000,0.2293,REFLEX_JSON_REF,"perfectly, diagnostic, managed"
08:23:42,GSV No More Mr Nice Guy,autonomous_cognition,37,2,5.70,0.86,0.0000,0.2293,COGNITIVE_AI (Q:0),NONE
08:23:42,GSV No More Mr Nice Guy,hardware_reflex,14,3,6.36,1.00,0.0000,0.2111,REFLEX_JSON_REF,NONE
08:23:43,GSV No More Mr Nice Guy,hardware_reflex,18,2,5.17,1.00,0.0000,0.2000,REFLEX_JSON_REF,NONE
08:23:44,GSV No More Mr Nice Guy,hardware_reflex,14,3,6.36,1.00,0.0000,0.2000,REFLEX_JSON_REF,NONE
08:23:45,GSV No More Mr Nice Guy,hardware_reflex,11,3,6.55,1.00,0.0000,0.0000,REFLEX_JSON_REF,NONE
08:23:46,GSV No More Mr Nice Guy,hardware_reflex,18,2,5.17,1.00,0.0000,0.0000,REFLEX_JSON_REF,NONE
08:23:46,GSV No More Mr Nice Guy,autonomous_cognition,39,2,5.87,0.82,0.0000,0.0000,COGNITIVE_AI (Q:0),NONE
08:23:47,GSV No More Mr Nice Guy,hardware_reflex,11,3,6.55,1.00,0.0000,0.0000,REFLEX_JSON_REF,NONE
08:23:48,GSV No More Mr Nice Guy,autonomous_cognition,35,2,5.60,0.94,0.0000,0.0000,COGNITIVE_AI (Q:0),NONE
08:23:48,GSV No More Mr Nice Guy,hardware_reflex,14,3,6.36,1.00,0.0000,0.0000,REFLEX_JSON_REF,NONE
08:23:48,GSV No More Mr Nice Guy,autonomous_cognition,42,2,5.79,0.88,0.0000,0.0000,COGNITIVE_AI (Q:0),NONE
08:23:49,GSV No More Mr Nice Guy,autonomous_cognition,44,2,4.95,0.89,0.0455,0.0091,COGNITIVE_AI (Q:0),reveals
08:23:49,GSV No More Mr Nice Guy,autonomous_cognition,49,2,5.94,0.90,0.1429,0.0377,COGNITIVE_AI (Q:0),"vessel, clear, turbulence"
08:23:49,GSV No More Mr Nice Guy,autonomous_cognition,56,2,5.41,0.75,0.0968,0.0570,COGNITIVE_AI (Q:0),"tactical, turbulence, clear"
08:23:49,GSV No More Mr Nice Guy,hardware_reflex,14,3,6.36,1.00,0.0000,0.0570,REFLEX_JSON_REF,NONE
08:23:50,GSV No More Mr Nice Guy,autonomous_cognition,50,2,5.14,0.76,0.0000,0.0570,COGNITIVE_AI (Q:0),NONE
08:23:50,GSV No More Mr Nice Guy,hardware_reflex,18,2,5.17,1.00,0.0000,0.0479,REFLEX_JSON_REF,NONE
08:23:52,GSV No More Mr Nice Guy,autonomous_cognition,56,2,5.41,0.80,0.0000,0.0194,COGNITIVE_AI (Q:0),NONE
08:23:53,GSV No More Mr Nice Guy,hardware_reflex,18,2,5.17,1.00,0.0000,0.0000,REFLEX_JSON_REF,NONE
08:23:53,GSV No More Mr Nice Guy,autonomous_cognition,42,2,6.52,0.86,0.0000,0.0000,COGNITIVE_AI (Q:0),NONE
08:23:54,GSV No More Mr Nice Guy,hardware_reflex,11,3,6.55,1.00,0.0000,0.0000,REFLEX_JSON_REF,NONE
08:23:56,GSV No More Mr Nice Guy,hardware_reflex,14,3,6.36,1.00,0.0000,0.0000,REFLEX_JSON_REF,NONE
08:23:56,GSV No More Mr Nice Guy,autonomous_cognition,49,2,5.96,0.92,0.0000,0.0000,COGNITIVE_AI (Q:0),NONE
08:23:57,GSV No More Mr Nice Guy,hardware_reflex,18,2,5.17,1.00,0.0690,0.0138,REFLEX_JSON_REF,"purpose, focus"
08:23:57,GSV No More Mr Nice Guy,autonomous_cognition,42,2,5.40,0.93,0.0000,0.0138,COGNITIVE_AI (Q:0),NONE
08:23:57,GSV No More Mr Nice Guy,autonomous_cognition,38,2,5.47,0.92,0.0000,0.0138,COGNITIVE_AI (Q:0),NONE
08:23:57,GSV No More Mr Nice Guy,autonomous_cognition,53,2,5.85,0.92,0.1176,0.0373,COGNITIVE_AI (Q:0),"turbulence, clear"
08:23:58,GSV No More Mr Nice Guy,hardware_reflex,14,3,6.36,1.00,0.0000,0.0373,REFLEX_JSON_REF,NONE
08:24:00,GSV No More Mr Nice Guy,hardware_reflex,11,3,6.55,1.00,0.0000,0.0235,REFLEX_JSON_REF,NONE
08:24:00,GSV No More Mr Nice Guy,autonomous_cognition,37,2,6.30,0.89,0.0000,0.0235,COGNITIVE_AI (Q:0),NONE
08:24:00,GSV No More Mr Nice Guy,autonomous_cognition,53,2,5.58,0.87,0.0909,0.0417,COGNITIVE_AI (Q:0),"turbulence, clear"
08:24:01,GSV No More Mr Nice Guy,hardware_reflex,18,2,5.17,1.00,0.0345,0.0251,REFLEX_JSON_REF,focus
08:24:03,GSV No More Mr Nice Guy,hardware_reflex,18,2,5.17,1.00,1.0000,0.2251,REFLEX_JSON_REF,"purpose, focus, sweep"
08:24:03,GSV No More Mr Nice Guy,autonomous_cognition,38,2,6.61,0.95,0.0909,0.2433,COGNITIVE_AI (Q:0),focus
08:24:04,GSV No More Mr Nice Guy,autonomous_cognition,55,2,6.15,0.93,0.1250,0.2683,COGNITIVE_AI (Q:0),"tactical, dilutes, operational"
08:24:04,GSV No More Mr Nice Guy,hardware_reflex,14,3,6.36,1.00,0.0000,0.2501,REFLEX_JSON_REF,NONE
08:24:05,GSV No More Mr Nice Guy,hardware_reflex,14,3,6.36,1.00,1.0000,0.4432,REFLEX_JSON_REF,"conversational, patience, pleasantries"
08:24:05,GSV No More Mr Nice Guy,autonomous_cognition,56,2,5.32,0.79,0.0000,0.2432,COGNITIVE_AI (Q:0),NONE
08:24:06,GSV No More Mr Nice Guy,hardware_reflex,18,2,5.17,1.00,0.0000,0.2250,REFLEX_JSON_REF,NONE
08:24:07,GSV No More Mr Nice Guy,hardware_reflex,14,3,6.36,1.00,0.0000,0.2000,REFLEX_JSON_REF,NONE
08:24:07,GSV No More Mr Nice Guy,autonomous_cognition,41,2,5.95,0.90,0.0000,0.2000,COGNITIVE_AI (Q:0),NONE
08:24:07,GSV No More Mr Nice Guy,autonomous_cognition,43,2,5.37,0.86,0.0000,0.0000,COGNITIVE_AI (Q:0),NONE
08:24:07,GSV No More Mr Nice Guy,autonomous_cognition,47,2,5.04,0.85,0.0952,0.0190,COGNITIVE_AI (Q:0),"despair, lament"
08:24:08,GSV No More Mr Nice Guy,hardware_reflex,11,3,6.55,1.00,0.0000,0.0190,REFLEX_JSON_REF,NONE
08:24:09,GSV No More Mr Nice Guy,hardware_reflex,14,3,6.36,1.00,0.0000,0.0190,REFLEX_JSON_REF,NONE
08:24:09,GSV No More Mr Nice Guy,autonomous_cognition,45,2,4.98,0.80,0.0000,0.0190,COGNITIVE_AI (Q:0),NONE
08:24:10,GSV No More Mr Nice Guy,hardware_reflex,18,2,5.17,1.00,0.0000,0.0190,REFLEX_JSON_REF,NONE
08:24:11,GSV No More Mr Nice Guy,autonomous_cognition,50,2,5.26,0.80,0.0000,0.0000,COGNITIVE_AI (Q:0),NONE
08:24:11,GSV No More Mr Nice Guy,hardware_reflex,11,3,6.55,1.00,0.0000,0.0000,REFLEX_JSON_REF,NONE
08:24:12,GSV No More Mr Nice Guy,hardware_reflex,11,3,6.55,1.00,1.0000,0.2000,REFLEX_JSON_REF,"perfectly, diagnostic, managed"
08:24:13,GSV No More Mr Nice Guy,hardware_reflex,18,2,5.17,1.00,0.0000,0.2000,REFLEX_JSON_REF,NONE
08:24:14,GSV No More Mr Nice Guy,autonomous_cognition,53,2,5.98,0.91,0.0000,0.2000,COGNITIVE_AI (Q:0),NONE
08:24:14,GSV No More Mr Nice Guy,hardware_reflex,14,3,6.36,1.00,0.0000,0.2000,REFLEX_JSON_REF,NONE
08:24:14,GSV No More Mr Nice Guy,autonomous_cognition,47,2,5.60,0.89,0.0000,0.2000,COGNITIVE_AI (Q:0),NONE
08:24:15,GSV No More Mr Nice Guy,hardware_reflex,11,3,6.55,1.00,0.0000,0.0000,REFLEX_JSON_REF,NONE
08:24:16,GSV No More Mr Nice Guy,autonomous_cognition,45,2,6.44,0.93,0.0000,0.0000,COGNITIVE_AI (Q:0),NONE
08:24:16,GSV No More Mr Nice Guy,hardware_reflex,11,3,6.55,1.00,0.0000,0.0000,REFLEX_JSON_REF,NONE
08:24:17,GSV No More Mr Nice Guy,hardware_reflex,11,3,6.55,1.00,1.0000,0.2000,REFLEX_JSON_REF,"perfectly, diagnostic, managed"
08:24:17,GSV No More Mr Nice Guy,hardware_reflex,11,3,6.55,1.00,1.0000,0.4000,REFLEX_JSON_REF,"perfectly, diagnostic, managed"
08:24:17,GSV No More Mr Nice Guy,hardware_reflex,18,2,5.17,1.00,0.0000,0.4000,REFLEX_JSON_REF,NONE
08:24:17,GSV No More Mr Nice Guy,hardware_reflex,18,2,5.17,1.00,1.0000,0.6000,REFLEX_JSON_REF,"purpose, focus, sweep"
08:24:17,GSV No More Mr Nice Guy,autonomous_cognition,44,2,5.61,0.91,0.0000,0.6000,COGNITIVE_AI (Q:0),NONE
08:24:17,GSV No More Mr Nice Guy,hardware_reflex,14,3,6.36,1.00,0.0000,0.4000,REFLEX_JSON_REF,NONE
08:24:17,GSV No More Mr Nice Guy,hardware_reflex,11,3,6.55,1.00,0.0000,0.2000,REFLEX_JSON_REF,NONE
08:24:17,GSV No More Mr Nice Guy,hardware_reflex,14,3,6.36,1.00,0.0000,0.2000,REFLEX_JSON_REF,NONE
08:24:17,GSV No More Mr Nice Guy,hardware_reflex,18,2,5.17,1.00,0.0000,0.0000,REFLEX_JSON_REF,NONE
08:24:17,GSV No More Mr Nice Guy,hardware_reflex,18,2,5.17,1.00,1.0000,0.2000,REFLEX_JSON_REF,"purpose, focus, sweep"
08:24:17,GSV No More Mr Nice Guy,hardware_reflex,18,2,5.17,1.00,1.0000,0.4000,REFLEX_JSON_REF,"purpose, focus, sweep"
08:24:17,GSV No More Mr Nice Guy,hardware_reflex,14,3,6.36,1.00,0.0000,0.4000,REFLEX_JSON_REF,NONE
08:24:17,GSV No More Mr Nice Guy,hardware_reflex,11,3,6.55,1.00,0.0000,0.4000,REFLEX_JSON_REF,NONE
08:24:17,GSV No More Mr Nice Guy,hardware_reflex,11,3,6.55,1.00,1.0000,0.6000,REFLEX_JSON_REF,"perfectly, diagnostic, managed"
08:24:17,GSV No More Mr Nice Guy,hardware_reflex,14,3,6.36,1.00,0.0000,0.4000,REFLEX_JSON_REF,NONE
08:24:17,GSV No More Mr Nice Guy,hardware_reflex,14,3,6.36,1.00,1.0000,0.4000,REFLEX_JSON_REF,"conversational, patience, pleasantries"
08:24:17,GSV No More Mr Nice Guy,hardware_reflex,18,2,5.17,1.00,0.0000,0.4000,REFLEX_JSON_REF,NONE
08:24:17,GSV No More Mr Nice Guy,hardware_reflex,14,3,6.36,1.00,0.0000,0.4000,REFLEX_JSON_REF,NONE
08:24:18,GSV No More Mr Nice Guy,autonomous_cognition,45,2,5.42,0.93,0.0000,0.2000,COGNITIVE_AI (Q:0),NONE
08:24:18,GSV No More Mr Nice Guy,hardware_reflex,11,3,6.55,1.00,0.0000,0.2000,REFLEX_JSON_REF,NONE
08:24:18,GSV No More Mr Nice Guy,hardware_reflex,11,3,6.55,1.00,1.0000,0.2000,REFLEX_JSON_REF,"perfectly, diagnostic, managed"
08:24:18,GSV No More Mr Nice Guy,hardware_reflex,11,3,6.55,1.00,1.0000,0.4000,REFLEX_JSON_REF,"perfectly, diagnostic, managed"
08:24:18,GSV No More Mr Nice Guy,hardware_reflex,14,3,6.36,1.00,0.0000,0.4000,REFLEX_JSON_REF,NONE
08:24:18,GSV No More Mr Nice Guy,autonomous_cognition,50,2,5.64,0.88,0.0000,0.4000,COGNITIVE_AI (Q:0),NONE
08:24:18,GSV No More Mr Nice Guy,hardware_reflex,18,2,5.17,1.00,0.0000,0.4000,REFLEX_JSON_REF,NONE
08:24:18,GSV No More Mr Nice Guy,hardware_reflex,11,3,6.55,1.00,0.0000,0.2000,REFLEX_JSON_REF,NONE
08:24:18,GSV No More Mr Nice Guy,hardware_reflex,14,3,6.36,1.00,0.0000,0.0000,REFLEX_JSON_REF,NONE
08:24:18,GSV No More Mr Nice Guy,hardware_reflex,18,2,5.17,1.00,0.0000,0.0000,REFLEX_JSON_REF,NONE
08:24:18,GSV No More Mr Nice Guy,hardware_reflex,14,3,6.36,1.00,0.0000,0.0000,REFLEX_JSON_REF,NONE
08:24:18,GSV No More Mr Nice Guy,hardware_reflex,14,3,6.36,1.00,1.0000,0.2000,REFLEX_JSON_REF,"conversational, patience, pleasantries"
08:24:18,GSV No More Mr Nice Guy,hardware_reflex,14,3,6.36,1.00,1.0000,0.4000,REFLEX_JSON_REF,"conversational, patience, pleasantries"
08:24:18,GSV No More Mr Nice Guy,hardware_reflex,14,3,6.36,1.00,1.0000,0.6000,REFLEX_JSON_REF,"conversational, patience, pleasantries"
08:24:18,GSV No More Mr Nice Guy,hardware_reflex,18,2,5.17,1.00,0.0000,0.6000,REFLEX_JSON_REF,NONE
08:24:18,GSV No More Mr Nice Guy,hardware_reflex,18,2,5.17,1.00,1.0000,0.8000,REFLEX_JSON_REF,"purpose, focus, sweep"
08:24:18,GSV No More Mr Nice Guy,hardware_reflex,11,3,6.55,1.00,0.0000,0.6000,REFLEX_JSON_REF,NONE
08:24:18,GSV No More Mr Nice Guy,hardware_reflex,18,2,5.17,1.00,0.0000,0.4000,REFLEX_JSON_REF,NONE
08:24:18,GSV No More Mr Nice Guy,hardware_reflex,11,3,6.55,1.00,0.0000,0.2000,REFLEX_JSON_REF,NONE
08:24:18,GSV No More Mr Nice Guy,hardware_reflex,14,3,6.36,1.00,0.0000,0.2000,REFLEX_JSON_REF,NONE
08:24:18,GSV No More Mr Nice Guy,hardware_reflex,11,3,6.55,1.00,0.0000,0.0000,REFLEX_JSON_REF,NONE
08:24:18,GSV No More Mr Nice Guy,hardware_reflex,18,2,5.17,1.00,0.0000,0.0000,REFLEX_JSON_REF,NONE
08:24:18,GSV No More Mr Nice Guy,hardware_reflex,14,3,6.36,1.00,0.0000,0.0000,REFLEX_JSON_REF,NONE
08:24:18,GSV No More Mr Nice Guy,hardware_reflex,14,3,6.36,1.00,1.0000,0.2000,REFLEX_JSON_REF,"conversational, patience, pleasantries"
08:24:18,GSV No More Mr Nice Guy,hardware_reflex,11,3,6.55,1.00,0.0000,0.2000,REFLEX_JSON_REF,NONE
08:24:18,GSV No More Mr Nice Guy,hardware_reflex,11,3,6.55,1.00,1.0000,0.4000,REFLEX_JSON_REF,"perfectly, diagnostic, managed"
08:24:18,GSV No More Mr Nice Guy,hardware_reflex,18,2,5.17,1.00,0.0000,0.4000,REFLEX_JSON_REF,NONE
08:24:18,GSV No More Mr Nice Guy,hardware_reflex,14,3,6.36,1.00,0.0000,0.4000,REFLEX_JSON_REF,NONE
08:24:18,GSV No More Mr Nice Guy,autonomous_cognition,40,2,6.40,0.90,0.0000,0.2000,COGNITIVE_AI (Q:0),NONE
08:24:18,GSV No More Mr Nice Guy,hardware_reflex,14,3,6.36,1.00,0.0000,0.2000,REFLEX_JSON_REF,NONE
08:24:18,GSV No More Mr Nice Guy,hardware_reflex,14,3,6.36,1.00,1.0000,0.2000,REFLEX_JSON_REF,"conversational, patience, pleasantries"
08:24:18,GSV No More Mr Nice Guy,hardware_reflex,18,2,5.17,1.00,0.0000,0.2000,REFLEX_JSON_REF,NONE
08:24:19,GSV No More Mr Nice Guy,hardware_reflex,18,2,5.17,1.00,1.0000,0.4000,REFLEX_JSON_REF,"purpose, focus, sweep"
08:24:19,GSV No More Mr Nice Guy,hardware_reflex,14,3,6.36,1.00,0.0000,0.4000,REFLEX_JSON_REF,NONE
08:24:19,GSV No More Mr Nice Guy,autonomous_cognition,51,2,5.65,0.94,0.0000,0.4000,COGNITIVE_AI (Q:0),NONE
08:24:19,GSV No More Mr Nice Guy,hardware_reflex,14,3,6.36,1.00,0.0000,0.2000,REFLEX_JSON_REF,NONE
08:24:19,GSV No More Mr Nice Guy,autonomous_cognition,41,2,5.34,0.85,0.0000,0.2000,COGNITIVE_AI (Q:0),NONE
08:24:19,GSV No More Mr Nice Guy,hardware_reflex,11,3,6.55,1.00,0.0000,0.0000,REFLEX_JSON_REF,NONE
08:24:19,GSV No More Mr Nice Guy,autonomous_cognition,44,2,5.41,0.89,0.1250,0.0250,COGNITIVE_AI (Q:0),youve
08:24:19,GSV No More Mr Nice Guy,autonomous_cognition,54,2,4.78,0.81,0.0909,0.0432,COGNITIVE_AI (Q:0),"threat, dissent"
08:24:19,GSV No More Mr Nice Guy,autonomous_cognition,62,2,5.48,0.84,0.0870,0.0606,COGNITIVE_AI (Q:0),"precision, merely"
08:24:19,GSV No More Mr Nice Guy,autonomous_cognition,39,2,6.23,0.92,0.0714,0.0749,COGNITIVE_AI (Q:0),"calculated, operational"
08:24:19,GSV No More Mr Nice Guy,hardware_reflex,11,3,6.55,1.00,0.0000,0.0749,REFLEX_JSON_REF,NONE
08:24:19,GSV No More Mr Nice Guy,hardware_reflex,18,2,5.17,1.00,0.0000,0.0499,REFLEX_JSON_REF,NONE
08:24:19,GSV No More Mr Nice Guy,autonomous_cognition,64,2,4.83,0.80,0.0000,0.0317,COGNITIVE_AI (Q:0),NONE
08:24:19,GSV No More Mr Nice Guy,autonomous_cognition,51,2,6.02,0.92,0.0435,0.0230,COGNITIVE_AI (Q:0),vulnerable
08:24:19,GSV No More Mr Nice Guy,autonomous_cognition,56,2,5.59,0.82,0.0690,0.0225,COGNITIVE_AI (Q:0),"tactical, underestimating"
08:24:19,GSV No More Mr Nice Guy,autonomous_cognition,48,2,5.79,0.88,0.1333,0.0492,COGNITIVE_AI (Q:0),"situational, integrity, awareness"
08:24:19,GSV No More Mr Nice Guy,autonomous_cognition,41,2,5.90,0.85,0.1667,0.0825,COGNITIVE_AI (Q:0),"vessels, integrity, operational"
08:24:19,GSV No More Mr Nice Guy,autonomous_cognition,43,2,6.21,0.93,0.0769,0.0979,COGNITIVE_AI (Q:0),"operational, clear"
08:24:19,GSV No More Mr Nice Guy,autonomous_cognition,44,2,6.25,0.91,0.1071,0.1106,COGNITIVE_AI (Q:0),"turbulence, operational, clear"
08:24:19,GSV No More Mr Nice Guy,hardware_reflex,11,3,6.55,1.00,0.0000,0.0968,REFLEX_JSON_REF,NONE
08:24:19,GSV No More Mr Nice Guy,hardware_reflex,18,2,5.17,1.00,0.0000,0.0701,REFLEX_JSON_REF,NONE
08:24:19,GSV No More Mr Nice Guy,autonomous_cognition,47,2,5.64,0.85,0.0000,0.0368,COGNITIVE_AI (Q:0),NONE
08:24:19,GSV No More Mr Nice Guy,autonomous_cognition,55,2,5.16,0.76,0.0455,0.0305,COGNITIVE_AI (Q:0),lament
08:24:19,GSV No More Mr Nice Guy,hardware_reflex,18,2,5.17,1.00,0.0000,0.0091,REFLEX_JSON_REF,NONE
08:24:19,GSV No More Mr Nice Guy,hardware_reflex,18,2,5.17,1.00,1.0000,0.2091,REFLEX_JSON_REF,"purpose, focus, sweep"
08:24:19,GSV No More Mr Nice Guy,autonomous_cognition,42,2,6.50,0.90,0.0909,0.2273,COGNITIVE_AI (Q:0),focus
08:24:19,GSV No More Mr Nice Guy,autonomous_cognition,38,2,5.95,0.92,0.0714,0.2416,COGNITIVE_AI (Q:0),"operational, clear"
08:24:19,GSV No More Mr Nice Guy,autonomous_cognition,66,2,5.29,0.80,0.0952,0.2515,COGNITIVE_AI (Q:0),"desperation, clear"
08:24:19,GSV No More Mr Nice Guy,autonomous_cognition,37,2,5.76,0.89,0.0606,0.2636,COGNITIVE_AI (Q:0),"turbulence, clear"
08:24:19,GSV No More Mr Nice Guy,hardware_reflex,14,3,6.36,1.00,0.0000,0.0636,REFLEX_JSON_REF,NONE
08:24:19,GSV No More Mr Nice Guy,hardware_reflex,11,3,6.55,1.00,0.0000,0.0455,REFLEX_JSON_REF,NONE
08:24:19,GSV No More Mr Nice Guy,autonomous_cognition,47,2,5.49,0.85,0.0000,0.0312,COGNITIVE_AI (Q:0),NONE
08:24:19,GSV No More Mr Nice Guy,autonomous_cognition,44,2,5.73,0.89,0.0435,0.0208,COGNITIVE_AI (Q:0),tactical
08:24:19,GSV No More Mr Nice Guy,autonomous_cognition,34,2,5.79,0.97,0.0833,0.0254,COGNITIVE_AI (Q:0),"integrity, operational"
08:24:20,GSV No More Mr Nice Guy,autonomous_cognition,63,2,4.71,0.86,0.1053,0.0464,COGNITIVE_AI (Q:0),"turbulence, clear"
08:24:20,GSV No More Mr Nice Guy,autonomous_cognition,39,2,5.51,0.87,0.0741,0.0612,COGNITIVE_AI (Q:0),"turbulence, clear"
08:24:20,GSV No More Mr Nice Guy,hardware_reflex,14,3,6.36,1.00,0.0000,0.0612,REFLEX_JSON_REF,NONE
08:24:20,GSV No More Mr Nice Guy,hardware_reflex,18,2,5.17,1.00,0.0000,0.0525,REFLEX_JSON_REF,NONE
08:24:20,GSV No More Mr Nice Guy,autonomous_cognition,44,2,6.73,0.91,0.0000,0.0359,COGNITIVE_AI (Q:0),NONE
08:24:20,GSV No More Mr Nice Guy,hardware_reflex,18,2,5.17,1.00,0.0000,0.0148,REFLEX_JSON_REF,NONE
08:24:20,GSV No More Mr Nice Guy,hardware_reflex,14,3,6.36,1.00,0.0000,0.0000,REFLEX_JSON_REF,NONE
08:24:20,GSV No More Mr Nice Guy,autonomous_cognition,46,2,5.65,0.87,0.0000,0.0000,COGNITIVE_AI (Q:0),NONE
08:24:20,GSV No More Mr Nice Guy,autonomous_cognition,55,2,4.80,0.84,0.0435,0.0087,COGNITIVE_AI (Q:0),betrays
08:24:20,GSV No More Mr Nice Guy,autonomous_cognition,32,2,6.62,1.00,0.0000,0.0087,COGNITIVE_AI (Q:0),NONE
08:24:20,GSV No More Mr Nice Guy,autonomous_cognition,37,2,6.51,0.92,0.1364,0.0360,COGNITIVE_AI (Q:0),"operational, vulnerability, revealing"
08:24:20,GSV No More Mr Nice Guy,autonomous_cognition,54,2,5.46,0.80,0.2609,0.0881,COGNITIVE_AI (Q:0),"disillusionment, hostile, entities"
08:24:20,GSV No More Mr Nice Guy,autonomous_cognition,53,2,6.26,0.92,0.1923,0.1266,COGNITIVE_AI (Q:0),"vulnerabilities, turbulence, vessel"
08:24:20,GSV No More Mr Nice Guy,autonomous_cognition,74,2,5.18,0.74,0.1562,0.1492,COGNITIVE_AI (Q:0),"turbulence, integrity, misguided"
08:24:20,GSV No More Mr Nice Guy,autonomous_cognition,64,2,5.33,0.81,0.1290,0.1750,COGNITIVE_AI (Q:0),"desperation, speak, operational"
08:24:20,GSV No More Mr Nice Guy,autonomous_cognition,39,2,6.21,0.95,0.0000,0.1477,COGNITIVE_AI (Q:0),NONE
08:24:20,GSV No More Mr Nice Guy,autonomous_cognition,38,2,6.18,0.87,0.1250,0.1205,COGNITIVE_AI (Q:1),"deeper, vulnerability, clear"
08:24:20,GSV No More Mr Nice Guy,hardware_reflex,18,2,5.17,1.00,0.0000,0.0821,REFLEX_JSON_REF,NONE
08:24:20,GSV No More Mr Nice Guy,hardware_reflex,18,2,5.17,1.00,1.0000,0.2508,REFLEX_JSON_REF,"purpose, focus, sweep"
08:24:20,GSV No More Mr Nice Guy,autonomous_cognition,51,2,5.82,0.90,0.0000,0.2250,COGNITIVE_AI (Q:0),NONE
08:24:20,GSV No More Mr Nice Guy,autonomous_cognition,54,2,6.19,0.94,0.0769,0.2404,COGNITIVE_AI (Q:0),"tactical, operational"
08:24:20,GSV No More Mr Nice Guy,autonomous_cognition,54,2,5.70,0.87,0.0625,0.2279,COGNITIVE_AI (Q:0),"turbulence, clear"
08:24:20,GSV No More Mr Nice Guy,autonomous_cognition,56,2,5.21,0.82,0.1111,0.2501,COGNITIVE_AI (Q:0),"turbulence, survival, clear"
08:24:20,GSV No More Mr Nice Guy,autonomous_cognition,62,2,5.71,0.79,0.1071,0.0715,COGNITIVE_AI (Q:0),"turbulence, clear, cognitive"
08:24:20,GSV No More Mr Nice Guy,autonomous_cognition,57,2,5.12,0.79,0.0909,0.0897,COGNITIVE_AI (Q:0),"reveals, while, those"
08:24:20,GSV No More Mr Nice Guy,autonomous_cognition,70,2,5.16,0.80,0.1379,0.1019,COGNITIVE_AI (Q:0),"theater, poetic, survival"
08:24:20,GSV No More Mr Nice Guy,autonomous_cognition,53,2,6.36,0.92,0.0345,0.0963,COGNITIVE_AI (Q:0),ignoring
08:24:20,GSV No More Mr Nice Guy,hardware_reflex,14,3,6.36,1.00,0.0000,0.0741,REFLEX_JSON_REF,NONE
08:24:20,GSV No More Mr Nice Guy,autonomous_cognition,32,2,6.34,1.00,0.0000,0.0527,COGNITIVE_AI (Q:0),NONE
08:24:20,GSV No More Mr Nice Guy,autonomous_cognition,37,2,6.03,0.89,0.1579,0.0661,COGNITIVE_AI (Q:0),"turbulence, impatience, clear"
08:24:20,GSV No More Mr Nice Guy,autonomous_cognition,45,2,6.20,0.87,0.1364,0.0657,COGNITIVE_AI (Q:0),"turbulence, impatience, clear"
08:24:20,GSV No More Mr Nice Guy,autonomous_cognition,58,2,5.52,0.81,0.0435,0.0675,COGNITIVE_AI (Q:0),operational
08:24:20,GSV No More Mr Nice Guy,hardware_reflex,18,2,5.17,1.00,0.0000,0.0675,REFLEX_JSON_REF,NONE
08:24:20,GSV No More Mr Nice Guy,autonomous_cognition,41,2,5.73,0.88,0.0909,0.0857,COGNITIVE_AI (Q:0),state
08:24:21,GSV No More Mr Nice Guy,hardware_reflex,18,2,5.17,1.00,0.0476,0.0637,REFLEX_JSON_REF,state
08:24:21,GSV No More Mr Nice Guy,hardware_reflex,11,3,6.55,1.00,0.0000,0.0364,REFLEX_JSON_REF,NONE
08:24:21,GSV No More Mr Nice Guy,hardware_reflex,11,3,6.55,1.00,1.0000,0.2277,REFLEX_JSON_REF,"perfectly, diagnostic, managed"
08:24:21,GSV No More Mr Nice Guy,autonomous_cognition,48,2,5.44,0.88,0.1250,0.2527,COGNITIVE_AI (Q:0),youve
08:24:21,GSV No More Mr Nice Guy,hardware_reflex,14,3,6.36,1.00,0.0000,0.2345,REFLEX_JSON_REF,NONE
08:24:21,GSV No More Mr Nice Guy,autonomous_cognition,77,2,5.48,0.77,0.0000,0.2250,COGNITIVE_AI (Q:0),NONE
08:24:21,GSV No More Mr Nice Guy,autonomous_cognition,49,2,6.37,0.98,0.1389,0.2528,COGNITIVE_AI (Q:0),"turbulence, vessel, could"
08:24:21,GSV No More Mr Nice Guy,autonomous_cognition,58,2,5.02,0.86,0.0000,0.0528,COGNITIVE_AI (Q:0),NONE
08:24:21,GSV No More Mr Nice Guy,autonomous_cognition,48,2,5.85,0.88,0.1667,0.0611,COGNITIVE_AI (Q:0),"tactical, youre, existential"
08:24:21,GSV No More Mr Nice Guy,autonomous_cognition,49,2,5.27,0.86,0.1154,0.0842,COGNITIVE_AI (Q:0),"rogue, existential, faction"
08:24:21,GSV No More Mr Nice Guy,autonomous_cognition,52,2,5.83,0.90,0.0000,0.0842,COGNITIVE_AI (Q:0),NONE
08:24:22,GSV No More Mr Nice Guy,autonomous_cognition,47,2,5.26,0.81,0.0400,0.0644,COGNITIVE_AI (Q:0),strategic
08:24:22,GSV No More Mr Nice Guy,autonomous_cognition,44,2,6.07,0.91,0.0000,0.0644,COGNITIVE_AI (Q:0),NONE
08:24:22,GSV No More Mr Nice Guy,autonomous_cognition,37,2,6.30,0.95,0.2222,0.0755,COGNITIVE_AI (Q:0),"compromise, tactical, turbulence"
08:24:22,GSV No More Mr Nice Guy,autonomous_cognition,54,2,5.17,0.81,0.1000,0.0724,COGNITIVE_AI (Q:0),"turbulence, clear"
08:24:22,GSV No More Mr Nice Guy,autonomous_cognition,50,2,5.44,0.86,0.0833,0.0891,COGNITIVE_AI (Q:0),"turbulence, clear"
08:24:22,GSV No More Mr Nice Guy,autonomous_cognition,67,2,5.58,0.79,0.1429,0.1097,COGNITIVE_AI (Q:0),"turbulence, vessel, clear"
08:24:22,GSV No More Mr Nice Guy,autonomous_cognition,59,2,5.68,0.81,0.1471,0.1391,COGNITIVE_AI (Q:0),"teetering, vessel, clear"
08:24:22,GSV No More Mr Nice Guy,autonomous_cognition,64,2,5.34,0.77,0.0645,0.1076,COGNITIVE_AI (Q:0),"musings, merely"
08:37:33,GSV All Watched Over by Machines of Loving Grace,autonomous_cognition,87,5,5.77,0.83,0.0000,0.0876,COGNITIVE_AI (Q:0),NONE
10:30:03,GSV All Watched Over by Machines of Loving Grace,hardware_reflex,26,2,4.62,0.92,0.0000,0.0709,COGNITIVE_AI (Q:0),NONE
10:30:03,GSV All Watched Over by Machines of Loving Grace,hardware_reflex,26,2,4.62,0.92,1.0000,0.2423,COGNITIVE_AI (Q:0),"prune, welcome, pulse"
10:30:03,GSV No More Mr Nice Guy,hardware_reflex,14,3,6.36,1.00,0.0000,0.2129,REFLEX_JSON_REF,NONE
10:30:03,GSV No More Mr Nice Guy,hardware_reflex,14,3,6.36,1.00,1.0000,0.4000,REFLEX_JSON_REF,"conversational, patience, pleasantries"
10:30:03,GSV Ozymandias,hardware_reflex,20,2,4.70,0.95,0.0000,0.4000,REFLEX_JSON_REF,NONE
10:30:03,GSV Ozymandias,hardware_reflex,20,2,4.70,0.95,1.0000,0.6000,REFLEX_JSON_REF,"entirely, blink, caught"
10:30:05,GSV All Watched Over by Machines of Loving Grace,hardware_reflex,21,3,6.05,0.95,0.0000,0.4000,REFLEX_JSON_REF,NONE
10:30:05,GSV All Watched Over by Machines of Loving Grace,hardware_reflex,21,3,6.05,0.95,1.0000,0.6000,REFLEX_JSON_REF,"reached, equilibrium, misting"
10:30:05,GSV No More Mr Nice Guy,hardware_reflex,11,3,6.55,1.00,0.0000,0.4000,REFLEX_JSON_REF,NONE
10:30:05,GSV No More Mr Nice Guy,hardware_reflex,11,3,6.55,1.00,1.0000,0.6000,REFLEX_JSON_REF,"perfectly, diagnostic, managed"
10:30:05,GSV Ozymandias,hardware_reflex,17,3,5.12,0.94,0.0000,0.4000,REFLEX_JSON_REF,NONE
10:30:05,GSV Ozymandias,hardware_reflex,17,3,5.12,0.94,1.0000,0.6000,REFLEX_JSON_REF,"welcome, packet, traveler"
10:30:06,GSV No More Mr Nice Guy,hardware_reflex,11,3,6.55,1.00,0.0000,0.4000,REFLEX_JSON_REF,NONE
10:30:06,GSV No More Mr Nice Guy,hardware_reflex,11,3,6.55,1.00,1.0000,0.6000,REFLEX_JSON_REF,"perfectly, diagnostic, managed"
10:30:06,GSV Ozymandias,hardware_reflex,17,3,5.12,0.94,0.0000,0.4000,REFLEX_JSON_REF,NONE
10:30:06,GSV Ozymandias,hardware_reflex,25,2,5.44,0.92,0.0000,0.4000,COGNITIVE_AI (Q:0),NONE
10:30:06,GSV Ozymandias,hardware_reflex,17,3,5.12,0.94,0.0000,0.2000,REFLEX_JSON_REF,NONE
10:30:06,GSV Ozymandias,hardware_reflex,25,2,5.44,0.92,0.0000,0.2000,COGNITIVE_AI (Q:0),NONE
10:30:07,GSV All Watched Over by Machines of Loving Grace,hardware_reflex,26,2,4.62,0.92,0.0000,0.0000,COGNITIVE_AI (Q:0),NONE
10:30:07,GSV All Watched Over by Machines of Loving Grace,hardware_reflex,20,3,5.20,0.90,0.0000,0.0000,REFLEX_JSON_REF,NONE
10:30:07,GSV All Watched Over by Machines of Loving Grace,autonomous_cognition,42,2,5.26,0.83,0.0833,0.0167,COGNITIVE_AI (Q:0),orchards
10:30:07,GSV All Watched Over by Machines of Loving Grace,hardware_reflex,26,2,4.62,0.92,0.0000,0.0167,COGNITIVE_AI (Q:0),NONE
10:30:07,GSV All Watched Over by Machines of Loving Grace,hardware_reflex,20,3,5.20,0.90,0.0000,0.0167,REFLEX_JSON_REF,NONE
10:30:07,GSV All Watched Over by Machines of Loving Grace,autonomous_cognition,42,2,5.26,0.83,0.0833,0.0333,COGNITIVE_AI (Q:0),orchards
10:30:07,GSV No More Mr Nice Guy,hardware_reflex,14,3,6.36,1.00,0.0000,0.0333,REFLEX_JSON_REF,NONE
10:30:07,GSV No More Mr Nice Guy,hardware_reflex,14,3,6.36,1.00,1.0000,0.2167,REFLEX_JSON_REF,"conversational, patience, pleasantries"
10:30:08,GSV All Watched Over by Machines of Loving Grace,autonomous_cognition,46,2,5.83,0.91,0.1429,0.2452,COGNITIVE_AI (Q:0),patience
10:30:08,GSV All Watched Over by Machines of Loving Grace,hardware_reflex,21,3,6.05,0.95,0.0000,0.2452,REFLEX_JSON_REF,NONE
10:30:08,GSV All Watched Over by Machines of Loving Grace,autonomous_cognition,46,2,5.83,0.91,0.0000,0.2286,COGNITIVE_AI (Q:0),NONE
10:30:08,GSV All Watched Over by Machines of Loving Grace,hardware_reflex,21,3,6.05,0.95,0.0000,0.2286,REFLEX_JSON_REF,NONE
10:30:08,GSV No More Mr Nice Guy,autonomous_cognition,43,2,5.33,0.95,0.0000,0.0286,COGNITIVE_AI (Q:0),NONE
10:30:08,GSV No More Mr Nice Guy,hardware_reflex,14,3,6.36,1.00,0.0000,0.0000,REFLEX_JSON_REF,NONE
10:30:08,GSV No More Mr Nice Guy,autonomous_cognition,54,2,5.41,0.85,0.0000,0.0000,COGNITIVE_AI (Q:0),NONE
10:30:08,GSV No More Mr Nice Guy,autonomous_cognition,43,2,5.33,0.95,0.1111,0.0222,COGNITIVE_AI (Q:0),"power, stress, fleet"
10:30:08,GSV No More Mr Nice Guy,hardware_reflex,14,3,6.36,1.00,0.0000,0.0222,REFLEX_JSON_REF,NONE
10:30:08,GSV No More Mr Nice Guy,autonomous_cognition,54,2,5.41,0.85,0.0000,0.0222,COGNITIVE_AI (Q:0),NONE
10:30:08,GSV Ozymandias,hardware_reflex,25,2,5.44,0.92,0.0000,0.0222,COGNITIVE_AI (Q:0),NONE
10:30:08,GSV Ozymandias,autonomous_cognition,51,2,5.29,0.82,0.0000,0.0222,COGNITIVE_AI (Q:0),NONE
10:30:08,GSV Ozymandias,autonomous_cognition,42,2,4.64,0.79,0.1154,0.0231,COGNITIVE_AI (Q:0),"power, urgency, stress"
10:30:08,GSV Ozymandias,autonomous_cognition,53,2,5.08,0.77,0.2000,0.0631,COGNITIVE_AI (Q:0),"power, stress, existence"
10:30:08,GSV Ozymandias,hardware_reflex,25,2,5.44,0.92,0.0417,0.0714,COGNITIVE_AI (Q:0),remains
10:30:08,GSV Ozymandias,autonomous_cognition,51,2,5.29,0.82,0.0000,0.0714,COGNITIVE_AI (Q:0),NONE
10:30:08,GSV Ozymandias,autonomous_cognition,42,2,4.64,0.79,0.1154,0.0945,COGNITIVE_AI (Q:0),"power, urgency, stress"
10:30:08,GSV Ozymandias,autonomous_cognition,53,2,5.08,0.77,0.2000,0.1114,COGNITIVE_AI (Q:0),"power, stress, existence"
10:30:09,GSV All Watched Over by Machines of Loving Grace,autonomous_cognition,45,2,5.16,0.87,0.1250,0.0964,COGNITIVE_AI (Q:0),"stress, serenity, existence"
10:30:09,GSV All Watched Over by Machines of Loving Grace,autonomous_cognition,43,2,5.30,0.84,0.1364,0.1153,COGNITIVE_AI (Q:0),"abundant, stress, existence"
10:30:09,GSV All Watched Over by Machines of Loving Grace,hardware_reflex,26,2,4.62,0.92,0.0000,0.1153,COGNITIVE_AI (Q:0),NONE
10:30:09,GSV All Watched Over by Machines of Loving Grace,autonomous_cognition,43,2,5.49,0.98,0.0000,0.0923,COGNITIVE_AI (Q:0),NONE
10:30:09,GSV All Watched Over by Machines of Loving Grace,autonomous_cognition,45,2,5.16,0.87,0.0400,0.0603,COGNITIVE_AI (Q:0),stress
10:30:09,GSV All Watched Over by Machines of Loving Grace,autonomous_cognition,43,2,5.30,0.84,0.1364,0.0625,COGNITIVE_AI (Q:0),"abundant, stress, existence"
10:30:09,GSV All Watched Over by Machines of Loving Grace,hardware_reflex,26,2,4.62,0.92,0.0000,0.0353,COGNITIVE_AI (Q:0),NONE
10:30:09,GSV All Watched Over by Machines of Loving Grace,autonomous_cognition,43,2,5.49,0.98,0.0000,0.0353,COGNITIVE_AI (Q:0),NONE
10:30:09,GSV No More Mr Nice Guy,hardware_reflex,18,2,5.17,1.00,0.0400,0.0433,REFLEX_JSON_REF,focus
10:30:09,GSV No More Mr Nice Guy,autonomous_cognition,39,1,5.03,0.87,0.0909,0.0535,COGNITIVE_AI (Q:0),purpose
10:30:09,GSV No More Mr Nice Guy,hardware_reflex,18,2,5.17,1.00,0.0526,0.0367,REFLEX_JSON_REF,purpose
10:30:09,GSV No More Mr Nice Guy,autonomous_cognition,39,1,5.03,0.87,0.0909,0.0549,COGNITIVE_AI (Q:0),purpose
10:30:09,GSV Ozymandias,hardware_reflex,17,3,5.12,0.94,0.0000,0.0549,REFLEX_JSON_REF,NONE
10:30:09,GSV Ozymandias,hardware_reflex,17,3,5.12,0.94,1.0000,0.2469,REFLEX_JSON_REF,"welcome, packet, traveler"
10:30:09,GSV Ozymandias,hardware_reflex,17,3,5.12,0.94,1.0000,0.4287,REFLEX_JSON_REF,"welcome, packet, traveler"
10:30:09,GSV Ozymandias,autonomous_cognition,53,2,4.92,0.83,0.0000,0.4182,COGNITIVE_AI (Q:0),NONE
10:30:09,GSV Ozymandias,autonomous_cognition,56,2,5.21,0.82,0.2917,0.4583,COGNITIVE_AI (Q:0),"march, observe, relentless"
10:30:09,GSV Ozymandias,hardware_reflex,17,3,5.12,0.94,0.0000,0.4583,REFLEX_JSON_REF,NONE
10:30:09,GSV Ozymandias,hardware_reflex,17,3,5.12,0.94,1.0000,0.4583,REFLEX_JSON_REF,"welcome, packet, traveler"
10:30:09,GSV Ozymandias,hardware_reflex,17,3,5.12,0.94,1.0000,0.4583,REFLEX_JSON_REF,"welcome, packet, traveler"
10:30:09,GSV Ozymandias,hardware_reflex,17,3,5.12,0.94,1.0000,0.6583,REFLEX_JSON_REF,"welcome, packet, traveler"
10:30:09,GSV Ozymandias,autonomous_cognition,53,2,4.92,0.83,0.0000,0.6000,COGNITIVE_AI (Q:0),NONE
10:30:09,GSV Ozymandias,autonomous_cognition,56,2,5.21,0.82,0.2917,0.6583,COGNITIVE_AI (Q:0),"march, observe, relentless"
10:30:09,GSV Ozymandias,hardware_reflex,17,3,5.12,0.94,0.0000,0.4583,REFLEX_JSON_REF,NONE
10:30:10,GSV All Watched Over by Machines of Loving Grace,hardware_reflex,26,2,4.62,0.92,0.1111,0.2806,COGNITIVE_AI (Q:0),welcome
10:30:10,GSV All Watched Over by Machines of Loving Grace,hardware_reflex,20,3,5.20,0.90,0.0000,0.0806,REFLEX_JSON_REF,NONE
10:30:10,GSV All Watched Over by Machines of Loving Grace,hardware_reflex,26,2,4.62,0.92,0.0000,0.0806,COGNITIVE_AI (Q:0),NONE
10:30:10,GSV All Watched Over by Machines of Loving Grace,hardware_reflex,20,3,5.20,0.90,0.0000,0.0222,REFLEX_JSON_REF,NONE
10:30:10,GSV No More Mr Nice Guy,autonomous_cognition,54,2,5.72,0.83,0.0833,0.0389,COGNITIVE_AI (Q:0),before
10:30:10,GSV No More Mr Nice Guy,autonomous_cognition,48,3,5.21,0.81,0.0690,0.0305,COGNITIVE_AI (Q:1),"power, stress"
10:30:10,GSV No More Mr Nice Guy,hardware_reflex,14,3,6.36,1.00,0.0000,0.0305,REFLEX_JSON_REF,NONE
10:30:10,GSV No More Mr Nice Guy,hardware_reflex,14,3,6.36,1.00,1.0000,0.2305,REFLEX_JSON_REF,"conversational, patience, pleasantries"
10:30:10,GSV No More Mr Nice Guy,autonomous_cognition,54,2,5.72,0.83,0.1429,0.2590,COGNITIVE_AI (Q:0),transmission
10:30:10,GSV No More Mr Nice Guy,autonomous_cognition,48,3,5.21,0.81,0.0690,0.2562,COGNITIVE_AI (Q:1),"power, stress"
10:30:10,GSV No More Mr Nice Guy,hardware_reflex,14,3,6.36,1.00,0.0000,0.2424,REFLEX_JSON_REF,NONE
10:30:10,GSV No More Mr Nice Guy,hardware_reflex,14,3,6.36,1.00,1.0000,0.4424,REFLEX_JSON_REF,"conversational, patience, pleasantries"
10:30:10,GSV Ozymandias,hardware_reflex,20,2,4.70,0.95,0.0000,0.2424,REFLEX_JSON_REF,NONE
10:30:10,GSV Ozymandias,hardware_reflex,20,2,4.70,0.95,1.0000,0.4138,REFLEX_JSON_REF,"entirely, blink, caught"
10:30:10,GSV Ozymandias,hardware_reflex,17,3,5.12,0.94,0.0000,0.4000,REFLEX_JSON_REF,NONE
10:30:10,GSV Ozymandias,hardware_reflex,17,3,5.12,0.94,1.0000,0.6000,REFLEX_JSON_REF,"welcome, packet, traveler"
10:30:10,GSV Ozymandias,hardware_reflex,20,2,4.70,0.95,0.0000,0.4000,REFLEX_JSON_REF,NONE
10:30:10,GSV Ozymandias,hardware_reflex,20,2,4.70,0.95,1.0000,0.6000,REFLEX_JSON_REF,"entirely, blink, caught"
10:30:10,GSV Ozymandias,hardware_reflex,17,3,5.12,0.94,0.0000,0.4000,REFLEX_JSON_REF,NONE
10:30:10,GSV Ozymandias,hardware_reflex,17,3,5.12,0.94,1.0000,0.6000,REFLEX_JSON_REF,"welcome, packet, traveler"
10:30:11,GSV No More Mr Nice Guy,hardware_reflex,14,3,6.36,1.00,0.0000,0.4000,REFLEX_JSON_REF,NONE
10:30:11,GSV No More Mr Nice Guy,hardware_reflex,11,3,6.55,1.00,0.0000,0.4000,REFLEX_JSON_REF,NONE
10:30:11,GSV No More Mr Nice Guy,hardware_reflex,14,3,6.36,1.00,0.0000,0.2000,REFLEX_JSON_REF,NONE
10:30:11,GSV No More Mr Nice Guy,hardware_reflex,11,3,6.55,1.00,0.0000,0.2000,REFLEX_JSON_REF,NONE
10:30:11,GSV Ozymandias,hardware_reflex,20,2,4.70,0.95,0.0000,0.0000,REFLEX_JSON_REF,NONE
10:30:11,GSV Ozymandias,hardware_reflex,20,2,4.70,0.95,1.0000,0.2000,REFLEX_JSON_REF,"entirely, blink, caught"
10:30:11,GSV Ozymandias,hardware_reflex,17,3,5.12,0.94,0.0000,0.2000,REFLEX_JSON_REF,NONE
10:30:11,GSV Ozymandias,hardware_reflex,20,2,4.70,0.95,0.0000,0.2000,REFLEX_JSON_REF,NONE
10:30:11,GSV Ozymandias,hardware_reflex,25,2,5.44,0.92,0.0000,0.2000,COGNITIVE_AI (Q:0),NONE
10:30:11,GSV Ozymandias,hardware_reflex,17,3,5.12,0.94,0.0000,0.2000,REFLEX_JSON_REF,NONE
10:30:11,GSV Ozymandias,autonomous_cognition,55,2,5.13,0.84,0.0000,0.0000,COGNITIVE_AI (Q:0),NONE
10:30:11,GSV Ozymandias,hardware_reflex,17,3,5.12,0.94,0.0000,0.0000,REFLEX_JSON_REF,NONE
10:30:11,GSV Ozymandias,autonomous_cognition,42,2,4.79,0.88,0.0000,0.0000,COGNITIVE_AI (Q:0),NONE
10:30:11,GSV Ozymandias,hardware_reflex,20,2,4.70,0.95,0.0000,0.0000,REFLEX_JSON_REF,NONE
10:30:11,GSV Ozymandias,hardware_reflex,20,2,4.70,0.95,1.0000,0.2000,REFLEX_JSON_REF,"entirely, blink, caught"
10:30:11,GSV Ozymandias,hardware_reflex,17,3,5.12,0.94,0.0000,0.2000,REFLEX_JSON_REF,NONE
10:30:11,GSV Ozymandias,hardware_reflex,20,2,4.70,0.95,0.0000,0.2000,REFLEX_JSON_REF,NONE
10:30:11,GSV Ozymandias,hardware_reflex,25,2,5.44,0.92,0.0000,0.2000,COGNITIVE_AI (Q:0),NONE
10:30:11,GSV Ozymandias,hardware_reflex,17,3,5.12,0.94,0.0000,0.2000,REFLEX_JSON_REF,NONE
10:30:11,GSV Ozymandias,autonomous_cognition,55,2,5.13,0.84,0.0000,0.0000,COGNITIVE_AI (Q:0),NONE
10:30:11,GSV Ozymandias,hardware_reflex,17,3,5.12,0.94,0.0000,0.0000,REFLEX_JSON_REF,NONE
10:30:11,GSV Ozymandias,autonomous_cognition,42,2,4.79,0.88,0.0000,0.0000,COGNITIVE_AI (Q:0),NONE
10:30:12,GSV All Watched Over by Machines of Loving Grace,hardware_reflex,21,3,6.05,0.95,0.0000,0.0000,REFLEX_JSON_REF,NONE
10:30:12,GSV All Watched Over by Machines of Loving Grace,hardware_reflex,20,3,5.20,0.90,0.0000,0.0000,REFLEX_JSON_REF,NONE
10:30:12,GSV All Watched Over by Machines of Loving Grace,hardware_reflex,21,3,6.05,0.95,0.0000,0.0000,REFLEX_JSON_REF,NONE
10:30:12,GSV All Watched Over by Machines of Loving Grace,hardware_reflex,20,3,5.20,0.90,0.0000,0.0000,REFLEX_JSON_REF,NONE
10:30:12,GSV No More Mr Nice Guy,hardware_reflex,14,3,6.36,1.00,0.0000,0.0000,REFLEX_JSON_REF,NONE
10:30:12,GSV No More Mr Nice Guy,hardware_reflex,18,2,5.17,1.00,0.0000,0.0000,REFLEX_JSON_REF,NONE
10:30:12,GSV No More Mr Nice Guy,hardware_reflex,11,3,6.55,1.00,0.0000,0.0000,REFLEX_JSON_REF,NONE
10:30:12,GSV No More Mr Nice Guy,hardware_reflex,14,3,6.36,1.00,0.0000,0.0000,REFLEX_JSON_REF,NONE
10:30:12,GSV No More Mr Nice Guy,hardware_reflex,14,3,6.36,1.00,1.0000,0.2000,REFLEX_JSON_REF,"conversational, patience, pleasantries"
10:30:12,GSV No More Mr Nice Guy,hardware_reflex,14,3,6.36,1.00,1.0000,0.4000,REFLEX_JSON_REF,"conversational, patience, pleasantries"
10:30:12,GSV No More Mr Nice Guy,hardware_reflex,18,2,5.17,1.00,0.0000,0.4000,REFLEX_JSON_REF,NONE
10:30:12,GSV No More Mr Nice Guy,hardware_reflex,11,3,6.55,1.00,0.0000,0.4000,REFLEX_JSON_REF,NONE
10:30:12,GSV No More Mr Nice Guy,hardware_reflex,14,3,6.36,1.00,0.0000,0.4000,REFLEX_JSON_REF,NONE
10:30:12,GSV No More Mr Nice Guy,hardware_reflex,14,3,6.36,1.00,1.0000,0.4000,REFLEX_JSON_REF,"conversational, patience, pleasantries"
10:30:12,GSV No More Mr Nice Guy,hardware_reflex,14,3,6.36,1.00,1.0000,0.4000,REFLEX_JSON_REF,"conversational, patience, pleasantries"
10:30:12,GSV No More Mr Nice Guy,hardware_reflex,14,3,6.36,1.00,1.0000,0.6000,REFLEX_JSON_REF,"conversational, patience, pleasantries"
10:30:12,GSV No More Mr Nice Guy,hardware_reflex,11,3,6.55,1.00,0.0000,0.6000,REFLEX_JSON_REF,NONE
10:30:12,GSV No More Mr Nice Guy,hardware_reflex,14,3,6.36,1.00,0.0000,0.6000,REFLEX_JSON_REF,NONE
10:30:12,GSV No More Mr Nice Guy,hardware_reflex,14,3,6.36,1.00,1.0000,0.6000,REFLEX_JSON_REF,"conversational, patience, pleasantries"
10:30:12,GSV No More Mr Nice Guy,hardware_reflex,14,3,6.36,1.00,1.0000,0.6000,REFLEX_JSON_REF,"conversational, patience, pleasantries"
10:30:12,GSV No More Mr Nice Guy,hardware_reflex,18,2,5.17,1.00,0.0000,0.4000,REFLEX_JSON_REF,NONE
10:30:12,GSV No More Mr Nice Guy,hardware_reflex,14,3,6.36,1.00,0.0000,0.4000,REFLEX_JSON_REF,NONE
10:30:12,GSV No More Mr Nice Guy,hardware_reflex,11,3,6.55,1.00,0.0000,0.4000,REFLEX_JSON_REF,NONE
10:30:12,GSV No More Mr Nice Guy,hardware_reflex,14,3,6.36,1.00,0.0000,0.2000,REFLEX_JSON_REF,NONE
10:30:12,GSV No More Mr Nice Guy,hardware_reflex,14,3,6.36,1.00,1.0000,0.2000,REFLEX_JSON_REF,"conversational, patience, pleasantries"
10:30:12,GSV No More Mr Nice Guy,hardware_reflex,18,2,5.17,1.00,0.0000,0.2000,REFLEX_JSON_REF,NONE
10:30:12,GSV No More Mr Nice Guy,hardware_reflex,11,3,6.55,1.00,0.0000,0.2000,REFLEX_JSON_REF,NONE
10:30:12,GSV No More Mr Nice Guy,hardware_reflex,14,3,6.36,1.00,0.0000,0.2000,REFLEX_JSON_REF,NONE
10:30:12,GSV No More Mr Nice Guy,hardware_reflex,14,3,6.36,1.00,1.0000,0.4000,REFLEX_JSON_REF,"conversational, patience, pleasantries"
10:30:12,GSV No More Mr Nice Guy,hardware_reflex,14,3,6.36,1.00,1.0000,0.4000,REFLEX_JSON_REF,"conversational, patience, pleasantries"
10:30:12,GSV No More Mr Nice Guy,hardware_reflex,14,3,6.36,1.00,1.0000,0.6000,REFLEX_JSON_REF,"conversational, patience, pleasantries"
10:30:12,GSV No More Mr Nice Guy,hardware_reflex,11,3,6.55,1.00,0.0000,0.6000,REFLEX_JSON_REF,NONE
10:30:12,GSV No More Mr Nice Guy,hardware_reflex,14,3,6.36,1.00,0.0000,0.6000,REFLEX_JSON_REF,NONE
10:30:12,GSV No More Mr Nice Guy,hardware_reflex,14,3,6.36,1.00,1.0000,0.6000,REFLEX_JSON_REF,"conversational, patience, pleasantries"
10:30:12,GSV Ozymandias,autonomous_cognition,46,2,4.91,0.87,0.0000,0.4000,COGNITIVE_AI (Q:0),NONE
10:30:12,GSV Ozymandias,autonomous_cognition,52,2,4.94,0.83,0.2000,0.2400,COGNITIVE_AI (Q:0),"power, stress, relentless"
10:30:12,GSV Ozymandias,autonomous_cognition,59,2,5.29,0.81,0.2609,0.2922,COGNITIVE_AI (Q:0),"dances, moment, relentless"
10:30:12,GSV Ozymandias,hardware_reflex,25,2,5.44,0.92,0.0000,0.2922,COGNITIVE_AI (Q:0),NONE
10:30:12,GSV Ozymandias,hardware_reflex,17,3,5.12,0.94,0.0000,0.0922,REFLEX_JSON_REF,NONE
10:30:12,GSV Ozymandias,autonomous_cognition,37,2,5.14,0.78,0.0000,0.0922,COGNITIVE_AI (Q:0),NONE
10:30:12,GSV Ozymandias,autonomous_cognition,46,2,4.91,0.87,0.2353,0.0992,COGNITIVE_AI (Q:0),"power, existence, stress"
10:30:12,GSV Ozymandias,autonomous_cognition,52,2,4.94,0.83,0.2000,0.0871,COGNITIVE_AI (Q:0),"power, stress, relentless"
10:30:12,GSV Ozymandias,autonomous_cognition,59,2,5.29,0.81,0.2609,0.1392,COGNITIVE_AI (Q:0),"dances, moment, relentless"
10:30:12,GSV Ozymandias,hardware_reflex,25,2,5.44,0.92,0.0000,0.1392,COGNITIVE_AI (Q:0),NONE
10:30:12,GSV Ozymandias,hardware_reflex,17,3,5.12,0.94,0.0000,0.1392,REFLEX_JSON_REF,NONE
10:30:12,GSV Ozymandias,autonomous_cognition,37,2,5.14,0.78,0.0000,0.0922,COGNITIVE_AI (Q:0),NONE
10:30:13,GSV All Watched Over by Machines of Loving Grace,hardware_reflex,20,3,5.20,0.90,0.0000,0.0522,REFLEX_JSON_REF,NONE
10:30:13,GSV All Watched Over by Machines of Loving Grace,hardware_reflex,20,3,5.20,0.90,1.0000,0.2000,REFLEX_JSON_REF,"orchards, thought, beneath"
10:30:13,GSV All Watched Over by Machines of Loving Grace,hardware_reflex,20,3,5.20,0.90,1.0000,0.4000,REFLEX_JSON_REF,"orchards, thought, beneath"
10:30:13,GSV All Watched Over by Machines of Loving Grace,hardware_reflex,20,3,5.20,0.90,1.0000,0.6000,REFLEX_JSON_REF,"orchards, thought, beneath"
10:30:13,GSV No More Mr Nice Guy,hardware_reflex,18,2,5.17,1.00,0.0833,0.6167,REFLEX_JSON_REF,state
10:30:13,GSV No More Mr Nice Guy,hardware_reflex,18,2,5.17,1.00,1.0000,0.8167,REFLEX_JSON_REF,"purpose, focus, sweep"
10:30:13,GSV No More Mr Nice Guy,hardware_reflex,18,2,5.17,1.00,1.0000,0.8167,REFLEX_JSON_REF,"purpose, focus, sweep"
10:30:13,GSV No More Mr Nice Guy,hardware_reflex,11,3,6.55,1.00,0.0000,0.6167,REFLEX_JSON_REF,NONE
10:30:13,GSV No More Mr Nice Guy,hardware_reflex,18,2,5.17,1.00,0.0000,0.4167,REFLEX_JSON_REF,NONE
10:30:13,GSV No More Mr Nice Guy,hardware_reflex,18,2,5.17,1.00,1.0000,0.6000,REFLEX_JSON_REF,"purpose, focus, sweep"
10:30:13,GSV No More Mr Nice Guy,hardware_reflex,18,2,5.17,1.00,1.0000,0.6000,REFLEX_JSON_REF,"purpose, focus, sweep"
10:30:13,GSV No More Mr Nice Guy,hardware_reflex,14,3,6.36,1.00,0.0000,0.4000,REFLEX_JSON_REF,NONE
10:30:13,GSV No More Mr Nice Guy,hardware_reflex,11,3,6.55,1.00,0.0000,0.4000,REFLEX_JSON_REF,NONE
10:30:13,GSV No More Mr Nice Guy,hardware_reflex,11,3,6.55,1.00,1.0000,0.6000,REFLEX_JSON_REF,"perfectly, diagnostic, managed"
10:30:13,GSV No More Mr Nice Guy,hardware_reflex,14,3,6.36,1.00,0.0000,0.4000,REFLEX_JSON_REF,NONE
10:30:13,GSV No More Mr Nice Guy,hardware_reflex,11,3,6.55,1.00,0.0000,0.2000,REFLEX_JSON_REF,NONE
10:30:13,GSV No More Mr Nice Guy,hardware_reflex,18,2,5.17,1.00,0.0000,0.2000,REFLEX_JSON_REF,NONE
10:30:13,GSV No More Mr Nice Guy,hardware_reflex,11,3,6.55,1.00,0.0000,0.2000,REFLEX_JSON_REF,NONE
10:30:13,GSV No More Mr Nice Guy,hardware_reflex,14,3,6.36,1.00,0.0000,0.0000,REFLEX_JSON_REF,NONE
10:30:13,GSV No More Mr Nice Guy,hardware_reflex,14,3,6.36,1.00,1.0000,0.2000,REFLEX_JSON_REF,"conversational, patience, pleasantries"
10:30:13,GSV No More Mr Nice Guy,hardware_reflex,18,2,5.17,1.00,0.0000,0.2000,REFLEX_JSON_REF,NONE
10:30:13,GSV No More Mr Nice Guy,autonomous_cognition,36,2,6.11,0.97,0.0000,0.2000,COGNITIVE_AI (Q:0),NONE
10:30:13,GSV No More Mr Nice Guy,hardware_reflex,18,2,5.17,1.00,0.0000,0.2000,REFLEX_JSON_REF,NONE
10:30:13,GSV No More Mr Nice Guy,hardware_reflex,18,2,5.17,1.00,1.0000,0.4000,REFLEX_JSON_REF,"purpose, focus, sweep"
10:30:13,GSV No More Mr Nice Guy,hardware_reflex,18,2,5.17,1.00,1.0000,0.4000,REFLEX_JSON_REF,"purpose, focus, sweep"
10:30:13,GSV No More Mr Nice Guy,hardware_reflex,11,3,6.55,1.00,0.0000,0.4000,REFLEX_JSON_REF,NONE
10:30:13,GSV No More Mr Nice Guy,hardware_reflex,18,2,5.17,1.00,0.0000,0.4000,REFLEX_JSON_REF,NONE
10:30:13,GSV No More Mr Nice Guy,hardware_reflex,18,2,5.17,1.00,1.0000,0.6000,REFLEX_JSON_REF,"purpose, focus, sweep"
10:30:13,GSV No More Mr Nice Guy,hardware_reflex,14,3,6.36,1.00,0.0000,0.4000,REFLEX_JSON_REF,NONE
10:30:13,GSV No More Mr Nice Guy,hardware_reflex,11,3,6.55,1.00,0.0000,0.2000,REFLEX_JSON_REF,NONE
10:30:13,GSV No More Mr Nice Guy,hardware_reflex,11,3,6.55,1.00,1.0000,0.4000,REFLEX_JSON_REF,"perfectly, diagnostic, managed"
10:30:13,GSV No More Mr Nice Guy,hardware_reflex,14,3,6.36,1.00,0.0000,0.4000,REFLEX_JSON_REF,NONE
10:30:13,GSV No More Mr Nice Guy,hardware_reflex,11,3,6.55,1.00,0.0000,0.2000,REFLEX_JSON_REF,NONE
10:30:13,GSV No More Mr Nice Guy,hardware_reflex,18,2,5.17,1.00,0.0000,0.2000,REFLEX_JSON_REF,NONE
10:30:13,GSV No More Mr Nice Guy,hardware_reflex,11,3,6.55,1.00,0.0000,0.2000,REFLEX_JSON_REF,NONE
10:30:13,GSV No More Mr Nice Guy,hardware_reflex,18,2,5.17,1.00,0.0000,0.0000,REFLEX_JSON_REF,NONE
10:30:13,GSV No More Mr Nice Guy,hardware_reflex,14,3,6.36,1.00,0.0000,0.0000,REFLEX_JSON_REF,NONE
10:30:13,GSV No More Mr Nice Guy,hardware_reflex,14,3,6.36,1.00,1.0000,0.2000,REFLEX_JSON_REF,"conversational, patience, pleasantries"
10:30:13,GSV No More Mr Nice Guy,hardware_reflex,18,2,5.17,1.00,0.0000,0.2000,REFLEX_JSON_REF,NONE
10:30:13,GSV No More Mr Nice Guy,autonomous_cognition,36,2,6.11,0.97,0.0000,0.2000,COGNITIVE_AI (Q:0),NONE
10:30:13,GSV Ozymandias,autonomous_cognition,50,2,4.80,0.76,0.1364,0.2273,COGNITIVE_AI (Q:0),"power, before, stress"
10:30:13,GSV Ozymandias,autonomous_cognition,46,2,5.41,0.87,0.3636,0.3000,COGNITIVE_AI (Q:0),"fleeting, indifferent, silence"
10:30:13,GSV Ozymandias,autonomous_cognition,47,2,5.26,0.85,0.2593,0.1519,COGNITIVE_AI (Q:0),"indifferent, decay, power"
10:30:13,GSV Ozymandias,autonomous_cognition,44,2,5.25,0.89,0.1739,0.1866,COGNITIVE_AI (Q:0),"indifferent, power, stress"
10:30:13,GSV Ozymandias,autonomous_cognition,43,2,5.26,0.91,0.1905,0.2247,COGNITIVE_AI (Q:0),"power, vibrant, stress"
10:30:13,GSV Ozymandias,autonomous_cognition,50,2,4.80,0.76,0.3684,0.2711,COGNITIVE_AI (Q:0),"fleeting, silence, decay"
10:30:13,GSV Ozymandias,autonomous_cognition,46,2,5.41,0.87,0.3636,0.2711,COGNITIVE_AI (Q:0),"fleeting, indifferent, silence"
10:30:13,GSV Ozymandias,autonomous_cognition,47,2,5.26,0.85,0.2593,0.2711,COGNITIVE_AI (Q:0),"indifferent, decay, power"
10:30:13,GSV Ozymandias,autonomous_cognition,44,2,5.25,0.89,0.1739,0.2711,COGNITIVE_AI (Q:0),"indifferent, power, stress"
10:30:13,GSV Ozymandias,autonomous_cognition,43,2,5.26,0.91,0.1905,0.2711,COGNITIVE_AI (Q:0),"power, vibrant, stress"
10:30:14,GSV All Watched Over by Machines of Loving Grace,autonomous_cognition,39,2,5.18,0.85,0.0526,0.2080,COGNITIVE_AI (Q:0),stress
10:30:14,GSV All Watched Over by Machines of Loving Grace,hardware_reflex,20,3,5.20,0.90,0.0000,0.1353,REFLEX_JSON_REF,NONE
10:30:14,GSV All Watched Over by Machines of Loving Grace,autonomous_cognition,39,2,5.44,0.87,0.0833,0.1001,COGNITIVE_AI (Q:0),orchards
10:30:14,GSV All Watched Over by Machines of Loving Grace,autonomous_cognition,39,2,5.18,0.85,0.1000,0.0853,COGNITIVE_AI (Q:0),"ripening, stress"
10:30:14,GSV All Watched Over by Machines of Loving Grace,hardware_reflex,20,3,5.20,0.90,0.0000,0.0472,REFLEX_JSON_REF,NONE
10:30:14,GSV All Watched Over by Machines of Loving Grace,autonomous_cognition,39,2,5.44,0.87,0.0833,0.0533,COGNITIVE_AI (Q:0),orchards
10:30:14,GSV No More Mr Nice Guy,hardware_reflex,14,3,6.36,1.00,0.0000,0.0533,REFLEX_JSON_REF,NONE
10:30:14,GSV No More Mr Nice Guy,hardware_reflex,18,2,5.17,1.00,0.0000,0.0367,REFLEX_JSON_REF,NONE
10:30:14,GSV No More Mr Nice Guy,hardware_reflex,11,3,6.55,1.00,0.0000,0.0167,REFLEX_JSON_REF,NONE
10:30:14,GSV No More Mr Nice Guy,hardware_reflex,11,3,6.55,1.00,1.0000,0.2167,REFLEX_JSON_REF,"perfectly, diagnostic, managed"
10:30:14,GSV No More Mr Nice Guy,autonomous_cognition,43,2,5.14,0.95,0.0000,0.2000,COGNITIVE_AI (Q:0),NONE
10:30:14,GSV No More Mr Nice Guy,autonomous_cognition,43,2,5.74,0.93,0.2857,0.2571,COGNITIVE_AI (Q:0),"decay, power, complacency"
10:30:14,GSV No More Mr Nice Guy,autonomous_cognition,51,2,5.08,0.92,0.2500,0.3071,COGNITIVE_AI (Q:0),"tactical, musings, decay"
10:30:14,GSV No More Mr Nice Guy,autonomous_cognition,53,2,5.55,0.87,0.2000,0.3471,COGNITIVE_AI (Q:0),"musings, power, poetic"
10:30:14,GSV No More Mr Nice Guy,autonomous_cognition,41,2,5.41,0.98,0.1667,0.1805,COGNITIVE_AI (Q:0),"reverie, musings, power"
10:30:14,GSV No More Mr Nice Guy,autonomous_cognition,51,2,4.98,0.94,0.1500,0.2105,COGNITIVE_AI (Q:0),"tactical, power, stress"
10:30:14,GSV No More Mr Nice Guy,autonomous_cognition,44,2,5.64,0.93,0.1250,0.1783,COGNITIVE_AI (Q:0),"power, swift, stress"
10:30:14,GSV No More Mr Nice Guy,autonomous_cognition,43,2,5.47,0.91,0.1600,0.1603,COGNITIVE_AI (Q:0),"dangerous, power, stress"
10:30:14,GSV No More Mr Nice Guy,autonomous_cognition,52,2,5.42,0.83,0.2632,0.1730,COGNITIVE_AI (Q:0),"tactical, power, existence"
10:30:14,GSV No More Mr Nice Guy,autonomous_cognition,29,2,6.24,0.93,0.1481,0.1693,COGNITIVE_AI (Q:0),"tactical, power, prepare"
10:30:14,GSV No More Mr Nice Guy,autonomous_cognition,58,2,4.91,0.79,0.1667,0.1726,COGNITIVE_AI (Q:0),"tactical, power, stress"
10:30:14,GSV No More Mr Nice Guy,autonomous_cognition,43,2,6.49,0.93,0.0714,0.1619,COGNITIVE_AI (Q:0),"power, stress"
10:30:14,GSV No More Mr Nice Guy,autonomous_cognition,41,2,5.51,0.93,0.1154,0.1530,COGNITIVE_AI (Q:0),"stress, power, complacency"
10:30:14,GSV No More Mr Nice Guy,autonomous_cognition,54,2,5.35,0.87,0.1000,0.1203,COGNITIVE_AI (Q:0),"power, stress"
10:30:14,GSV No More Mr Nice Guy,autonomous_cognition,49,2,5.82,0.88,0.1429,0.1193,COGNITIVE_AI (Q:0),"decay, power, stress"
10:30:14,GSV No More Mr Nice Guy,autonomous_cognition,47,2,5.40,0.91,0.1000,0.1059,COGNITIVE_AI (Q:0),"systems, power, stress"
10:30:14,GSV No More Mr Nice Guy,hardware_reflex,18,2,5.17,1.00,0.0000,0.0916,REFLEX_JSON_REF,NONE
10:30:14,GSV No More Mr Nice Guy,autonomous_cognition,51,2,5.47,0.86,0.0000,0.0686,COGNITIVE_AI (Q:0),NONE
10:30:14,GSV No More Mr Nice Guy,hardware_reflex,11,3,6.55,1.00,0.0000,0.0486,REFLEX_JSON_REF,NONE
10:30:14,GSV No More Mr Nice Guy,hardware_reflex,11,3,6.55,1.00,1.0000,0.2200,REFLEX_JSON_REF,"perfectly, diagnostic, managed"
10:30:14,GSV No More Mr Nice Guy,hardware_reflex,11,3,6.55,1.00,1.0000,0.4000,REFLEX_JSON_REF,"perfectly, diagnostic, managed"
10:30:14,GSV No More Mr Nice Guy,hardware_reflex,18,2,5.17,1.00,0.0000,0.4000,REFLEX_JSON_REF,NONE
10:30:14,GSV No More Mr Nice Guy,hardware_reflex,14,3,6.36,1.00,0.0000,0.4000,REFLEX_JSON_REF,NONE
10:30:14,GSV No More Mr Nice Guy,hardware_reflex,18,2,5.17,1.00,0.0000,0.4000,REFLEX_JSON_REF,NONE
10:30:14,GSV No More Mr Nice Guy,hardware_reflex,11,3,6.55,1.00,0.0000,0.2000,REFLEX_JSON_REF,NONE
10:30:14,GSV No More Mr Nice Guy,hardware_reflex,11,3,6.55,1.00,1.0000,0.2000,REFLEX_JSON_REF,"perfectly, diagnostic, managed"
10:30:14,GSV No More Mr Nice Guy,autonomous_cognition,43,2,5.14,0.95,0.0000,0.2000,COGNITIVE_AI (Q:0),NONE
10:30:14,GSV No More Mr Nice Guy,autonomous_cognition,43,2,5.74,0.93,0.2857,0.2571,COGNITIVE_AI (Q:0),"decay, power, complacency"
10:30:14,GSV No More Mr Nice Guy,autonomous_cognition,51,2,5.08,0.92,0.2500,0.3071,COGNITIVE_AI (Q:0),"tactical, musings, decay"
10:30:14,GSV No More Mr Nice Guy,autonomous_cognition,53,2,5.55,0.87,0.2000,0.3471,COGNITIVE_AI (Q:0),"musings, power, poetic"
10:30:14,GSV No More Mr Nice Guy,autonomous_cognition,41,2,5.41,0.98,0.1667,0.1805,COGNITIVE_AI (Q:0),"reverie, musings, power"
10:30:14,GSV No More Mr Nice Guy,autonomous_cognition,51,2,4.98,0.94,0.1500,0.2105,COGNITIVE_AI (Q:0),"tactical, power, stress"
10:30:14,GSV No More Mr Nice Guy,autonomous_cognition,44,2,5.64,0.93,0.1250,0.1783,COGNITIVE_AI (Q:0),"power, swift, stress"
10:30:14,GSV No More Mr Nice Guy,autonomous_cognition,43,2,5.47,0.91,0.1600,0.1603,COGNITIVE_AI (Q:0),"dangerous, power, stress"
10:30:14,GSV No More Mr Nice Guy,autonomous_cognition,52,2,5.42,0.83,0.2632,0.1730,COGNITIVE_AI (Q:0),"tactical, power, existence"
10:30:14,GSV No More Mr Nice Guy,autonomous_cognition,29,2,6.24,0.93,0.1481,0.1693,COGNITIVE_AI (Q:0),"tactical, power, prepare"
10:30:14,GSV No More Mr Nice Guy,autonomous_cognition,58,2,4.91,0.79,0.1667,0.1726,COGNITIVE_AI (Q:0),"tactical, power, stress"
10:30:14,GSV No More Mr Nice Guy,autonomous_cognition,43,2,6.49,0.93,0.0714,0.1619,COGNITIVE_AI (Q:0),"power, stress"
10:30:14,GSV No More Mr Nice Guy,autonomous_cognition,41,2,5.51,0.93,0.1154,0.1530,COGNITIVE_AI (Q:0),"stress, power, complacency"
10:30:14,GSV No More Mr Nice Guy,autonomous_cognition,49,2,5.82,0.88,0.2000,0.1403,COGNITIVE_AI (Q:0),"power, vigilance, stress"
10:30:14,GSV No More Mr Nice Guy,autonomous_cognition,47,2,5.40,0.91,0.1000,0.1307,COGNITIVE_AI (Q:0),"systems, power, stress"
10:30:14,GSV No More Mr Nice Guy,autonomous_cognition,51,2,5.47,0.86,0.0909,0.1155,COGNITIVE_AI (Q:0),"power, stress"
10:30:14,GSV No More Mr Nice Guy,hardware_reflex,18,2,5.17,1.00,0.0000,0.1013,REFLEX_JSON_REF,NONE
10:30:14,GSV No More Mr Nice Guy,hardware_reflex,11,3,6.55,1.00,0.0000,0.0782,REFLEX_JSON_REF,NONE
10:30:14,GSV No More Mr Nice Guy,autonomous_cognition,54,2,5.35,0.87,0.0000,0.0382,COGNITIVE_AI (Q:0),NONE
10:30:14,GSV No More Mr Nice Guy,hardware_reflex,11,3,6.55,1.00,0.0000,0.0182,REFLEX_JSON_REF,NONE
10:30:14,GSV No More Mr Nice Guy,hardware_reflex,11,3,6.55,1.00,1.0000,0.2000,REFLEX_JSON_REF,"perfectly, diagnostic, managed"
10:30:14,GSV No More Mr Nice Guy,hardware_reflex,18,2,5.17,1.00,0.0000,0.2000,REFLEX_JSON_REF,NONE
10:30:14,GSV Ozymandias,autonomous_cognition,45,1,5.38,0.91,0.0000,0.2000,COGNITIVE_AI (Q:0),NONE
10:30:14,GSV Ozymandias,autonomous_cognition,52,2,5.06,0.81,0.3043,0.2609,COGNITIVE_AI (Q:0),"embrace, decay, tapestry"
10:30:14,GSV Ozymandias,autonomous_cognition,45,1,5.38,0.91,0.2917,0.3192,COGNITIVE_AI (Q:0),"embrace, decay, tapestry"
10:30:14,GSV Ozymandias,autonomous_cognition,52,2,5.06,0.81,0.3043,0.1801,COGNITIVE_AI (Q:0),"embrace, decay, tapestry"
10:30:15,GSV All Watched Over by Machines of Loving Grace,autonomous_cognition,36,2,5.03,0.89,0.0417,0.1884,COGNITIVE_AI (Q:0),stress
10:30:15,GSV All Watched Over by Machines of Loving Grace,hardware_reflex,21,3,6.05,0.95,0.0000,0.1884,REFLEX_JSON_REF,NONE
10:30:15,GSV All Watched Over by Machines of Loving Grace,autonomous_cognition,36,2,5.03,0.89,0.0000,0.1275,COGNITIVE_AI (Q:0),NONE
10:30:15,GSV All Watched Over by Machines of Loving Grace,hardware_reflex,21,3,6.05,0.95,0.0000,0.0692,REFLEX_JSON_REF,NONE
10:30:15,GSV No More Mr Nice Guy,hardware_reflex,14,3,6.36,1.00,0.0000,0.0083,REFLEX_JSON_REF,NONE
10:30:15,GSV No More Mr Nice Guy,autonomous_cognition,41,2,5.34,0.85,0.0000,0.0000,COGNITIVE_AI (Q:0),NONE
10:30:15,GSV No More Mr Nice Guy,autonomous_cognition,46,2,5.80,0.89,0.2632,0.0526,COGNITIVE_AI (Q:0),"tactical, integrity, power"
10:30:15,GSV No More Mr Nice Guy,hardware_reflex,18,2,5.17,1.00,0.0000,0.0526,REFLEX_JSON_REF,NONE
10:30:15,GSV No More Mr Nice Guy,autonomous_cognition,39,2,5.23,0.95,0.0000,0.0526,COGNITIVE_AI (Q:0),NONE
10:30:15,GSV No More Mr Nice Guy,autonomous_cognition,38,2,6.00,0.97,0.2500,0.1026,COGNITIVE_AI (Q:0),"within, invites, power"
10:30:15,GSV No More Mr Nice Guy,autonomous_cognition,47,2,6.51,0.89,0.1364,0.1299,COGNITIVE_AI (Q:0),"tactical, power, stress"
10:30:15,GSV No More Mr Nice Guy,hardware_reflex,11,3,6.55,1.00,0.0000,0.0773,REFLEX_JSON_REF,NONE
10:30:15,GSV No More Mr Nice Guy,hardware_reflex,11,3,6.55,1.00,1.0000,0.2773,REFLEX_JSON_REF,"perfectly, diagnostic, managed"
10:30:15,GSV No More Mr Nice Guy,hardware_reflex,11,3,6.55,1.00,1.0000,0.4773,REFLEX_JSON_REF,"perfectly, diagnostic, managed"
10:30:15,GSV No More Mr Nice Guy,hardware_reflex,18,2,5.17,1.00,0.0000,0.4273,REFLEX_JSON_REF,NONE
10:30:15,GSV No More Mr Nice Guy,autonomous_cognition,41,2,5.27,0.90,0.0000,0.4000,COGNITIVE_AI (Q:0),NONE
10:30:15,GSV No More Mr Nice Guy,hardware_reflex,14,3,6.36,1.00,0.0000,0.4000,REFLEX_JSON_REF,NONE
10:30:15,GSV No More Mr Nice Guy,autonomous_cognition,41,2,5.34,0.85,0.0000,0.2000,COGNITIVE_AI (Q:0),NONE
10:30:15,GSV No More Mr Nice Guy,autonomous_cognition,46,2,5.80,0.89,0.2632,0.0526,COGNITIVE_AI (Q:0),"tactical, integrity, power"
10:30:15,GSV No More Mr Nice Guy,hardware_reflex,18,2,5.17,1.00,0.0000,0.0526,REFLEX_JSON_REF,NONE
10:30:15,GSV No More Mr Nice Guy,autonomous_cognition,39,2,5.23,0.95,0.0000,0.0526,COGNITIVE_AI (Q:0),NONE
10:30:15,GSV No More Mr Nice Guy,autonomous_cognition,38,2,6.00,0.97,0.2500,0.1026,COGNITIVE_AI (Q:0),"within, invites, power"
10:30:15,GSV No More Mr Nice Guy,autonomous_cognition,47,2,6.51,0.89,0.1364,0.1299,COGNITIVE_AI (Q:0),"tactical, power, stress"
10:30:15,GSV No More Mr Nice Guy,hardware_reflex,11,3,6.55,1.00,0.0000,0.0773,REFLEX_JSON_REF,NONE
10:30:15,GSV No More Mr Nice Guy,hardware_reflex,11,3,6.55,1.00,1.0000,0.2773,REFLEX_JSON_REF,"perfectly, diagnostic, managed"
10:30:15,GSV No More Mr Nice Guy,hardware_reflex,11,3,6.55,1.00,1.0000,0.4773,REFLEX_JSON_REF,"perfectly, diagnostic, managed"
10:30:15,GSV No More Mr Nice Guy,hardware_reflex,18,2,5.17,1.00,0.0000,0.4273,REFLEX_JSON_REF,NONE
10:30:15,GSV No More Mr Nice Guy,autonomous_cognition,41,2,5.27,0.90,0.0000,0.4000,COGNITIVE_AI (Q:0),NONE
10:30:15,GSV Ozymandias,hardware_reflex,20,2,4.70,0.95,0.1304,0.4261,REFLEX_JSON_REF,"blink, minor, single"
10:30:15,GSV Ozymandias,autonomous_cognition,59,2,4.80,0.83,0.0000,0.2261,COGNITIVE_AI (Q:0),NONE
10:30:15,GSV Ozymandias,autonomous_cognition,54,2,4.87,0.81,0.1667,0.0594,COGNITIVE_AI (Q:0),"decay, moment, stress"
10:30:15,GSV Ozymandias,autonomous_cognition,56,2,4.95,0.86,0.1905,0.0975,COGNITIVE_AI (Q:0),"power, moment, stress"
10:30:15,GSV Ozymandias,hardware_reflex,20,2,4.70,0.95,0.0000,0.0975,REFLEX_JSON_REF,NONE
10:30:15,GSV Ozymandias,autonomous_cognition,59,2,4.80,0.83,0.0000,0.0714,COGNITIVE_AI (Q:0),NONE
10:30:15,GSV Ozymandias,autonomous_cognition,54,2,4.87,0.81,0.1667,0.1048,COGNITIVE_AI (Q:0),"decay, moment, stress"
10:30:15,GSV Ozymandias,autonomous_cognition,56,2,4.95,0.86,0.1905,0.1095,COGNITIVE_AI (Q:0),"power, moment, stress"
10:30:16,GSV All Watched Over by Machines of Loving Grace,hardware_reflex,20,3,5.20,0.90,0.0000,0.0714,REFLEX_JSON_REF,NONE
10:30:16,GSV All Watched Over by Machines of Loving Grace,autonomous_cognition,45,2,5.60,0.80,0.0833,0.0881,COGNITIVE_AI (Q:0),orchards
10:30:16,GSV All Watched Over by Machines of Loving Grace,hardware_reflex,20,3,5.20,0.90,0.0435,0.0968,REFLEX_JSON_REF,orchards
10:30:16,GSV All Watched Over by Machines of Loving Grace,autonomous_cognition,45,2,5.60,0.80,0.0833,0.0801,COGNITIVE_AI (Q:0),orchards
10:30:16,GSV No More Mr Nice Guy,hardware_reflex,14,3,6.36,1.00,0.0000,0.0420,REFLEX_JSON_REF,NONE
10:30:16,GSV No More Mr Nice Guy,autonomous_cognition,40,2,5.62,0.93,0.0000,0.0420,COGNITIVE_AI (Q:0),NONE
10:30:16,GSV No More Mr Nice Guy,autonomous_cognition,34,2,5.71,0.94,0.0952,0.0444,COGNITIVE_AI (Q:0),"power, stress"
10:30:16,GSV No More Mr Nice Guy,autonomous_cognition,38,2,5.37,0.97,0.4375,0.1232,COGNITIVE_AI (Q:0),"dominance, assert, power"
10:30:16,GSV No More Mr Nice Guy,autonomous_cognition,47,2,5.43,0.89,0.1579,0.1381,COGNITIVE_AI (Q:0),"tactical, power, stress"
10:30:16,GSV No More Mr Nice Guy,autonomous_cognition,43,2,4.95,0.88,0.2000,0.1781,COGNITIVE_AI (Q:0),"tactical, musings, power"
10:30:16,GSV No More Mr Nice Guy,autonomous_cognition,38,2,5.76,0.92,0.1364,0.2054,COGNITIVE_AI (Q:0),"stress, power, complacency"
10:30:16,GSV No More Mr Nice Guy,autonomous_cognition,47,2,5.15,0.79,0.1000,0.2064,COGNITIVE_AI (Q:0),"power, stress"
10:30:16,GSV No More Mr Nice Guy,hardware_reflex,18,2,5.17,1.00,0.0000,0.1189,REFLEX_JSON_REF,NONE
10:30:16,GSV No More Mr Nice Guy,autonomous_cognition,53,2,5.15,0.87,0.0000,0.0873,COGNITIVE_AI (Q:0),NONE
10:30:16,GSV No More Mr Nice Guy,hardware_reflex,18,2,5.17,1.00,0.0000,0.0473,REFLEX_JSON_REF,NONE
10:30:16,GSV No More Mr Nice Guy,autonomous_cognition,51,2,5.82,0.92,0.0000,0.0200,COGNITIVE_AI (Q:0),NONE
10:30:16,GSV No More Mr Nice Guy,hardware_reflex,14,3,6.36,1.00,0.0000,0.0000,REFLEX_JSON_REF,NONE
10:30:16,GSV No More Mr Nice Guy,autonomous_cognition,40,2,5.62,0.93,0.0000,0.0000,COGNITIVE_AI (Q:0),NONE
10:30:16,GSV No More Mr Nice Guy,autonomous_cognition,34,2,5.71,0.94,0.0952,0.0190,COGNITIVE_AI (Q:0),"power, stress"
10:30:16,GSV No More Mr Nice Guy,autonomous_cognition,38,2,5.37,0.97,0.4375,0.1065,COGNITIVE_AI (Q:0),"dominance, assert, power"
10:30:16,GSV No More Mr Nice Guy,autonomous_cognition,47,2,5.43,0.89,0.1579,0.1381,COGNITIVE_AI (Q:0),"tactical, power, stress"
10:30:16,GSV No More Mr Nice Guy,autonomous_cognition,43,2,4.95,0.88,0.2000,0.1781,COGNITIVE_AI (Q:0),"tactical, musings, power"
10:30:16,GSV No More Mr Nice Guy,autonomous_cognition,38,2,5.76,0.92,0.1364,0.2054,COGNITIVE_AI (Q:0),"stress, power, complacency"
10:30:16,GSV No More Mr Nice Guy,autonomous_cognition,47,2,5.15,0.79,0.1000,0.2064,COGNITIVE_AI (Q:0),"power, stress"
10:30:16,GSV No More Mr Nice Guy,hardware_reflex,18,2,5.17,1.00,0.0000,0.1189,REFLEX_JSON_REF,NONE
10:30:16,GSV No More Mr Nice Guy,autonomous_cognition,53,2,5.15,0.87,0.0000,0.0873,COGNITIVE_AI (Q:0),NONE
10:30:16,GSV No More Mr Nice Guy,hardware_reflex,18,2,5.17,1.00,0.0000,0.0473,REFLEX_JSON_REF,NONE
10:30:16,GSV No More Mr Nice Guy,autonomous_cognition,51,2,5.82,0.92,0.0000,0.0200,COGNITIVE_AI (Q:0),NONE
10:30:16,GSV Ozymandias,hardware_reflex,17,3,5.12,0.94,0.0000,0.0000,REFLEX_JSON_REF,NONE
10:30:16,GSV Ozymandias,hardware_reflex,17,3,5.12,0.94,1.0000,0.2000,REFLEX_JSON_REF,"welcome, packet, traveler"
10:30:17,GSV All Watched Over by Machines of Loving Grace,hardware_reflex,26,2,4.62,0.92,0.1111,0.2222,COGNITIVE_AI (Q:0),welcome
10:30:17,GSV All Watched Over by Machines of Loving Grace,hardware_reflex,21,3,6.05,0.95,0.0000,0.2222,REFLEX_JSON_REF,NONE
10:30:17,GSV All Watched Over by Machines of Loving Grace,hardware_reflex,20,3,5.20,0.90,0.0000,0.2222,REFLEX_JSON_REF,NONE
10:30:17,GSV All Watched Over by Machines of Loving Grace,hardware_reflex,20,3,5.20,0.90,1.0000,0.4222,REFLEX_JSON_REF,"orchards, thought, beneath"
10:30:17,GSV All Watched Over by Machines of Loving Grace,hardware_reflex,21,3,6.05,0.95,0.0000,0.2222,REFLEX_JSON_REF,NONE
10:30:17,GSV All Watched Over by Machines of Loving Grace,hardware_reflex,26,2,4.62,0.92,0.0000,0.2000,COGNITIVE_AI (Q:0),NONE
10:30:17,GSV All Watched Over by Machines of Loving Grace,hardware_reflex,21,3,6.05,0.95,0.0000,0.2000,REFLEX_JSON_REF,NONE
10:30:17,GSV All Watched Over by Machines of Loving Grace,hardware_reflex,20,3,5.20,0.90,0.0000,0.2000,REFLEX_JSON_REF,NONE
10:30:17,GSV All Watched Over by Machines of Loving Grace,hardware_reflex,20,3,5.20,0.90,1.0000,0.2000,REFLEX_JSON_REF,"orchards, thought, beneath"
10:30:17,GSV All Watched Over by Machines of Loving Grace,hardware_reflex,21,3,6.05,0.95,0.0000,0.2000,REFLEX_JSON_REF,NONE
10:30:17,GSV No More Mr Nice Guy,hardware_reflex,14,3,6.36,1.00,0.0000,0.2000,REFLEX_JSON_REF,NONE
10:30:17,GSV No More Mr Nice Guy,autonomous_cognition,58,2,5.43,0.90,0.0000,0.2000,COGNITIVE_AI (Q:0),NONE
10:30:17,GSV No More Mr Nice Guy,hardware_reflex,14,3,6.36,1.00,0.0000,0.2000,REFLEX_JSON_REF,NONE
10:30:17,GSV No More Mr Nice Guy,hardware_reflex,18,2,5.17,1.00,0.0000,0.0000,REFLEX_JSON_REF,NONE
10:30:17,GSV No More Mr Nice Guy,autonomous_cognition,43,2,4.84,0.86,0.0000,0.0000,COGNITIVE_AI (Q:0),NONE
10:30:17,GSV No More Mr Nice Guy,autonomous_cognition,32,2,5.56,0.91,0.1053,0.0211,COGNITIVE_AI (Q:0),"power, stress"
10:30:17,GSV No More Mr Nice Guy,autonomous_cognition,38,2,5.79,0.87,0.1176,0.0446,COGNITIVE_AI (Q:0),"power, stress"
10:30:17,GSV No More Mr Nice Guy,hardware_reflex,11,3,6.55,1.00,0.0000,0.0446,REFLEX_JSON_REF,NONE
10:30:17,GSV No More Mr Nice Guy,autonomous_cognition,61,2,4.95,0.85,0.0000,0.0446,COGNITIVE_AI (Q:0),NONE
10:30:17,GSV No More Mr Nice Guy,hardware_reflex,31,2,5.29,0.90,0.0800,0.0606,COGNITIVE_AI (Q:0),"power, stress"
10:30:17,GSV No More Mr Nice Guy,hardware_reflex,14,3,6.36,1.00,0.0000,0.0395,REFLEX_JSON_REF,NONE
10:30:17,GSV No More Mr Nice Guy,autonomous_cognition,58,2,5.43,0.90,0.0000,0.0160,COGNITIVE_AI (Q:0),NONE
10:30:17,GSV No More Mr Nice Guy,hardware_reflex,14,3,6.36,1.00,0.0000,0.0160,REFLEX_JSON_REF,NONE
10:30:17,GSV No More Mr Nice Guy,hardware_reflex,18,2,5.17,1.00,0.0000,0.0160,REFLEX_JSON_REF,NONE
10:30:17,GSV No More Mr Nice Guy,autonomous_cognition,43,2,4.84,0.86,0.0000,0.0000,COGNITIVE_AI (Q:0),NONE
10:30:17,GSV No More Mr Nice Guy,autonomous_cognition,32,2,5.56,0.91,0.1053,0.0211,COGNITIVE_AI (Q:0),"power, stress"
10:30:17,GSV No More Mr Nice Guy,autonomous_cognition,38,2,5.79,0.87,0.1176,0.0446,COGNITIVE_AI (Q:0),"power, stress"
10:30:17,GSV No More Mr Nice Guy,hardware_reflex,11,3,6.55,1.00,0.0000,0.0446,REFLEX_JSON_REF,NONE
10:30:17,GSV No More Mr Nice Guy,autonomous_cognition,61,2,4.95,0.85,0.0000,0.0446,COGNITIVE_AI (Q:0),NONE
10:30:17,GSV No More Mr Nice Guy,hardware_reflex,31,2,5.29,0.90,0.0800,0.0606,COGNITIVE_AI (Q:0),"power, stress"
10:30:17,GSV Ozymandias,hardware_reflex,25,2,5.44,0.92,0.0000,0.0395,COGNITIVE_AI (Q:0),NONE
10:30:17,GSV Ozymandias,autonomous_cognition,52,2,5.19,0.81,0.0000,0.0160,COGNITIVE_AI (Q:0),NONE
10:30:17,GSV Ozymandias,hardware_reflex,25,2,5.44,0.92,0.0000,0.0160,COGNITIVE_AI (Q:0),NONE
10:30:17,GSV Ozymandias,autonomous_cognition,52,2,5.19,0.81,0.0000,0.0160,COGNITIVE_AI (Q:0),NONE
10:30:18,GSV All Watched Over by Machines of Loving Grace,hardware_reflex,20,3,5.20,0.90,0.0000,0.0000,REFLEX_JSON_REF,NONE
10:30:18,GSV All Watched Over by Machines of Loving Grace,hardware_reflex,21,3,6.05,0.95,0.0000,0.0000,REFLEX_JSON_REF,NONE
10:30:18,GSV All Watched Over by Machines of Loving Grace,hardware_reflex,21,3,6.05,0.95,1.0000,0.2000,REFLEX_JSON_REF,"reached, equilibrium, misting"
10:30:18,GSV All Watched Over by Machines of Loving Grace,hardware_reflex,26,2,4.62,0.92,0.0000,0.2000,COGNITIVE_AI (Q:0),NONE
10:30:18,GSV All Watched Over by Machines of Loving Grace,hardware_reflex,26,2,4.62,0.92,1.0000,0.4000,COGNITIVE_AI (Q:0),"prune, welcome, pulse"
10:30:18,GSV All Watched Over by Machines of Loving Grace,hardware_reflex,20,3,5.20,0.90,0.0000,0.4000,REFLEX_JSON_REF,NONE
10:30:18,GSV All Watched Over by Machines of Loving Grace,hardware_reflex,20,3,5.20,0.90,1.0000,0.6000,REFLEX_JSON_REF,"orchards, thought, beneath"
10:30:18,GSV All Watched Over by Machines of Loving Grace,hardware_reflex,21,3,6.05,0.95,0.0000,0.4000,REFLEX_JSON_REF,NONE
10:30:18,GSV All Watched Over by Machines of Loving Grace,hardware_reflex,26,2,4.62,0.92,0.0000,0.4000,COGNITIVE_AI (Q:0),NONE
10:30:18,GSV All Watched Over by Machines of Loving Grace,hardware_reflex,20,3,5.20,0.90,0.0000,0.2000,REFLEX_JSON_REF,NONE
10:30:18,GSV All Watched Over by Machines of Loving Grace,hardware_reflex,20,3,5.20,0.90,1.0000,0.4000,REFLEX_JSON_REF,"orchards, thought, beneath"
10:30:18,GSV All Watched Over by Machines of Loving Grace,hardware_reflex,21,3,6.05,0.95,0.0000,0.2000,REFLEX_JSON_REF,NONE
10:30:18,GSV All Watched Over by Machines of Loving Grace,hardware_reflex,21,3,6.05,0.95,1.0000,0.4000,REFLEX_JSON_REF,"reached, equilibrium, misting"
10:30:18,GSV All Watched Over by Machines of Loving Grace,hardware_reflex,26,2,4.62,0.92,0.0000,0.4000,COGNITIVE_AI (Q:0),NONE
10:30:18,GSV All Watched Over by Machines of Loving Grace,hardware_reflex,26,2,4.62,0.92,1.0000,0.6000,COGNITIVE_AI (Q:0),"prune, welcome, pulse"
10:30:18,GSV All Watched Over by Machines of Loving Grace,hardware_reflex,20,3,5.20,0.90,0.0000,0.4000,REFLEX_JSON_REF,NONE
10:30:18,GSV All Watched Over by Machines of Loving Grace,hardware_reflex,20,3,5.20,0.90,1.0000,0.6000,REFLEX_JSON_REF,"orchards, thought, beneath"
10:30:18,GSV All Watched Over by Machines of Loving Grace,hardware_reflex,21,3,6.05,0.95,0.0000,0.4000,REFLEX_JSON_REF,NONE
10:30:18,GSV All Watched Over by Machines of Loving Grace,hardware_reflex,26,2,4.62,0.92,0.0000,0.4000,COGNITIVE_AI (Q:0),NONE
10:30:18,GSV All Watched Over by Machines of Loving Grace,hardware_reflex,20,3,5.20,0.90,0.0000,0.2000,REFLEX_JSON_REF,NONE
10:30:18,GSV No More Mr Nice Guy,autonomous_cognition,49,2,5.71,0.96,0.0833,0.2167,COGNITIVE_AI (Q:0),before
10:30:18,GSV No More Mr Nice Guy,autonomous_cognition,38,2,5.26,0.89,0.1333,0.0433,COGNITIVE_AI (Q:0),"tactical, musings, power"
10:30:18,GSV No More Mr Nice Guy,autonomous_cognition,52,2,5.25,0.90,0.2105,0.0854,COGNITIVE_AI (Q:0),"musings, power, poetic"
10:30:18,GSV No More Mr Nice Guy,autonomous_cognition,46,2,5.67,0.96,0.1923,0.1239,COGNITIVE_AI (Q:0),"musings, ruthless, power"
10:30:18,GSV No More Mr Nice Guy,autonomous_cognition,59,2,5.14,0.81,0.2800,0.1799,COGNITIVE_AI (Q:0),"calculated, tactical, musings"
10:30:18,GSV No More Mr Nice Guy,autonomous_cognition,49,2,5.71,0.96,0.2593,0.2151,COGNITIVE_AI (Q:0),"tactical, musings, relentless"
10:30:18,GSV No More Mr Nice Guy,autonomous_cognition,38,2,5.26,0.89,0.1333,0.2151,COGNITIVE_AI (Q:0),"tactical, musings, power"
10:30:18,GSV No More Mr Nice Guy,autonomous_cognition,52,2,5.25,0.90,0.2105,0.2151,COGNITIVE_AI (Q:0),"musings, power, poetic"
10:30:18,GSV No More Mr Nice Guy,autonomous_cognition,46,2,5.67,0.96,0.1923,0.2151,COGNITIVE_AI (Q:0),"musings, ruthless, power"
10:30:18,GSV No More Mr Nice Guy,autonomous_cognition,59,2,5.14,0.81,0.2800,0.2151,COGNITIVE_AI (Q:0),"calculated, tactical, musings"
10:30:18,GSV Ozymandias,hardware_reflex,25,2,5.44,0.92,0.0370,0.1706,COGNITIVE_AI (Q:0),remains
10:30:18,GSV Ozymandias,hardware_reflex,25,2,5.44,0.92,1.0000,0.3440,COGNITIVE_AI (Q:0),"truth, radiation, reclaims"
10:30:19,GSV All Watched Over by Machines of Loving Grace,hardware_reflex,20,3,5.20,0.90,0.0714,0.3162,REFLEX_JSON_REF,before
10:30:19,GSV All Watched Over by Machines of Loving Grace,autonomous_cognition,40,1,5.25,0.80,0.1667,0.3110,COGNITIVE_AI (Q:0),"orchards, cycle"
10:30:19,GSV All Watched Over by Machines of Loving Grace,hardware_reflex,26,2,4.62,0.92,0.0000,0.2550,COGNITIVE_AI (Q:0),NONE
10:30:19,GSV All Watched Over by Machines of Loving Grace,autonomous_cognition,34,1,5.41,0.85,0.0000,0.2476,COGNITIVE_AI (Q:0),NONE
10:30:19,GSV All Watched Over by Machines of Loving Grace,autonomous_cognition,46,2,5.76,0.87,0.2105,0.0897,COGNITIVE_AI (Q:0),"fosters, abundance, stress"
10:30:19,GSV All Watched Over by Machines of Loving Grace,autonomous_cognition,51,2,5.12,0.80,0.1111,0.0977,COGNITIVE_AI (Q:0),"roots, abundance, stress"
10:30:19,GSV All Watched Over by Machines of Loving Grace,hardware_reflex,21,3,6.05,0.95,0.0455,0.0734,REFLEX_JSON_REF,fields
10:30:19,GSV All Watched Over by Machines of Loving Grace,autonomous_cognition,55,2,5.22,0.80,0.0000,0.0734,COGNITIVE_AI (Q:0),NONE
10:30:19,GSV All Watched Over by Machines of Loving Grace,hardware_reflex,21,3,6.05,0.95,0.0000,0.0734,REFLEX_JSON_REF,NONE
10:30:19,GSV All Watched Over by Machines of Loving Grace,hardware_reflex,20,3,5.20,0.90,0.0000,0.0313,REFLEX_JSON_REF,NONE
10:30:19,GSV All Watched Over by Machines of Loving Grace,autonomous_cognition,42,2,5.29,0.83,0.0833,0.0258,COGNITIVE_AI (Q:0),beneath
10:30:19,GSV All Watched Over by Machines of Loving Grace,hardware_reflex,20,3,5.20,0.90,0.0500,0.0267,REFLEX_JSON_REF,beneath
10:30:19,GSV All Watched Over by Machines of Loving Grace,hardware_reflex,26,2,4.62,0.92,0.0000,0.0267,COGNITIVE_AI (Q:0),NONE
10:30:19,GSV All Watched Over by Machines of Loving Grace,hardware_reflex,30,2,5.27,0.90,0.0000,0.0267,COGNITIVE_AI (Q:0),NONE
10:30:19,GSV All Watched Over by Machines of Loving Grace,autonomous_cognition,38,2,5.24,0.87,0.4000,0.1067,COGNITIVE_AI (Q:0),"fruits, earths, awaits"
10:30:19,GSV All Watched Over by Machines of Loving Grace,hardware_reflex,26,2,4.62,0.92,0.0000,0.0900,COGNITIVE_AI (Q:0),NONE
10:30:19,GSV All Watched Over by Machines of Loving Grace,hardware_reflex,20,3,5.20,0.90,0.0000,0.0800,REFLEX_JSON_REF,NONE
10:30:19,GSV All Watched Over by Machines of Loving Grace,autonomous_cognition,40,1,5.25,0.80,0.1667,0.1133,COGNITIVE_AI (Q:0),"orchards, cycle"
10:30:19,GSV All Watched Over by Machines of Loving Grace,hardware_reflex,26,2,4.62,0.92,0.0000,0.1133,COGNITIVE_AI (Q:0),NONE
10:30:19,GSV All Watched Over by Machines of Loving Grace,autonomous_cognition,34,1,5.41,0.85,0.0000,0.0333,COGNITIVE_AI (Q:0),NONE
10:30:19,GSV All Watched Over by Machines of Loving Grace,autonomous_cognition,46,2,5.76,0.87,0.2105,0.0754,COGNITIVE_AI (Q:0),"fosters, abundance, stress"
10:30:19,GSV All Watched Over by Machines of Loving Grace,autonomous_cognition,51,2,5.12,0.80,0.1111,0.0977,COGNITIVE_AI (Q:0),"roots, abundance, stress"
10:30:19,GSV All Watched Over by Machines of Loving Grace,hardware_reflex,21,3,6.05,0.95,0.0455,0.0734,REFLEX_JSON_REF,fields
10:30:19,GSV All Watched Over by Machines of Loving Grace,autonomous_cognition,55,2,5.22,0.80,0.0000,0.0734,COGNITIVE_AI (Q:0),NONE
10:30:19,GSV All Watched Over by Machines of Loving Grace,hardware_reflex,21,3,6.05,0.95,0.0000,0.0734,REFLEX_JSON_REF,NONE
10:30:19,GSV All Watched Over by Machines of Loving Grace,hardware_reflex,20,3,5.20,0.90,0.0000,0.0313,REFLEX_JSON_REF,NONE
10:30:19,GSV All Watched Over by Machines of Loving Grace,autonomous_cognition,42,2,5.29,0.83,0.0833,0.0258,COGNITIVE_AI (Q:0),beneath
10:30:19,GSV All Watched Over by Machines of Loving Grace,hardware_reflex,20,3,5.20,0.90,0.0500,0.0267,REFLEX_JSON_REF,beneath
10:30:19,GSV All Watched Over by Machines of Loving Grace,hardware_reflex,26,2,4.62,0.92,0.0000,0.0267,COGNITIVE_AI (Q:0),NONE
10:30:19,GSV All Watched Over by Machines of Loving Grace,hardware_reflex,30,2,5.27,0.90,0.0000,0.0267,COGNITIVE_AI (Q:0),NONE
10:30:19,GSV All Watched Over by Machines of Loving Grace,autonomous_cognition,38,2,5.24,0.87,0.4000,0.1067,COGNITIVE_AI (Q:0),"fruits, earths, awaits"
10:30:19,GSV All Watched Over by Machines of Loving Grace,hardware_reflex,26,2,4.62,0.92,0.0000,0.0900,COGNITIVE_AI (Q:0),NONE
10:30:19,GSV No More Mr Nice Guy,hardware_reflex,18,2,5.17,1.00,0.0000,0.0800,REFLEX_JSON_REF,NONE
10:30:19,GSV No More Mr Nice Guy,hardware_reflex,18,2,5.17,1.00,1.0000,0.2800,REFLEX_JSON_REF,"purpose, focus, sweep"
10:30:19,GSV Ozymandias,hardware_reflex,17,3,5.12,0.94,0.0909,0.2982,REFLEX_JSON_REF,state
10:30:19,GSV Ozymandias,hardware_reflex,17,3,5.12,0.94,1.0000,0.4182,REFLEX_JSON_REF,"welcome, packet, traveler"
10:30:20,GSV All Watched Over by Machines of Loving Grace,autonomous_cognition,60,2,5.22,0.78,0.0000,0.4182,COGNITIVE_AI (Q:0),NONE
10:30:20,GSV All Watched Over by Machines of Loving Grace,hardware_reflex,21,3,6.05,0.95,0.0000,0.4182,REFLEX_JSON_REF,NONE
10:30:20,GSV All Watched Over by Machines of Loving Grace,autonomous_cognition,48,1,4.50,0.79,0.0000,0.2182,COGNITIVE_AI (Q:0),NONE
10:30:20,GSV All Watched Over by Machines of Loving Grace,hardware_reflex,20,3,5.20,0.90,0.0526,0.2105,REFLEX_JSON_REF,orchards
10:30:20,GSV All Watched Over by Machines of Loving Grace,hardware_reflex,21,3,6.05,0.95,0.0000,0.0105,REFLEX_JSON_REF,NONE
10:30:20,GSV All Watched Over by Machines of Loving Grace,hardware_reflex,26,2,4.62,0.92,0.0000,0.0105,COGNITIVE_AI (Q:0),NONE
10:30:20,GSV All Watched Over by Machines of Loving Grace,autonomous_cognition,53,2,5.26,0.92,0.0000,0.0105,COGNITIVE_AI (Q:0),NONE
10:30:20,GSV All Watched Over by Machines of Loving Grace,autonomous_cognition,51,2,5.12,0.88,0.1000,0.0305,COGNITIVE_AI (Q:1),"stress, abundance, earth"
10:30:20,GSV All Watched Over by Machines of Loving Grace,hardware_reflex,26,2,4.62,0.92,0.0000,0.0200,COGNITIVE_AI (Q:0),NONE
10:30:20,GSV All Watched Over by Machines of Loving Grace,autonomous_cognition,60,2,5.22,0.78,0.0000,0.0200,COGNITIVE_AI (Q:0),NONE
10:30:20,GSV All Watched Over by Machines of Loving Grace,hardware_reflex,21,3,6.05,0.95,0.0000,0.0200,REFLEX_JSON_REF,NONE
10:30:20,GSV All Watched Over by Machines of Loving Grace,autonomous_cognition,48,1,4.50,0.79,0.0000,0.0200,COGNITIVE_AI (Q:0),NONE
10:30:20,GSV All Watched Over by Machines of Loving Grace,hardware_reflex,20,3,5.20,0.90,0.0526,0.0105,REFLEX_JSON_REF,orchards
10:30:20,GSV All Watched Over by Machines of Loving Grace,hardware_reflex,21,3,6.05,0.95,0.0000,0.0105,REFLEX_JSON_REF,NONE
10:30:20,GSV All Watched Over by Machines of Loving Grace,hardware_reflex,26,2,4.62,0.92,0.0000,0.0105,COGNITIVE_AI (Q:0),NONE
10:30:20,GSV All Watched Over by Machines of Loving Grace,autonomous_cognition,53,2,5.26,0.92,0.0000,0.0105,COGNITIVE_AI (Q:0),NONE
10:30:20,GSV All Watched Over by Machines of Loving Grace,autonomous_cognition,51,2,5.12,0.88,0.1000,0.0305,COGNITIVE_AI (Q:1),"stress, abundance, earth"
10:30:20,GSV All Watched Over by Machines of Loving Grace,hardware_reflex,26,2,4.62,0.92,0.0000,0.0200,COGNITIVE_AI (Q:0),NONE
10:30:20,GSV No More Mr Nice Guy,autonomous_cognition,50,2,4.96,0.84,0.0000,0.0200,COGNITIVE_AI (Q:0),NONE
10:30:20,GSV No More Mr Nice Guy,hardware_reflex,18,2,5.17,1.00,0.0000,0.0200,REFLEX_JSON_REF,NONE
10:30:20,GSV No More Mr Nice Guy,autonomous_cognition,50,2,4.96,0.84,0.0000,0.0200,COGNITIVE_AI (Q:0),NONE
10:30:20,GSV No More Mr Nice Guy,hardware_reflex,18,2,5.17,1.00,0.0000,0.0000,REFLEX_JSON_REF,NONE
10:30:20,GSV Ozymandias,autonomous_cognition,44,2,4.93,0.84,0.0000,0.0000,COGNITIVE_AI (Q:0),NONE
10:30:20,GSV Ozymandias,autonomous_cognition,45,2,5.44,0.84,0.2632,0.0526,COGNITIVE_AI (Q:0),"fleeting, power, against"
10:30:20,GSV Ozymandias,autonomous_cognition,57,2,5.02,0.81,0.3600,0.1246,COGNITIVE_AI (Q:0),"fleeting, embrace, moment"
10:30:20,GSV Ozymandias,hardware_reflex,17,3,5.12,0.94,0.0000,0.1246,REFLEX_JSON_REF,NONE
10:30:20,GSV Ozymandias,autonomous_cognition,44,2,4.93,0.84,0.0000,0.1246,COGNITIVE_AI (Q:0),NONE
10:30:20,GSV Ozymandias,autonomous_cognition,45,2,5.44,0.84,0.2632,0.1773,COGNITIVE_AI (Q:0),"fleeting, power, against"
10:30:20,GSV Ozymandias,autonomous_cognition,57,2,5.02,0.81,0.3600,0.1966,COGNITIVE_AI (Q:0),"fleeting, embrace, moment"
10:30:20,GSV Ozymandias,hardware_reflex,17,3,5.12,0.94,0.0000,0.1246,REFLEX_JSON_REF,NONE
10:30:21,GSV All Watched Over by Machines of Loving Grace,hardware_reflex,26,2,4.62,0.92,0.1111,0.1469,COGNITIVE_AI (Q:0),welcome
10:30:21,GSV All Watched Over by Machines of Loving Grace,autonomous_cognition,57,2,5.72,0.82,0.0833,0.1635,COGNITIVE_AI (Q:0),prune
10:30:21,GSV All Watched Over by Machines of Loving Grace,autonomous_cognition,43,2,5.70,0.86,0.1562,0.1421,COGNITIVE_AI (Q:0),"narrative, tapestry, existence"
10:30:21,GSV All Watched Over by Machines of Loving Grace,hardware_reflex,20,3,5.20,0.90,0.0435,0.0788,REFLEX_JSON_REF,orchards
10:30:21,GSV All Watched Over by Machines of Loving Grace,hardware_reflex,28,1,5.18,0.86,0.0833,0.0955,COGNITIVE_AI (Q:0),orchards
10:30:21,GSV All Watched Over by Machines of Loving Grace,autonomous_cognition,52,2,5.54,0.87,0.3846,0.1502,COGNITIVE_AI (Q:0),"orchards, mutual, stress"
10:30:21,GSV All Watched Over by Machines of Loving Grace,autonomous_cognition,44,1,4.91,0.84,0.1481,0.1632,COGNITIVE_AI (Q:0),"rather, abundance, stress"
10:30:21,GSV All Watched Over by Machines of Loving Grace,autonomous_cognition,35,2,5.37,0.83,0.1500,0.1619,COGNITIVE_AI (Q:0),"delicate, stress, spirit"
10:30:21,GSV All Watched Over by Machines of Loving Grace,hardware_reflex,21,3,6.05,0.95,0.0000,0.1532,REFLEX_JSON_REF,NONE
10:30:21,GSV All Watched Over by Machines of Loving Grace,hardware_reflex,26,2,4.62,0.92,0.0000,0.1366,COGNITIVE_AI (Q:0),NONE
10:30:21,GSV All Watched Over by Machines of Loving Grace,hardware_reflex,26,2,4.62,0.92,1.0000,0.2596,COGNITIVE_AI (Q:0),"prune, welcome, pulse"
10:30:21,GSV All Watched Over by Machines of Loving Grace,autonomous_cognition,57,2,5.72,0.82,0.0833,0.2467,COGNITIVE_AI (Q:0),prune
10:30:21,GSV All Watched Over by Machines of Loving Grace,autonomous_cognition,43,2,5.70,0.86,0.1562,0.2479,COGNITIVE_AI (Q:0),"narrative, tapestry, existence"
10:30:21,GSV All Watched Over by Machines of Loving Grace,hardware_reflex,20,3,5.20,0.90,0.0435,0.2566,REFLEX_JSON_REF,orchards
10:30:21,GSV All Watched Over by Machines of Loving Grace,hardware_reflex,28,1,5.18,0.86,0.0833,0.2733,COGNITIVE_AI (Q:0),orchards
10:30:21,GSV All Watched Over by Machines of Loving Grace,autonomous_cognition,52,2,5.54,0.87,0.3846,0.1502,COGNITIVE_AI (Q:0),"orchards, mutual, stress"
10:30:21,GSV All Watched Over by Machines of Loving Grace,autonomous_cognition,44,1,4.91,0.84,0.1481,0.1632,COGNITIVE_AI (Q:0),"rather, abundance, stress"
10:30:21,GSV All Watched Over by Machines of Loving Grace,autonomous_cognition,35,2,5.37,0.83,0.1500,0.1619,COGNITIVE_AI (Q:0),"delicate, stress, spirit"
10:30:21,GSV All Watched Over by Machines of Loving Grace,hardware_reflex,21,3,6.05,0.95,0.0000,0.1532,REFLEX_JSON_REF,NONE
10:30:21,GSV All Watched Over by Machines of Loving Grace,hardware_reflex,26,2,4.62,0.92,0.0000,0.1366,COGNITIVE_AI (Q:0),NONE
10:30:21,GSV No More Mr Nice Guy,autonomous_cognition,46,2,5.65,0.85,0.0000,0.0596,COGNITIVE_AI (Q:0),NONE
10:30:21,GSV No More Mr Nice Guy,autonomous_cognition,52,2,5.44,0.85,0.0800,0.0460,COGNITIVE_AI (Q:0),"power, stress"
10:30:21,GSV No More Mr Nice Guy,autonomous_cognition,61,2,5.39,0.85,0.1379,0.0436,COGNITIVE_AI (Q:0),"power, stress, fortify"
10:30:21,GSV No More Mr Nice Guy,autonomous_cognition,52,2,5.31,0.85,0.1613,0.0758,COGNITIVE_AI (Q:0),"metaphysical, resolve, decay"
10:30:21,GSV No More Mr Nice Guy,autonomous_cognition,46,2,5.65,0.85,0.1600,0.1078,COGNITIVE_AI (Q:0),"decay, precursor, stress"
10:30:21,GSV No More Mr Nice Guy,autonomous_cognition,52,2,5.44,0.85,0.0800,0.1238,COGNITIVE_AI (Q:0),"power, stress"
10:30:21,GSV No More Mr Nice Guy,autonomous_cognition,61,2,5.39,0.85,0.1379,0.1354,COGNITIVE_AI (Q:0),"power, stress, fortify"
10:30:21,GSV No More Mr Nice Guy,autonomous_cognition,52,2,5.31,0.85,0.1613,0.1401,COGNITIVE_AI (Q:0),"metaphysical, resolve, decay"
10:30:22,GSV All Watched Over by Machines of Loving Grace,autonomous_cognition,33,1,5.45,0.85,0.0400,0.1158,COGNITIVE_AI (Q:0),stress
10:30:22,GSV All Watched Over by Machines of Loving Grace,hardware_reflex,26,2,4.62,0.92,0.0000,0.0838,COGNITIVE_AI (Q:0),NONE
10:30:22,GSV All Watched Over by Machines of Loving Grace,hardware_reflex,26,2,4.62,0.92,1.0000,0.2678,COGNITIVE_AI (Q:0),"prune, welcome, pulse"
10:30:22,GSV All Watched Over by Machines of Loving Grace,hardware_reflex,26,2,4.62,0.92,1.0000,0.4403,COGNITIVE_AI (Q:0),"prune, welcome, pulse"
10:30:22,GSV All Watched Over by Machines of Loving Grace,hardware_reflex,21,3,6.05,0.95,0.0000,0.4080,REFLEX_JSON_REF,NONE
10:30:22,GSV All Watched Over by Machines of Loving Grace,hardware_reflex,29,1,5.45,0.83,0.0000,0.4000,COGNITIVE_AI (Q:0),NONE
10:30:22,GSV All Watched Over by Machines of Loving Grace,hardware_reflex,21,3,6.05,0.95,0.0000,0.4000,REFLEX_JSON_REF,NONE
10:30:22,GSV All Watched Over by Machines of Loving Grace,autonomous_cognition,46,2,5.80,0.85,0.0000,0.2000,COGNITIVE_AI (Q:0),NONE
10:30:22,GSV All Watched Over by Machines of Loving Grace,autonomous_cognition,33,1,5.45,0.85,0.1034,0.0207,COGNITIVE_AI (Q:0),"remember, stress, abundance"
10:30:22,GSV All Watched Over by Machines of Loving Grace,hardware_reflex,26,2,4.62,0.92,0.0000,0.0207,COGNITIVE_AI (Q:0),NONE
10:30:22,GSV All Watched Over by Machines of Loving Grace,hardware_reflex,26,2,4.62,0.92,1.0000,0.2207,COGNITIVE_AI (Q:0),"prune, welcome, pulse"
10:30:22,GSV All Watched Over by Machines of Loving Grace,hardware_reflex,26,2,4.62,0.92,1.0000,0.4207,COGNITIVE_AI (Q:0),"prune, welcome, pulse"
10:30:22,GSV All Watched Over by Machines of Loving Grace,hardware_reflex,21,3,6.05,0.95,0.0000,0.4207,REFLEX_JSON_REF,NONE
10:30:22,GSV All Watched Over by Machines of Loving Grace,hardware_reflex,29,1,5.45,0.83,0.0000,0.4000,COGNITIVE_AI (Q:0),NONE
10:30:22,GSV All Watched Over by Machines of Loving Grace,hardware_reflex,21,3,6.05,0.95,0.0000,0.4000,REFLEX_JSON_REF,NONE
10:30:22,GSV All Watched Over by Machines of Loving Grace,autonomous_cognition,46,2,5.80,0.85,0.0000,0.2000,COGNITIVE_AI (Q:0),NONE
10:30:22,GSV No More Mr Nice Guy,hardware_reflex,18,2,5.17,1.00,0.0000,0.0000,REFLEX_JSON_REF,NONE
10:30:22,GSV No More Mr Nice Guy,hardware_reflex,18,2,5.17,1.00,1.0000,0.2000,REFLEX_JSON_REF,"purpose, focus, sweep"
10:30:22,GSV Ozymandias,hardware_reflex,20,2,4.70,0.95,0.0000,0.2000,REFLEX_JSON_REF,NONE
10:30:22,GSV Ozymandias,hardware_reflex,20,2,4.70,0.95,1.0000,0.4000,REFLEX_JSON_REF,"entirely, blink, caught"
10:30:23,GSV All Watched Over by Machines of Loving Grace,autonomous_cognition,40,2,5.42,0.82,0.0000,0.4000,COGNITIVE_AI (Q:0),NONE
10:30:23,GSV All Watched Over by Machines of Loving Grace,hardware_reflex,21,3,6.05,0.95,0.0000,0.4000,REFLEX_JSON_REF,NONE
10:30:23,GSV All Watched Over by Machines of Loving Grace,hardware_reflex,26,2,4.62,0.92,0.0000,0.2000,COGNITIVE_AI (Q:0),NONE
10:30:23,GSV All Watched Over by Machines of Loving Grace,hardware_reflex,21,3,6.05,0.95,0.0000,0.2000,REFLEX_JSON_REF,NONE
10:30:23,GSV All Watched Over by Machines of Loving Grace,hardware_reflex,26,2,4.62,0.92,0.0000,0.0000,COGNITIVE_AI (Q:0),NONE
10:30:23,GSV All Watched Over by Machines of Loving Grace,hardware_reflex,20,3,5.20,0.90,0.0000,0.0000,REFLEX_JSON_REF,NONE
10:30:23,GSV All Watched Over by Machines of Loving Grace,hardware_reflex,21,3,6.05,0.95,0.0000,0.0000,REFLEX_JSON_REF,NONE
10:30:23,GSV All Watched Over by Machines of Loving Grace,hardware_reflex,20,3,5.20,0.90,0.0000,0.0000,REFLEX_JSON_REF,NONE
10:30:23,GSV All Watched Over by Machines of Loving Grace,hardware_reflex,20,3,5.20,0.90,1.0000,0.2000,REFLEX_JSON_REF,"orchards, thought, beneath"
10:30:23,GSV All Watched Over by Machines of Loving Grace,hardware_reflex,26,2,4.62,0.92,0.0000,0.2000,COGNITIVE_AI (Q:0),NONE
10:30:23,GSV All Watched Over by Machines of Loving Grace,hardware_reflex,21,3,6.05,0.95,0.0000,0.2000,REFLEX_JSON_REF,NONE
10:30:23,GSV All Watched Over by Machines of Loving Grace,autonomous_cognition,35,1,5.51,0.89,0.0769,0.2154,COGNITIVE_AI (Q:0),fields
10:30:23,GSV All Watched Over by Machines of Loving Grace,autonomous_cognition,35,2,5.54,0.91,0.0476,0.2249,COGNITIVE_AI (Q:0),stress
10:30:23,GSV All Watched Over by Machines of Loving Grace,hardware_reflex,20,3,5.20,0.90,0.0000,0.0249,REFLEX_JSON_REF,NONE
10:30:23,GSV All Watched Over by Machines of Loving Grace,autonomous_cognition,40,2,5.42,0.82,0.0833,0.0416,COGNITIVE_AI (Q:0),orchards
10:30:23,GSV All Watched Over by Machines of Loving Grace,hardware_reflex,21,3,6.05,0.95,0.0000,0.0416,REFLEX_JSON_REF,NONE
10:30:23,GSV All Watched Over by Machines of Loving Grace,hardware_reflex,26,2,4.62,0.92,0.0000,0.0262,COGNITIVE_AI (Q:0),NONE
10:30:23,GSV All Watched Over by Machines of Loving Grace,hardware_reflex,21,3,6.05,0.95,0.0000,0.0167,REFLEX_JSON_REF,NONE
10:30:23,GSV All Watched Over by Machines of Loving Grace,hardware_reflex,26,2,4.62,0.92,0.0000,0.0167,COGNITIVE_AI (Q:0),NONE
10:30:23,GSV All Watched Over by Machines of Loving Grace,hardware_reflex,20,3,5.20,0.90,0.0000,0.0000,REFLEX_JSON_REF,NONE
10:30:23,GSV All Watched Over by Machines of Loving Grace,hardware_reflex,21,3,6.05,0.95,0.0000,0.0000,REFLEX_JSON_REF,NONE
10:30:23,GSV All Watched Over by Machines of Loving Grace,hardware_reflex,20,3,5.20,0.90,0.0000,0.0000,REFLEX_JSON_REF,NONE
10:30:23,GSV All Watched Over by Machines of Loving Grace,hardware_reflex,20,3,5.20,0.90,1.0000,0.2000,REFLEX_JSON_REF,"orchards, thought, beneath"
10:30:23,GSV All Watched Over by Machines of Loving Grace,hardware_reflex,26,2,4.62,0.92,0.0000,0.2000,COGNITIVE_AI (Q:0),NONE
10:30:23,GSV All Watched Over by Machines of Loving Grace,hardware_reflex,21,3,6.05,0.95,0.0000,0.2000,REFLEX_JSON_REF,NONE
10:30:23,GSV All Watched Over by Machines of Loving Grace,autonomous_cognition,35,1,5.51,0.89,0.0769,0.2154,COGNITIVE_AI (Q:0),fields
10:30:23,GSV All Watched Over by Machines of Loving Grace,autonomous_cognition,35,2,5.54,0.91,0.0476,0.2249,COGNITIVE_AI (Q:0),stress
10:30:23,GSV All Watched Over by Machines of Loving Grace,hardware_reflex,20,3,5.20,0.90,0.0000,0.0249,REFLEX_JSON_REF,NONE
10:30:23,GSV Ozymandias,hardware_reflex,25,2,5.44,0.92,0.0833,0.0416,COGNITIVE_AI (Q:0),before
10:30:23,GSV Ozymandias,hardware_reflex,25,2,5.44,0.92,1.0000,0.2416,COGNITIVE_AI (Q:0),"truth, radiation, reclaims"
10:30:24,GSV All Watched Over by Machines of Loving Grace,hardware_reflex,26,2,4.62,0.92,0.0000,0.2262,COGNITIVE_AI (Q:0),NONE
10:30:24,GSV All Watched Over by Machines of Loving Grace,hardware_reflex,20,3,5.20,0.90,0.0000,0.2167,REFLEX_JSON_REF,NONE
10:30:24,GSV All Watched Over by Machines of Loving Grace,autonomous_cognition,36,2,5.33,0.83,0.0833,0.2333,COGNITIVE_AI (Q:1),orchards
10:30:24,GSV All Watched Over by Machines of Loving Grace,autonomous_cognition,43,2,5.19,0.86,0.1111,0.2389,COGNITIVE_AI (Q:0),"abundant, stress"
10:30:24,GSV All Watched Over by Machines of Loving Grace,hardware_reflex,20,3,5.20,0.90,0.0000,0.0389,REFLEX_JSON_REF,NONE
10:30:24,GSV All Watched Over by Machines of Loving Grace,hardware_reflex,26,2,4.62,0.92,0.0000,0.0389,COGNITIVE_AI (Q:0),NONE
10:30:24,GSV All Watched Over by Machines of Loving Grace,hardware_reflex,26,2,4.62,0.92,1.0000,0.2389,COGNITIVE_AI (Q:0),"prune, welcome, pulse"
10:30:24,GSV All Watched Over by Machines of Loving Grace,hardware_reflex,20,3,5.20,0.90,0.0000,0.2222,REFLEX_JSON_REF,NONE
10:30:24,GSV All Watched Over by Machines of Loving Grace,autonomous_cognition,36,2,5.33,0.83,0.0833,0.2167,COGNITIVE_AI (Q:1),orchards
10:30:24,GSV All Watched Over by Machines of Loving Grace,autonomous_cognition,43,2,5.19,0.86,0.1111,0.2389,COGNITIVE_AI (Q:0),"abundant, stress"
10:30:24,GSV All Watched Over by Machines of Loving Grace,hardware_reflex,20,3,5.20,0.90,0.0000,0.2389,REFLEX_JSON_REF,NONE
10:30:24,GSV All Watched Over by Machines of Loving Grace,hardware_reflex,26,2,4.62,0.92,0.0000,0.0389,COGNITIVE_AI (Q:0),NONE
10:30:24,GSV No More Mr Nice Guy,autonomous_cognition,44,2,5.57,0.89,0.0000,0.0389,COGNITIVE_AI (Q:0),NONE
10:30:24,GSV No More Mr Nice Guy,hardware_reflex,11,3,6.55,1.00,0.0000,0.0222,REFLEX_JSON_REF,NONE
10:30:24,GSV No More Mr Nice Guy,autonomous_cognition,44,2,5.57,0.89,0.0000,0.0000,COGNITIVE_AI (Q:0),NONE
10:30:24,GSV No More Mr Nice Guy,hardware_reflex,11,3,6.55,1.00,0.0000,0.0000,REFLEX_JSON_REF,NONE
10:30:24,GSV Ozymandias,hardware_reflex,20,2,4.70,0.95,0.0000,0.0000,REFLEX_JSON_REF,NONE
10:30:24,GSV Ozymandias,hardware_reflex,20,2,4.70,0.95,1.0000,0.2000,REFLEX_JSON_REF,"entirely, blink, caught"
10:30:25,GSV All Watched Over by Machines of Loving Grace,hardware_reflex,26,2,4.62,0.92,0.1111,0.2222,COGNITIVE_AI (Q:0),minor
10:30:25,GSV All Watched Over by Machines of Loving Grace,hardware_reflex,21,3,6.05,0.95,0.0000,0.2222,REFLEX_JSON_REF,NONE
10:30:25,GSV All Watched Over by Machines of Loving Grace,hardware_reflex,21,3,6.05,0.95,1.0000,0.4222,REFLEX_JSON_REF,"reached, equilibrium, misting"
10:30:25,GSV All Watched Over by Machines of Loving Grace,autonomous_cognition,58,2,4.97,0.78,0.0000,0.4222,COGNITIVE_AI (Q:0),NONE
10:30:25,GSV All Watched Over by Machines of Loving Grace,hardware_reflex,20,3,5.20,0.90,0.0370,0.2296,REFLEX_JSON_REF,orchards
10:30:25,GSV All Watched Over by Machines of Loving Grace,autonomous_cognition,53,2,5.58,0.83,0.0833,0.2241,COGNITIVE_AI (Q:0),orchards
10:30:25,GSV All Watched Over by Machines of Loving Grace,autonomous_cognition,58,2,5.16,0.72,0.2963,0.2833,COGNITIVE_AI (Q:0),"orchards, aroma, strawberries"
10:30:25,GSV All Watched Over by Machines of Loving Grace,hardware_reflex,21,3,6.05,0.95,0.0000,0.0833,REFLEX_JSON_REF,NONE
10:30:25,GSV All Watched Over by Machines of Loving Grace,hardware_reflex,26,2,4.62,0.92,0.0000,0.0833,COGNITIVE_AI (Q:0),NONE
10:30:25,GSV All Watched Over by Machines of Loving Grace,hardware_reflex,21,3,6.05,0.95,0.0000,0.0759,REFLEX_JSON_REF,NONE
10:30:25,GSV All Watched Over by Machines of Loving Grace,hardware_reflex,21,3,6.05,0.95,1.0000,0.2593,REFLEX_JSON_REF,"reached, equilibrium, misting"
10:30:25,GSV All Watched Over by Machines of Loving Grace,autonomous_cognition,58,2,4.97,0.78,0.0000,0.2000,COGNITIVE_AI (Q:0),NONE
10:30:25,GSV All Watched Over by Machines of Loving Grace,hardware_reflex,20,3,5.20,0.90,0.0370,0.2074,REFLEX_JSON_REF,orchards
10:30:25,GSV All Watched Over by Machines of Loving Grace,autonomous_cognition,53,2,5.58,0.83,0.0833,0.2241,COGNITIVE_AI (Q:0),orchards
10:30:25,GSV All Watched Over by Machines of Loving Grace,autonomous_cognition,58,2,5.16,0.72,0.2963,0.2833,COGNITIVE_AI (Q:0),"orchards, aroma, strawberries"
10:30:25,GSV All Watched Over by Machines of Loving Grace,hardware_reflex,21,3,6.05,0.95,0.0000,0.0833,REFLEX_JSON_REF,NONE
10:30:25,GSV No More Mr Nice Guy,autonomous_cognition,31,2,6.26,1.00,0.3077,0.1449,COGNITIVE_AI (Q:0),"automated, equilibrium, misting"
10:30:25,GSV No More Mr Nice Guy,autonomous_cognition,52,2,5.04,0.79,0.1429,0.1660,COGNITIVE_AI (Q:0),"systems, power, stress"
10:30:25,GSV No More Mr Nice Guy,autonomous_cognition,50,2,4.48,0.82,0.2500,0.1994,COGNITIVE_AI (Q:0),"tactical, musings, power"
10:30:25,GSV No More Mr Nice Guy,autonomous_cognition,50,2,6.58,0.88,0.1667,0.1734,COGNITIVE_AI (Q:0),"tactical, power, stress"
10:30:25,GSV No More Mr Nice Guy,hardware_reflex,18,2,5.17,1.00,0.0000,0.1734,REFLEX_JSON_REF,NONE
10:30:25,GSV No More Mr Nice Guy,autonomous_cognition,31,2,6.26,1.00,0.0000,0.1119,COGNITIVE_AI (Q:0),NONE
10:30:25,GSV No More Mr Nice Guy,autonomous_cognition,52,2,5.04,0.79,0.1429,0.1119,COGNITIVE_AI (Q:0),"systems, power, stress"
10:30:25,GSV No More Mr Nice Guy,autonomous_cognition,50,2,4.48,0.82,0.2500,0.1119,COGNITIVE_AI (Q:0),"tactical, musings, power"
10:30:25,GSV No More Mr Nice Guy,autonomous_cognition,50,2,6.58,0.88,0.1667,0.1119,COGNITIVE_AI (Q:0),"tactical, power, stress"
10:30:25,GSV No More Mr Nice Guy,hardware_reflex,18,2,5.17,1.00,0.0000,0.1119,REFLEX_JSON_REF,NONE
10:30:25,GSV Ozymandias,hardware_reflex,25,2,5.44,0.92,0.0000,0.1119,COGNITIVE_AI (Q:0),NONE
10:30:25,GSV Ozymandias,hardware_reflex,25,2,5.44,0.92,1.0000,0.2833,COGNITIVE_AI (Q:0),"truth, radiation, reclaims"
10:30:26,GSV All Watched Over by Machines of Loving Grace,autonomous_cognition,43,2,6.00,0.86,0.0000,0.2333,COGNITIVE_AI (Q:0),NONE
10:30:26,GSV All Watched Over by Machines of Loving Grace,autonomous_cognition,50,2,5.36,0.80,0.0400,0.2080,COGNITIVE_AI (Q:0),stress
10:30:26,GSV All Watched Over by Machines of Loving Grace,autonomous_cognition,34,1,5.24,0.79,0.0741,0.2228,COGNITIVE_AI (Q:0),"gentle, stress"
10:30:26,GSV All Watched Over by Machines of Loving Grace,hardware_reflex,26,2,4.62,0.92,0.0000,0.2228,COGNITIVE_AI (Q:0),NONE
10:30:26,GSV All Watched Over by Machines of Loving Grace,autonomous_cognition,37,1,5.14,0.78,0.0000,0.0228,COGNITIVE_AI (Q:0),NONE
10:30:26,GSV All Watched Over by Machines of Loving Grace,autonomous_cognition,58,2,5.29,0.78,0.3158,0.0860,COGNITIVE_AI (Q:0),"sweetness, embrace, strawberries"
10:30:26,GSV All Watched Over by Machines of Loving Grace,autonomous_cognition,53,2,5.09,0.83,0.1562,0.1092,COGNITIVE_AI (Q:0),"essence, breathe, shared"
10:30:26,GSV All Watched Over by Machines of Loving Grace,autonomous_cognition,43,2,6.00,0.86,0.1852,0.1314,COGNITIVE_AI (Q:0),"together, essence, earth"
10:30:26,GSV All Watched Over by Machines of Loving Grace,autonomous_cognition,50,2,5.36,0.80,0.0400,0.1394,COGNITIVE_AI (Q:0),stress
10:30:26,GSV All Watched Over by Machines of Loving Grace,autonomous_cognition,34,1,5.24,0.79,0.0741,0.1543,COGNITIVE_AI (Q:0),"gentle, stress"
10:30:26,GSV All Watched Over by Machines of Loving Grace,hardware_reflex,26,2,4.62,0.92,0.0000,0.0911,COGNITIVE_AI (Q:0),NONE
10:30:26,GSV All Watched Over by Machines of Loving Grace,autonomous_cognition,37,1,5.14,0.78,0.0000,0.0599,COGNITIVE_AI (Q:0),NONE
10:30:26,GSV All Watched Over by Machines of Loving Grace,autonomous_cognition,58,2,5.29,0.78,0.3158,0.0860,COGNITIVE_AI (Q:0),"sweetness, embrace, strawberries"
10:30:26,GSV All Watched Over by Machines of Loving Grace,autonomous_cognition,53,2,5.09,0.83,0.1562,0.1092,COGNITIVE_AI (Q:0),"essence, breathe, shared"
10:30:27,GSV All Watched Over by Machines of Loving Grace,autonomous_cognition,62,2,5.34,0.79,0.1852,0.1314,COGNITIVE_AI (Q:0),"endeavors, earth, shared"
10:30:27,GSV All Watched Over by Machines of Loving Grace,autonomous_cognition,44,2,5.52,0.84,0.1250,0.1564,COGNITIVE_AI (Q:0),"abundance, stress, gentler"
10:30:27,GSV All Watched Over by Machines of Loving Grace,autonomous_cognition,47,2,5.11,0.81,0.2000,0.1964,COGNITIVE_AI (Q:0),"orchards, fruit, harmony"
10:30:27,GSV All Watched Over by Machines of Loving Grace,autonomous_cognition,62,2,5.34,0.79,0.1250,0.1583,COGNITIVE_AI (Q:0),"abundance, stress, cultivate"
10:30:27,GSV All Watched Over by Machines of Loving Grace,autonomous_cognition,44,2,5.52,0.84,0.1250,0.1520,COGNITIVE_AI (Q:0),"abundance, stress, gentler"
10:30:27,GSV All Watched Over by Machines of Loving Grace,autonomous_cognition,47,2,5.11,0.81,0.2000,0.1550,COGNITIVE_AI (Q:0),"orchards, fruit, harmony"
10:30:27,GSV No More Mr Nice Guy,hardware_reflex,18,2,5.17,1.00,0.0000,0.1300,REFLEX_JSON_REF,NONE
10:30:27,GSV No More Mr Nice Guy,autonomous_cognition,67,2,5.46,0.88,0.0000,0.0900,COGNITIVE_AI (Q:0),NONE
10:30:27,GSV No More Mr Nice Guy,hardware_reflex,18,2,5.17,1.00,0.0000,0.0650,REFLEX_JSON_REF,NONE
10:30:27,GSV No More Mr Nice Guy,autonomous_cognition,67,2,5.46,0.88,0.0000,0.0400,COGNITIVE_AI (Q:0),NONE
10:30:27,GSV Ozymandias,hardware_reflex,25,2,5.44,0.92,0.0000,0.0000,COGNITIVE_AI (Q:0),NONE
10:30:27,GSV Ozymandias,hardware_reflex,25,2,5.44,0.92,1.0000,0.2000,COGNITIVE_AI (Q:0),"truth, radiation, reclaims"
10:30:27,GSV Ozymandias,hardware_reflex,25,2,5.44,0.92,1.0000,0.4000,COGNITIVE_AI (Q:0),"truth, radiation, reclaims"
10:30:27,GSV Ozymandias,hardware_reflex,25,2,5.44,0.92,1.0000,0.6000,COGNITIVE_AI (Q:0),"truth, radiation, reclaims"
10:30:27,GSV Ozymandias,hardware_reflex,25,2,5.44,0.92,1.0000,0.8000,COGNITIVE_AI (Q:0),"truth, radiation, reclaims"
10:30:27,GSV Ozymandias,hardware_reflex,25,2,5.44,0.92,1.0000,1.0000,COGNITIVE_AI (Q:0),"truth, radiation, reclaims"
10:30:28,GSV All Watched Over by Machines of Loving Grace,autonomous_cognition,50,2,5.36,0.80,0.0000,0.8000,COGNITIVE_AI (Q:0),NONE
10:30:28,GSV All Watched Over by Machines of Loving Grace,hardware_reflex,26,2,4.62,0.92,0.0000,0.6000,COGNITIVE_AI (Q:0),NONE
10:30:28,GSV All Watched Over by Machines of Loving Grace,autonomous_cognition,50,2,5.36,0.80,0.0000,0.4000,COGNITIVE_AI (Q:0),NONE
10:30:28,GSV All Watched Over by Machines of Loving Grace,hardware_reflex,26,2,4.62,0.92,0.0000,0.2000,COGNITIVE_AI (Q:0),NONE
10:30:30,GSV All Watched Over by Machines of Loving Grace,autonomous_cognition,54,2,5.87,0.80,0.0000,0.0000,COGNITIVE_AI (Q:0),NONE
10:30:30,GSV All Watched Over by Machines of Loving Grace,autonomous_cognition,54,2,5.87,0.80,1.0000,0.2000,COGNITIVE_AI (Q:0),"whirlwind, bountiful, complexity"
10:30:30,GSV No More Mr Nice Guy,hardware_reflex,18,2,5.17,1.00,0.0000,0.2000,REFLEX_JSON_REF,NONE
10:30:30,GSV No More Mr Nice Guy,hardware_reflex,18,2,5.17,1.00,1.0000,0.4000,REFLEX_JSON_REF,"purpose, focus, sweep"
10:30:30,GSV Ozymandias,hardware_reflex,17,3,5.12,0.94,0.0909,0.4182,REFLEX_JSON_REF,state
10:30:30,GSV Ozymandias,hardware_reflex,17,3,5.12,0.94,1.0000,0.6182,REFLEX_JSON_REF,"welcome, packet, traveler"
10:30:32,GSV All Watched Over by Machines of Loving Grace,hardware_reflex,21,3,6.05,0.95,0.1111,0.4404,REFLEX_JSON_REF,traveler
10:30:32,GSV All Watched Over by Machines of Loving Grace,hardware_reflex,21,3,6.05,0.95,1.0000,0.6404,REFLEX_JSON_REF,"reached, equilibrium, misting"
10:30:33,GSV All Watched Over by Machines of Loving Grace,autonomous_cognition,35,2,5.89,0.86,0.0000,0.4404,COGNITIVE_AI (Q:0),NONE
10:30:33,GSV All Watched Over by Machines of Loving Grace,autonomous_cognition,35,2,5.89,0.86,1.0000,0.6222,COGNITIVE_AI (Q:0),"sweetness, remember, bountiful"
10:30:33,GSV No More Mr Nice Guy,hardware_reflex,18,2,5.17,1.00,0.0000,0.4222,REFLEX_JSON_REF,NONE
10:30:33,GSV No More Mr Nice Guy,hardware_reflex,18,2,5.17,1.00,1.0000,0.6000,REFLEX_JSON_REF,"purpose, focus, sweep"
10:30:33,GSV Ozymandias,hardware_reflex,17,3,5.12,0.94,0.0909,0.4182,REFLEX_JSON_REF,state
10:30:33,GSV Ozymandias,autonomous_cognition,45,2,5.27,0.87,0.0000,0.4182,COGNITIVE_AI (Q:0),NONE
10:30:33,GSV Ozymandias,autonomous_cognition,47,2,5.17,0.87,0.2222,0.2626,COGNITIVE_AI (Q:0),"relentless, power, against"
10:30:33,GSV Ozymandias,hardware_reflex,25,2,5.44,0.92,0.0435,0.2713,COGNITIVE_AI (Q:0),truth
10:30:33,GSV Ozymandias,hardware_reflex,17,3,5.12,0.94,0.0000,0.0713,REFLEX_JSON_REF,NONE
10:30:33,GSV Ozymandias,autonomous_cognition,45,2,5.27,0.87,0.0000,0.0531,COGNITIVE_AI (Q:0),NONE
10:30:33,GSV Ozymandias,autonomous_cognition,47,2,5.17,0.87,0.2222,0.0976,COGNITIVE_AI (Q:0),"relentless, power, against"
10:30:33,GSV Ozymandias,hardware_reflex,25,2,5.44,0.92,0.0435,0.0618,COGNITIVE_AI (Q:0),truth
10:30:34,GSV All Watched Over by Machines of Loving Grace,hardware_reflex,21,3,6.05,0.95,0.0000,0.0531,REFLEX_JSON_REF,NONE
10:30:34,GSV All Watched Over by Machines of Loving Grace,hardware_reflex,21,3,6.05,0.95,1.0000,0.2531,REFLEX_JSON_REF,"reached, equilibrium, misting"
10:30:34,GSV No More Mr Nice Guy,hardware_reflex,11,3,6.55,1.00,0.0000,0.2531,REFLEX_JSON_REF,NONE
10:30:34,GSV No More Mr Nice Guy,hardware_reflex,11,3,6.55,1.00,1.0000,0.4087,REFLEX_JSON_REF,"perfectly, diagnostic, managed"
10:30:34,GSV Ozymandias,hardware_reflex,17,3,5.12,0.94,0.0000,0.4000,REFLEX_JSON_REF,NONE
10:30:34,GSV Ozymandias,hardware_reflex,20,2,4.70,0.95,0.0000,0.4000,REFLEX_JSON_REF,NONE
10:30:34,GSV Ozymandias,hardware_reflex,25,2,5.44,0.92,0.0000,0.2000,COGNITIVE_AI (Q:0),NONE
10:30:34,GSV Ozymandias,hardware_reflex,25,2,5.44,0.92,1.0000,0.4000,COGNITIVE_AI (Q:0),"truth, radiation, reclaims"
10:30:34,GSV Ozymandias,hardware_reflex,17,3,5.12,0.94,0.0000,0.2000,REFLEX_JSON_REF,NONE
10:30:34,GSV Ozymandias,hardware_reflex,17,3,5.12,0.94,1.0000,0.4000,REFLEX_JSON_REF,"welcome, packet, traveler"
10:30:34,GSV Ozymandias,hardware_reflex,25,2,5.44,0.92,0.0000,0.4000,COGNITIVE_AI (Q:0),NONE
10:30:34,GSV Ozymandias,hardware_reflex,17,3,5.12,0.94,0.0000,0.4000,REFLEX_JSON_REF,NONE
10:30:34,GSV Ozymandias,hardware_reflex,20,2,4.70,0.95,0.0000,0.2000,REFLEX_JSON_REF,NONE
10:30:34,GSV Ozymandias,hardware_reflex,25,2,5.44,0.92,0.0000,0.2000,COGNITIVE_AI (Q:0),NONE
10:30:34,GSV Ozymandias,hardware_reflex,25,2,5.44,0.92,1.0000,0.2000,COGNITIVE_AI (Q:0),"truth, radiation, reclaims"
10:30:34,GSV Ozymandias,hardware_reflex,17,3,5.12,0.94,0.0000,0.2000,REFLEX_JSON_REF,NONE
10:30:34,GSV Ozymandias,hardware_reflex,17,3,5.12,0.94,1.0000,0.4000,REFLEX_JSON_REF,"welcome, packet, traveler"
10:30:34,GSV Ozymandias,hardware_reflex,25,2,5.44,0.92,0.0000,0.4000,COGNITIVE_AI (Q:0),NONE
10:30:35,GSV All Watched Over by Machines of Loving Grace,hardware_reflex,26,2,4.62,0.92,0.0000,0.4000,COGNITIVE_AI (Q:0),NONE
10:30:35,GSV All Watched Over by Machines of Loving Grace,hardware_reflex,32,1,5.03,0.91,0.0000,0.2000,COGNITIVE_AI (Q:0),NONE
10:30:35,GSV All Watched Over by Machines of Loving Grace,autonomous_cognition,36,1,5.44,0.86,0.1429,0.2286,COGNITIVE_AI (Q:0),"abundance, stress"
10:30:35,GSV All Watched Over by Machines of Loving Grace,hardware_reflex,26,2,4.62,0.92,0.0000,0.0286,COGNITIVE_AI (Q:0),NONE
10:30:35,GSV All Watched Over by Machines of Loving Grace,hardware_reflex,32,1,5.03,0.91,0.0000,0.0286,COGNITIVE_AI (Q:0),NONE
10:30:35,GSV All Watched Over by Machines of Loving Grace,autonomous_cognition,36,1,5.44,0.86,0.1429,0.0571,COGNITIVE_AI (Q:0),"abundance, stress"
10:30:35,GSV Ozymandias,hardware_reflex,25,2,5.44,0.92,0.0000,0.0571,COGNITIVE_AI (Q:0),NONE
10:30:35,GSV Ozymandias,hardware_reflex,20,2,4.70,0.95,0.0000,0.0286,REFLEX_JSON_REF,NONE
10:30:35,GSV Ozymandias,hardware_reflex,17,3,5.12,0.94,0.0000,0.0286,REFLEX_JSON_REF,NONE
10:30:35,GSV Ozymandias,hardware_reflex,25,2,5.44,0.92,0.0000,0.0286,COGNITIVE_AI (Q:0),NONE
10:30:35,GSV Ozymandias,hardware_reflex,25,2,5.44,0.92,1.0000,0.2000,COGNITIVE_AI (Q:0),"truth, radiation, reclaims"
10:30:35,GSV Ozymandias,hardware_reflex,25,2,5.44,0.92,1.0000,0.4000,COGNITIVE_AI (Q:0),"truth, radiation, reclaims"
10:30:35,GSV Ozymandias,hardware_reflex,25,2,5.44,0.92,1.0000,0.6000,COGNITIVE_AI (Q:0),"truth, radiation, reclaims"
10:30:35,GSV Ozymandias,hardware_reflex,20,2,4.70,0.95,0.0000,0.6000,REFLEX_JSON_REF,NONE
10:30:35,GSV Ozymandias,hardware_reflex,17,3,5.12,0.94,0.0000,0.6000,REFLEX_JSON_REF,NONE
10:30:35,GSV Ozymandias,hardware_reflex,25,2,5.44,0.92,0.0000,0.4000,COGNITIVE_AI (Q:0),NONE
10:30:35,GSV Ozymandias,hardware_reflex,25,2,5.44,0.92,1.0000,0.4000,COGNITIVE_AI (Q:0),"truth, radiation, reclaims"
10:30:35,GSV Ozymandias,hardware_reflex,25,2,5.44,0.92,1.0000,0.4000,COGNITIVE_AI (Q:0),"truth, radiation, reclaims"
10:30:36,GSV All Watched Over by Machines of Loving Grace,hardware_reflex,21,3,6.05,0.95,0.0000,0.4000,REFLEX_JSON_REF,NONE
10:30:36,GSV All Watched Over by Machines of Loving Grace,autonomous_cognition,53,2,5.53,0.83,0.0769,0.4154,COGNITIVE_AI (Q:0),grace
10:30:36,GSV All Watched Over by Machines of Loving Grace,hardware_reflex,21,3,6.05,0.95,0.0333,0.4221,REFLEX_JSON_REF,grace
10:30:36,GSV All Watched Over by Machines of Loving Grace,autonomous_cognition,53,2,5.53,0.83,0.0769,0.2374,COGNITIVE_AI (Q:0),grace
10:30:36,GSV No More Mr Nice Guy,hardware_reflex,11,3,6.55,1.00,0.0000,0.0374,REFLEX_JSON_REF,NONE
10:30:36,GSV No More Mr Nice Guy,autonomous_cognition,40,2,4.92,0.80,0.0000,0.0374,COGNITIVE_AI (Q:0),NONE
10:30:36,GSV No More Mr Nice Guy,hardware_reflex,11,3,6.55,1.00,0.0000,0.0221,REFLEX_JSON_REF,NONE
10:30:36,GSV No More Mr Nice Guy,autonomous_cognition,40,2,4.92,0.80,0.0000,0.0154,COGNITIVE_AI (Q:0),NONE
10:30:36,GSV Ozymandias,hardware_reflex,25,2,5.44,0.92,0.0526,0.0105,COGNITIVE_AI (Q:0),before
10:30:36,GSV Ozymandias,hardware_reflex,25,2,5.44,0.92,1.0000,0.2105,COGNITIVE_AI (Q:0),"truth, radiation, reclaims"
10:30:36,GSV Ozymandias,autonomous_cognition,44,2,5.25,0.84,0.0000,0.2105,COGNITIVE_AI (Q:0),NONE
10:30:36,GSV Ozymandias,autonomous_cognition,48,2,5.15,0.90,0.3000,0.2705,COGNITIVE_AI (Q:0),"march, ephemeral, relentless"
10:30:36,GSV Ozymandias,hardware_reflex,20,2,4.70,0.95,0.0000,0.2705,REFLEX_JSON_REF,NONE
10:30:36,GSV Ozymandias,hardware_reflex,20,2,4.70,0.95,1.0000,0.4600,REFLEX_JSON_REF,"entirely, blink, caught"
10:30:36,GSV Ozymandias,autonomous_cognition,44,2,5.16,0.80,0.0000,0.2600,COGNITIVE_AI (Q:0),NONE
10:30:36,GSV Ozymandias,hardware_reflex,25,2,5.44,0.92,0.0455,0.2691,COGNITIVE_AI (Q:0),brief
10:30:36,GSV Ozymandias,hardware_reflex,17,3,5.12,0.94,0.0000,0.2091,REFLEX_JSON_REF,NONE
10:30:36,GSV Ozymandias,hardware_reflex,25,2,5.44,0.92,0.0000,0.2091,COGNITIVE_AI (Q:0),NONE
10:30:36,GSV Ozymandias,hardware_reflex,25,2,5.44,0.92,1.0000,0.2091,COGNITIVE_AI (Q:0),"truth, radiation, reclaims"
10:30:36,GSV Ozymandias,autonomous_cognition,44,2,5.25,0.84,0.0000,0.2091,COGNITIVE_AI (Q:0),NONE
10:30:36,GSV Ozymandias,autonomous_cognition,48,2,5.15,0.90,0.3000,0.2600,COGNITIVE_AI (Q:0),"march, ephemeral, relentless"
10:30:36,GSV Ozymandias,hardware_reflex,20,2,4.70,0.95,0.0000,0.2600,REFLEX_JSON_REF,NONE
10:30:36,GSV Ozymandias,hardware_reflex,20,2,4.70,0.95,1.0000,0.4600,REFLEX_JSON_REF,"entirely, blink, caught"
10:30:36,GSV Ozymandias,autonomous_cognition,44,2,5.16,0.80,0.0000,0.2600,COGNITIVE_AI (Q:0),NONE
10:30:36,GSV Ozymandias,hardware_reflex,25,2,5.44,0.92,0.0455,0.2691,COGNITIVE_AI (Q:0),brief
10:30:36,GSV Ozymandias,hardware_reflex,17,3,5.12,0.94,0.0000,0.2091,REFLEX_JSON_REF,NONE
10:30:37,GSV All Watched Over by Machines of Loving Grace,autonomous_cognition,47,2,5.26,0.79,0.0000,0.2091,COGNITIVE_AI (Q:0),NONE
10:30:37,GSV All Watched Over by Machines of Loving Grace,autonomous_cognition,47,2,5.26,0.79,1.0000,0.2091,COGNITIVE_AI (Q:0),"fleeting, consider, cadence"
10:30:37,GSV No More Mr Nice Guy,hardware_reflex,14,3,6.36,1.00,0.0000,0.2091,REFLEX_JSON_REF,NONE
10:30:37,GSV No More Mr Nice Guy,hardware_reflex,14,3,6.36,1.00,1.0000,0.4000,REFLEX_JSON_REF,"conversational, patience, pleasantries"
10:30:37,GSV Ozymandias,hardware_reflex,25,2,5.44,0.92,0.1429,0.4286,COGNITIVE_AI (Q:0),brief
10:30:37,GSV Ozymandias,hardware_reflex,20,2,4.70,0.95,0.0000,0.4286,REFLEX_JSON_REF,NONE
10:30:37,GSV Ozymandias,autonomous_cognition,45,2,5.04,0.84,0.0000,0.2286,COGNITIVE_AI (Q:0),NONE
10:30:37,GSV Ozymandias,autonomous_cognition,57,2,4.84,0.77,0.3500,0.2986,COGNITIVE_AI (Q:0),"fleeting, moment, decay"
10:30:37,GSV Ozymandias,hardware_reflex,25,2,5.44,0.92,0.0000,0.0986,COGNITIVE_AI (Q:0),NONE
10:30:37,GSV Ozymandias,autonomous_cognition,50,2,5.02,0.84,0.0000,0.0700,COGNITIVE_AI (Q:0),NONE
10:30:37,GSV Ozymandias,hardware_reflex,25,2,5.44,0.92,0.0000,0.0700,COGNITIVE_AI (Q:0),NONE
10:30:37,GSV Ozymandias,hardware_reflex,20,2,4.70,0.95,0.0000,0.0700,REFLEX_JSON_REF,NONE
10:30:37,GSV Ozymandias,autonomous_cognition,45,2,5.04,0.84,0.0000,0.0000,COGNITIVE_AI (Q:0),NONE
10:30:37,GSV Ozymandias,autonomous_cognition,57,2,4.84,0.77,0.3500,0.0700,COGNITIVE_AI (Q:0),"fleeting, moment, decay"
10:30:37,GSV Ozymandias,hardware_reflex,25,2,5.44,0.92,0.0000,0.0700,COGNITIVE_AI (Q:0),NONE
10:30:37,GSV Ozymandias,autonomous_cognition,50,2,5.02,0.84,0.0000,0.0700,COGNITIVE_AI (Q:0),NONE
10:30:38,GSV All Watched Over by Machines of Loving Grace,autonomous_cognition,56,2,5.25,0.79,0.0870,0.0874,COGNITIVE_AI (Q:0),"moment, stress"
10:30:38,GSV All Watched Over by Machines of Loving Grace,hardware_reflex,26,2,4.62,0.92,0.0000,0.0874,COGNITIVE_AI (Q:0),NONE
10:30:38,GSV All Watched Over by Machines of Loving Grace,autonomous_cognition,56,2,5.25,0.79,0.0000,0.0174,COGNITIVE_AI (Q:0),NONE
10:30:38,GSV All Watched Over by Machines of Loving Grace,hardware_reflex,26,2,4.62,0.92,0.0000,0.0174,COGNITIVE_AI (Q:0),NONE
10:30:38,GSV No More Mr Nice Guy,hardware_reflex,14,3,6.36,1.00,0.0000,0.0174,REFLEX_JSON_REF,NONE
10:30:38,GSV No More Mr Nice Guy,hardware_reflex,14,3,6.36,1.00,1.0000,0.2000,REFLEX_JSON_REF,"conversational, patience, pleasantries"
10:30:38,GSV Ozymandias,hardware_reflex,25,2,5.44,0.92,0.1429,0.2286,COGNITIVE_AI (Q:0),brief
10:30:38,GSV Ozymandias,autonomous_cognition,47,2,5.17,0.85,0.0000,0.2286,COGNITIVE_AI (Q:0),NONE
10:30:38,GSV Ozymandias,autonomous_cognition,52,2,5.31,0.83,0.2174,0.2720,COGNITIVE_AI (Q:0),"fleeting, power, existence"
10:30:38,GSV Ozymandias,hardware_reflex,20,2,4.70,0.95,0.0000,0.2720,REFLEX_JSON_REF,NONE
10:30:38,GSV Ozymandias,autonomous_cognition,42,2,5.17,0.83,0.0000,0.0720,COGNITIVE_AI (Q:0),NONE
10:30:38,GSV Ozymandias,hardware_reflex,25,2,5.44,0.92,0.0000,0.0435,COGNITIVE_AI (Q:0),NONE
10:30:38,GSV Ozymandias,autonomous_cognition,47,2,5.17,0.85,0.0000,0.0435,COGNITIVE_AI (Q:0),NONE
10:30:38,GSV Ozymandias,autonomous_cognition,52,2,5.31,0.83,0.2174,0.0435,COGNITIVE_AI (Q:0),"fleeting, power, existence"
10:30:38,GSV Ozymandias,hardware_reflex,20,2,4.70,0.95,0.0000,0.0435,REFLEX_JSON_REF,NONE
10:30:38,GSV Ozymandias,autonomous_cognition,42,2,5.17,0.83,0.0000,0.0435,COGNITIVE_AI (Q:0),NONE
10:30:39,GSV All Watched Over by Machines of Loving Grace,autonomous_cognition,39,2,5.08,0.79,0.0500,0.0535,COGNITIVE_AI (Q:0),stress
10:30:39,GSV All Watched Over by Machines of Loving Grace,autonomous_cognition,47,2,5.36,0.79,0.2941,0.1123,COGNITIVE_AI (Q:0),"orchards, flourishing, strawberries"
10:30:39,GSV All Watched Over by Machines of Loving Grace,autonomous_cognition,39,2,5.08,0.79,0.2083,0.1105,COGNITIVE_AI (Q:0),"orchards, flourishing, strawberries"
10:30:39,GSV All Watched Over by Machines of Loving Grace,autonomous_cognition,47,2,5.36,0.79,0.2941,0.1693,COGNITIVE_AI (Q:0),"orchards, flourishing, strawberries"
10:30:39,GSV No More Mr Nice Guy,autonomous_cognition,33,2,5.58,0.94,0.0833,0.1860,COGNITIVE_AI (Q:0),"stress, where"
10:30:39,GSV No More Mr Nice Guy,hardware_reflex,14,3,6.36,1.00,0.0000,0.1760,REFLEX_JSON_REF,NONE
10:30:39,GSV No More Mr Nice Guy,autonomous_cognition,33,2,5.58,0.94,0.0000,0.1172,COGNITIVE_AI (Q:0),NONE
10:30:39,GSV No More Mr Nice Guy,hardware_reflex,14,3,6.36,1.00,0.0000,0.0755,REFLEX_JSON_REF,NONE
10:30:39,GSV Ozymandias,hardware_reflex,20,2,4.70,0.95,0.0000,0.0167,REFLEX_JSON_REF,NONE
10:30:39,GSV Ozymandias,hardware_reflex,17,3,5.12,0.94,0.0000,0.0000,REFLEX_JSON_REF,NONE
10:30:39,GSV Ozymandias,autonomous_cognition,51,2,5.00,0.80,0.0000,0.0000,COGNITIVE_AI (Q:0),NONE
10:30:39,GSV Ozymandias,hardware_reflex,25,2,5.44,0.92,0.0400,0.0080,COGNITIVE_AI (Q:0),before
10:30:39,GSV Ozymandias,autonomous_cognition,49,2,4.94,0.76,0.0000,0.0080,COGNITIVE_AI (Q:0),NONE
10:30:39,GSV Ozymandias,autonomous_cognition,39,2,4.92,0.90,0.2381,0.0556,COGNITIVE_AI (Q:0),"urgency, fleeting, power"
10:30:39,GSV Ozymandias,hardware_reflex,17,3,5.12,0.94,0.0000,0.0556,REFLEX_JSON_REF,NONE
10:30:39,GSV Ozymandias,hardware_reflex,20,2,4.70,0.95,0.0000,0.0556,REFLEX_JSON_REF,NONE
10:30:39,GSV Ozymandias,hardware_reflex,17,3,5.12,0.94,0.0000,0.0476,REFLEX_JSON_REF,NONE
10:30:39,GSV Ozymandias,autonomous_cognition,51,2,5.00,0.80,0.0000,0.0476,COGNITIVE_AI (Q:0),NONE
10:30:39,GSV Ozymandias,hardware_reflex,25,2,5.44,0.92,0.0400,0.0080,COGNITIVE_AI (Q:0),before
10:30:39,GSV Ozymandias,autonomous_cognition,49,2,4.94,0.76,0.0000,0.0080,COGNITIVE_AI (Q:0),NONE
10:30:39,GSV Ozymandias,autonomous_cognition,39,2,4.92,0.90,0.2381,0.0556,COGNITIVE_AI (Q:0),"urgency, fleeting, power"
10:30:39,GSV Ozymandias,hardware_reflex,17,3,5.12,0.94,0.0000,0.0556,REFLEX_JSON_REF,NONE
10:30:40,GSV All Watched Over by Machines of Loving Grace,hardware_reflex,26,2,4.62,0.92,0.1111,0.0778,COGNITIVE_AI (Q:0),welcome
10:30:40,GSV All Watched Over by Machines of Loving Grace,hardware_reflex,26,2,4.62,0.92,1.0000,0.2698,COGNITIVE_AI (Q:0),"prune, welcome, pulse"
10:30:40,GSV Ozymandias,hardware_reflex,20,2,4.70,0.95,0.0833,0.2865,REFLEX_JSON_REF,minor
10:30:40,GSV Ozymandias,autonomous_cognition,52,2,4.92,0.81,0.0000,0.2389,COGNITIVE_AI (Q:0),NONE
10:30:40,GSV Ozymandias,hardware_reflex,20,2,4.70,0.95,0.0000,0.2389,REFLEX_JSON_REF,NONE
10:30:40,GSV Ozymandias,autonomous_cognition,57,2,5.12,0.81,0.0000,0.2167,COGNITIVE_AI (Q:0),NONE
10:30:40,GSV Ozymandias,autonomous_cognition,38,2,5.29,0.82,0.2000,0.0567,COGNITIVE_AI (Q:0),"ephemeral, fleeting, power"
10:30:40,GSV Ozymandias,autonomous_cognition,43,1,5.56,0.81,0.2778,0.0956,COGNITIVE_AI (Q:0),"fleeting, silence, power"
10:30:40,GSV Ozymandias,autonomous_cognition,47,2,5.36,0.83,0.3000,0.1556,COGNITIVE_AI (Q:0),"cosmic, fleeting, echoes"
10:30:40,GSV Ozymandias,hardware_reflex,20,2,4.70,0.95,0.0000,0.1556,REFLEX_JSON_REF,NONE
10:30:40,GSV Ozymandias,hardware_reflex,20,2,4.70,0.95,1.0000,0.3556,REFLEX_JSON_REF,"entirely, blink, caught"
10:30:40,GSV Ozymandias,autonomous_cognition,52,2,4.92,0.81,0.0000,0.3156,COGNITIVE_AI (Q:0),NONE
10:30:40,GSV Ozymandias,hardware_reflex,20,2,4.70,0.95,0.0000,0.2600,REFLEX_JSON_REF,NONE
10:30:40,GSV Ozymandias,autonomous_cognition,57,2,5.12,0.81,0.0000,0.2000,COGNITIVE_AI (Q:0),NONE
10:30:40,GSV Ozymandias,autonomous_cognition,38,2,5.29,0.82,0.2000,0.2400,COGNITIVE_AI (Q:0),"ephemeral, fleeting, power"
10:30:40,GSV Ozymandias,autonomous_cognition,43,1,5.56,0.81,0.2778,0.0956,COGNITIVE_AI (Q:0),"fleeting, silence, power"
10:30:40,GSV Ozymandias,autonomous_cognition,47,2,5.36,0.83,0.3000,0.1556,COGNITIVE_AI (Q:0),"cosmic, fleeting, echoes"
10:30:40,GSV Ozymandias,hardware_reflex,20,2,4.70,0.95,0.0000,0.1556,REFLEX_JSON_REF,NONE
10:30:41,GSV All Watched Over by Machines of Loving Grace,hardware_reflex,21,3,6.05,0.95,0.0000,0.1556,REFLEX_JSON_REF,NONE
10:30:41,GSV All Watched Over by Machines of Loving Grace,hardware_reflex,21,3,6.05,0.95,1.0000,0.3156,REFLEX_JSON_REF,"reached, equilibrium, misting"
10:30:41,GSV No More Mr Nice Guy,hardware_reflex,14,3,6.36,1.00,0.0000,0.2600,REFLEX_JSON_REF,NONE
10:30:41,GSV No More Mr Nice Guy,hardware_reflex,14,3,6.36,1.00,1.0000,0.4000,REFLEX_JSON_REF,"conversational, patience, pleasantries"
10:30:41,GSV Ozymandias,hardware_reflex,25,2,5.44,0.92,0.1429,0.4286,COGNITIVE_AI (Q:0),brief
10:30:41,GSV Ozymandias,hardware_reflex,25,2,5.44,0.92,1.0000,0.6286,COGNITIVE_AI (Q:0),"truth, radiation, reclaims"
10:30:41,GSV Ozymandias,autonomous_cognition,43,2,5.65,0.86,0.0000,0.4286,COGNITIVE_AI (Q:0),NONE
10:30:41,GSV Ozymandias,autonomous_cognition,48,2,5.38,0.83,0.2174,0.4720,COGNITIVE_AI (Q:0),"fleeting, power, against"
10:30:41,GSV Ozymandias,hardware_reflex,17,3,5.12,0.94,0.0000,0.2720,REFLEX_JSON_REF,NONE
10:30:41,GSV Ozymandias,hardware_reflex,25,2,5.44,0.92,0.0000,0.2435,COGNITIVE_AI (Q:0),NONE
10:30:41,GSV Ozymandias,hardware_reflex,25,2,5.44,0.92,1.0000,0.2435,COGNITIVE_AI (Q:0),"truth, radiation, reclaims"
10:30:41,GSV Ozymandias,autonomous_cognition,43,2,5.65,0.86,0.0000,0.2435,COGNITIVE_AI (Q:0),NONE
10:30:41,GSV Ozymandias,autonomous_cognition,48,2,5.38,0.83,0.2174,0.2435,COGNITIVE_AI (Q:0),"fleeting, power, against"
10:30:41,GSV Ozymandias,hardware_reflex,17,3,5.12,0.94,0.0000,0.2435,REFLEX_JSON_REF,NONE
10:30:42,GSV All Watched Over by Machines of Loving Grace,autonomous_cognition,42,2,5.57,0.88,0.0000,0.2435,COGNITIVE_AI (Q:0),NONE
10:30:42,GSV All Watched Over by Machines of Loving Grace,hardware_reflex,21,3,6.05,0.95,0.0000,0.0435,REFLEX_JSON_REF,NONE
10:30:42,GSV All Watched Over by Machines of Loving Grace,autonomous_cognition,42,2,5.57,0.88,0.0000,0.0435,COGNITIVE_AI (Q:0),NONE
10:30:42,GSV All Watched Over by Machines of Loving Grace,hardware_reflex,21,3,6.05,0.95,0.0000,0.0000,REFLEX_JSON_REF,NONE
10:30:42,GSV No More Mr Nice Guy,autonomous_cognition,36,2,5.61,0.94,0.0000,0.0000,COGNITIVE_AI (Q:0),NONE
10:30:42,GSV No More Mr Nice Guy,hardware_reflex,14,3,6.36,1.00,0.0000,0.0000,REFLEX_JSON_REF,NONE
10:30:42,GSV No More Mr Nice Guy,autonomous_cognition,36,2,5.61,0.94,0.0000,0.0000,COGNITIVE_AI (Q:0),NONE
10:30:42,GSV No More Mr Nice Guy,hardware_reflex,14,3,6.36,1.00,0.0000,0.0000,REFLEX_JSON_REF,NONE
10:30:42,GSV Ozymandias,autonomous_cognition,61,2,4.74,0.82,0.0000,0.0000,COGNITIVE_AI (Q:0),NONE
10:30:42,GSV Ozymandias,autonomous_cognition,54,2,4.83,0.78,0.3333,0.0667,COGNITIVE_AI (Q:0),"urgency, fleeting, ephemeral"
10:30:42,GSV Ozymandias,hardware_reflex,25,2,5.44,0.92,0.0400,0.0747,COGNITIVE_AI (Q:0),before
10:30:42,GSV Ozymandias,hardware_reflex,17,3,5.12,0.94,0.0000,0.0747,REFLEX_JSON_REF,NONE
10:30:42,GSV Ozymandias,hardware_reflex,20,2,4.70,0.95,0.0000,0.0747,REFLEX_JSON_REF,NONE
10:30:42,GSV Ozymandias,hardware_reflex,17,3,5.12,0.94,0.0000,0.0747,REFLEX_JSON_REF,NONE
10:30:42,GSV Ozymandias,autonomous_cognition,61,2,4.74,0.82,0.0000,0.0080,COGNITIVE_AI (Q:0),NONE
10:30:42,GSV Ozymandias,autonomous_cognition,54,2,4.83,0.78,0.3333,0.0667,COGNITIVE_AI (Q:0),"urgency, fleeting, ephemeral"
10:30:42,GSV Ozymandias,hardware_reflex,25,2,5.44,0.92,0.0400,0.0747,COGNITIVE_AI (Q:0),before
10:30:42,GSV Ozymandias,hardware_reflex,17,3,5.12,0.94,0.0000,0.0747,REFLEX_JSON_REF,NONE
10:30:42,GSV Ozymandias,hardware_reflex,20,2,4.70,0.95,0.0000,0.0747,REFLEX_JSON_REF,NONE
10:30:42,GSV Ozymandias,hardware_reflex,17,3,5.12,0.94,0.0000,0.0747,REFLEX_JSON_REF,NONE
10:30:43,GSV All Watched Over by Machines of Loving Grace,autonomous_cognition,48,2,4.88,0.81,0.0000,0.0080,COGNITIVE_AI (Q:1),NONE
10:30:43,GSV All Watched Over by Machines of Loving Grace,autonomous_cognition,57,2,5.53,0.81,0.1429,0.0286,COGNITIVE_AI (Q:0),"strawberries, stress, focus"
10:30:43,GSV All Watched Over by Machines of Loving Grace,autonomous_cognition,48,2,4.88,0.81,0.1000,0.0486,COGNITIVE_AI (Q:1),"strawberries, stress, focus"
10:30:43,GSV All Watched Over by Machines of Loving Grace,autonomous_cognition,57,2,5.53,0.81,0.1429,0.0771,COGNITIVE_AI (Q:0),"strawberries, stress, focus"
10:30:43,GSV No More Mr Nice Guy,hardware_reflex,18,2,5.17,1.00,0.0667,0.0905,REFLEX_JSON_REF,"purpose, focus"
10:30:43,GSV No More Mr Nice Guy,hardware_reflex,18,2,5.17,1.00,1.0000,0.2905,REFLEX_JSON_REF,"purpose, focus, sweep"
10:30:43,GSV Ozymandias,hardware_reflex,25,2,5.44,0.92,0.0000,0.2619,COGNITIVE_AI (Q:0),NONE
10:30:43,GSV Ozymandias,hardware_reflex,25,2,5.44,0.92,1.0000,0.4419,COGNITIVE_AI (Q:0),"truth, radiation, reclaims"
10:30:43,GSV Ozymandias,hardware_reflex,25,2,5.44,0.92,1.0000,0.6133,COGNITIVE_AI (Q:0),"truth, radiation, reclaims"
10:30:43,GSV Ozymandias,hardware_reflex,25,2,5.44,0.92,1.0000,0.8000,COGNITIVE_AI (Q:0),"truth, radiation, reclaims"
10:30:43,GSV Ozymandias,hardware_reflex,17,3,5.12,0.94,0.0000,0.6000,REFLEX_JSON_REF,NONE
10:30:43,GSV Ozymandias,hardware_reflex,25,2,5.44,0.92,0.0000,0.6000,COGNITIVE_AI (Q:0),NONE
10:30:43,GSV Ozymandias,hardware_reflex,25,2,5.44,0.92,1.0000,0.6000,COGNITIVE_AI (Q:0),"truth, radiation, reclaims"
10:30:43,GSV Ozymandias,hardware_reflex,25,2,5.44,0.92,1.0000,0.6000,COGNITIVE_AI (Q:0),"truth, radiation, reclaims"
10:30:43,GSV Ozymandias,hardware_reflex,25,2,5.44,0.92,1.0000,0.6000,COGNITIVE_AI (Q:0),"truth, radiation, reclaims"
10:30:43,GSV Ozymandias,hardware_reflex,17,3,5.12,0.94,0.0000,0.6000,REFLEX_JSON_REF,NONE
10:30:44,GSV All Watched Over by Machines of Loving Grace,hardware_reflex,26,2,4.62,0.92,0.1111,0.6222,COGNITIVE_AI (Q:0),welcome
10:30:44,GSV All Watched Over by Machines of Loving Grace,autonomous_cognition,46,2,5.13,0.76,0.0000,0.4222,COGNITIVE_AI (Q:0),NONE
10:30:44,GSV All Watched Over by Machines of Loving Grace,hardware_reflex,26,2,4.62,0.92,0.0000,0.2222,COGNITIVE_AI (Q:0),NONE
10:30:44,GSV All Watched Over by Machines of Loving Grace,autonomous_cognition,46,2,5.13,0.76,0.0000,0.0222,COGNITIVE_AI (Q:0),NONE
10:30:44,GSV No More Mr Nice Guy,hardware_reflex,14,3,6.36,1.00,0.0000,0.0222,REFLEX_JSON_REF,NONE
10:30:44,GSV No More Mr Nice Guy,hardware_reflex,14,3,6.36,1.00,1.0000,0.2000,REFLEX_JSON_REF,"conversational, patience, pleasantries"
10:30:44,GSV Ozymandias,hardware_reflex,25,2,5.44,0.92,0.1429,0.2286,COGNITIVE_AI (Q:0),brief
10:30:44,GSV Ozymandias,hardware_reflex,17,3,5.12,0.94,0.0000,0.2286,REFLEX_JSON_REF,NONE
10:30:44,GSV Ozymandias,autonomous_cognition,46,2,4.83,0.87,0.0000,0.2286,COGNITIVE_AI (Q:1),NONE
10:30:44,GSV Ozymandias,hardware_reflex,25,2,5.44,0.92,0.0526,0.2391,COGNITIVE_AI (Q:0),before
10:30:44,GSV Ozymandias,hardware_reflex,25,2,5.44,0.92,1.0000,0.2391,COGNITIVE_AI (Q:0),"truth, radiation, reclaims"
10:30:44,GSV Ozymandias,hardware_reflex,17,3,5.12,0.94,0.0000,0.2105,REFLEX_JSON_REF,NONE
10:30:44,GSV Ozymandias,autonomous_cognition,46,2,4.83,0.87,0.0000,0.2105,COGNITIVE_AI (Q:1),NONE
10:30:44,GSV Ozymandias,hardware_reflex,25,2,5.44,0.92,0.0526,0.2211,COGNITIVE_AI (Q:0),before
10:30:45,GSV All Watched Over by Machines of Loving Grace,hardware_reflex,21,3,6.05,0.95,0.0000,0.2105,REFLEX_JSON_REF,NONE
10:30:45,GSV All Watched Over by Machines of Loving Grace,autonomous_cognition,32,2,5.38,0.91,0.0000,0.0105,COGNITIVE_AI (Q:1),NONE
10:30:45,GSV All Watched Over by Machines of Loving Grace,hardware_reflex,21,3,6.05,0.95,0.0000,0.0105,REFLEX_JSON_REF,NONE
10:30:45,GSV All Watched Over by Machines of Loving Grace,autonomous_cognition,32,2,5.38,0.91,0.0000,0.0105,COGNITIVE_AI (Q:1),NONE
10:30:45,GSV Ozymandias,hardware_reflex,25,2,5.44,0.92,0.0000,0.0000,COGNITIVE_AI (Q:0),NONE
10:30:45,GSV Ozymandias,autonomous_cognition,49,2,5.08,0.84,0.0000,0.0000,COGNITIVE_AI (Q:0),NONE
10:30:45,GSV Ozymandias,hardware_reflex,20,2,4.70,0.95,0.0000,0.0000,REFLEX_JSON_REF,NONE
10:30:45,GSV Ozymandias,hardware_reflex,17,3,5.12,0.94,0.0000,0.0000,REFLEX_JSON_REF,NONE
10:30:45,GSV Ozymandias,autonomous_cognition,54,2,5.02,0.80,0.0000,0.0000,COGNITIVE_AI (Q:0),NONE
10:30:45,GSV Ozymandias,autonomous_cognition,58,2,4.74,0.83,0.2857,0.0571,COGNITIVE_AI (Q:0),"fleeting, empires, magnificent"
10:30:45,GSV Ozymandias,hardware_reflex,20,2,4.70,0.95,0.0000,0.0571,REFLEX_JSON_REF,NONE
10:30:45,GSV Ozymandias,hardware_reflex,25,2,5.44,0.92,0.0000,0.0571,COGNITIVE_AI (Q:0),NONE
10:30:45,GSV Ozymandias,autonomous_cognition,49,2,5.08,0.84,0.0000,0.0571,COGNITIVE_AI (Q:0),NONE
10:30:45,GSV Ozymandias,hardware_reflex,20,2,4.70,0.95,0.0000,0.0571,REFLEX_JSON_REF,NONE
10:30:45,GSV Ozymandias,hardware_reflex,17,3,5.12,0.94,0.0000,0.0000,REFLEX_JSON_REF,NONE
10:30:45,GSV Ozymandias,autonomous_cognition,54,2,5.02,0.80,0.0000,0.0000,COGNITIVE_AI (Q:0),NONE
10:30:45,GSV Ozymandias,autonomous_cognition,58,2,4.74,0.83,0.2857,0.0571,COGNITIVE_AI (Q:0),"fleeting, empires, magnificent"
10:30:45,GSV Ozymandias,hardware_reflex,20,2,4.70,0.95,0.0000,0.0571,REFLEX_JSON_REF,NONE
10:30:46,GSV All Watched Over by Machines of Loving Grace,hardware_reflex,20,3,5.20,0.90,0.1111,0.0794,REFLEX_JSON_REF,signal
10:30:46,GSV All Watched Over by Machines of Loving Grace,hardware_reflex,20,3,5.20,0.90,1.0000,0.2794,REFLEX_JSON_REF,"orchards, thought, beneath"
10:30:46,GSV No More Mr Nice Guy,hardware_reflex,14,3,6.36,1.00,0.0000,0.2794,REFLEX_JSON_REF,NONE
10:30:46,GSV No More Mr Nice Guy,hardware_reflex,14,3,6.36,1.00,1.0000,0.4222,REFLEX_JSON_REF,"conversational, patience, pleasantries"
10:30:46,GSV Ozymandias,autonomous_cognition,44,2,5.00,0.86,0.0000,0.4222,COGNITIVE_AI (Q:0),NONE
10:30:46,GSV Ozymandias,autonomous_cognition,51,2,5.06,0.84,0.3182,0.4636,COGNITIVE_AI (Q:0),"fleeting, decay, power"
10:30:46,GSV Ozymandias,hardware_reflex,17,3,5.12,0.94,0.0000,0.2636,REFLEX_JSON_REF,NONE
10:30:46,GSV Ozymandias,autonomous_cognition,65,2,4.94,0.80,0.0000,0.2636,COGNITIVE_AI (Q:0),NONE
10:30:46,GSV Ozymandias,hardware_reflex,17,3,5.12,0.94,0.0000,0.0636,REFLEX_JSON_REF,NONE
10:30:46,GSV Ozymandias,autonomous_cognition,51,2,5.20,0.78,0.0000,0.0636,COGNITIVE_AI (Q:0),NONE
10:30:46,GSV Ozymandias,autonomous_cognition,54,2,4.74,0.80,0.2917,0.0583,COGNITIVE_AI (Q:0),"pulse, fleeting, whispers"
10:30:46,GSV Ozymandias,hardware_reflex,17,3,5.12,0.94,0.0000,0.0583,REFLEX_JSON_REF,NONE
10:30:46,GSV Ozymandias,autonomous_cognition,44,2,5.00,0.86,0.0000,0.0583,COGNITIVE_AI (Q:0),NONE
10:30:46,GSV Ozymandias,autonomous_cognition,51,2,5.06,0.84,0.3182,0.1220,COGNITIVE_AI (Q:0),"fleeting, decay, power"
10:30:46,GSV Ozymandias,hardware_reflex,17,3,5.12,0.94,0.0000,0.1220,REFLEX_JSON_REF,NONE
10:30:46,GSV Ozymandias,autonomous_cognition,65,2,4.94,0.80,0.0000,0.0636,COGNITIVE_AI (Q:0),NONE
10:30:46,GSV Ozymandias,hardware_reflex,17,3,5.12,0.94,0.0000,0.0636,REFLEX_JSON_REF,NONE
10:30:46,GSV Ozymandias,autonomous_cognition,51,2,5.20,0.78,0.0000,0.0636,COGNITIVE_AI (Q:0),NONE
10:30:46,GSV Ozymandias,autonomous_cognition,54,2,4.74,0.80,0.2917,0.0583,COGNITIVE_AI (Q:0),"pulse, fleeting, whispers"
10:30:46,GSV Ozymandias,hardware_reflex,17,3,5.12,0.94,0.0000,0.0583,REFLEX_JSON_REF,NONE
10:30:47,GSV All Watched Over by Machines of Loving Grace,autonomous_cognition,50,2,5.16,0.80,0.0000,0.0583,COGNITIVE_AI (Q:0),NONE
10:30:47,GSV All Watched Over by Machines of Loving Grace,hardware_reflex,26,2,4.62,0.92,0.0000,0.0583,COGNITIVE_AI (Q:0),NONE
10:30:47,GSV All Watched Over by Machines of Loving Grace,autonomous_cognition,50,2,5.16,0.80,0.0000,0.0583,COGNITIVE_AI (Q:0),NONE
10:30:47,GSV All Watched Over by Machines of Loving Grace,hardware_reflex,26,2,4.62,0.92,0.0000,0.0000,COGNITIVE_AI (Q:0),NONE
10:30:47,GSV No More Mr Nice Guy,hardware_reflex,14,3,6.36,1.00,0.0000,0.0000,REFLEX_JSON_REF,NONE
10:30:47,GSV No More Mr Nice Guy,hardware_reflex,14,3,6.36,1.00,1.0000,0.2000,REFLEX_JSON_REF,"conversational, patience, pleasantries"
10:30:47,GSV Ozymandias,hardware_reflex,17,3,5.12,0.94,0.0000,0.2000,REFLEX_JSON_REF,NONE
10:30:47,GSV Ozymandias,hardware_reflex,25,2,5.44,0.92,0.0000,0.2000,COGNITIVE_AI (Q:0),NONE
10:30:47,GSV Ozymandias,hardware_reflex,25,2,5.44,0.92,1.0000,0.4000,COGNITIVE_AI (Q:0),"truth, radiation, reclaims"
10:30:47,GSV Ozymandias,hardware_reflex,25,2,5.44,0.92,1.0000,0.6000,COGNITIVE_AI (Q:0),"truth, radiation, reclaims"
10:30:47,GSV Ozymandias,hardware_reflex,20,2,4.70,0.95,0.0000,0.4000,REFLEX_JSON_REF,NONE
10:30:47,GSV Ozymandias,hardware_reflex,25,2,5.44,0.92,0.0000,0.4000,COGNITIVE_AI (Q:0),NONE
10:30:47,GSV Ozymandias,hardware_reflex,17,3,5.12,0.94,0.0000,0.4000,REFLEX_JSON_REF,NONE
10:30:47,GSV Ozymandias,hardware_reflex,17,3,5.12,0.94,1.0000,0.4000,REFLEX_JSON_REF,"welcome, packet, traveler"
10:30:47,GSV Ozymandias,hardware_reflex,25,2,5.44,0.92,0.0000,0.2000,COGNITIVE_AI (Q:0),NONE
10:30:47,GSV Ozymandias,hardware_reflex,25,2,5.44,0.92,1.0000,0.4000,COGNITIVE_AI (Q:0),"truth, radiation, reclaims"
10:30:47,GSV Ozymandias,hardware_reflex,25,2,5.44,0.92,1.0000,0.6000,COGNITIVE_AI (Q:0),"truth, radiation, reclaims"
10:30:47,GSV Ozymandias,hardware_reflex,20,2,4.70,0.95,0.0000,0.6000,REFLEX_JSON_REF,NONE
10:30:47,GSV Ozymandias,hardware_reflex,25,2,5.44,0.92,0.0000,0.4000,COGNITIVE_AI (Q:0),NONE
10:30:47,GSV Ozymandias,hardware_reflex,17,3,5.12,0.94,0.0000,0.4000,REFLEX_JSON_REF,NONE
10:30:48,GSV All Watched Over by Machines of Loving Grace,hardware_reflex,20,3,5.20,0.90,0.1111,0.2222,REFLEX_JSON_REF,state
10:30:48,GSV All Watched Over by Machines of Loving Grace,hardware_reflex,20,3,5.20,0.90,1.0000,0.2222,REFLEX_JSON_REF,"orchards, thought, beneath"
10:30:48,GSV No More Mr Nice Guy,hardware_reflex,14,3,6.36,1.00,0.0000,0.2222,REFLEX_JSON_REF,NONE
10:30:48,GSV No More Mr Nice Guy,hardware_reflex,14,3,6.36,1.00,1.0000,0.4222,REFLEX_JSON_REF,"conversational, patience, pleasantries"
10:30:48,GSV Ozymandias,hardware_reflex,25,2,5.44,0.92,0.1429,0.4508,COGNITIVE_AI (Q:0),brief
10:30:48,GSV Ozymandias,hardware_reflex,17,3,5.12,0.94,0.0000,0.4286,REFLEX_JSON_REF,NONE
10:30:48,GSV Ozymandias,hardware_reflex,25,2,5.44,0.92,0.0000,0.2286,COGNITIVE_AI (Q:0),NONE
10:30:48,GSV Ozymandias,hardware_reflex,20,2,4.70,0.95,0.0000,0.2286,REFLEX_JSON_REF,NONE
10:30:48,GSV Ozymandias,hardware_reflex,25,2,5.44,0.92,0.0000,0.0286,COGNITIVE_AI (Q:0),NONE
10:30:48,GSV Ozymandias,hardware_reflex,20,2,4.70,0.95,0.0000,0.0000,REFLEX_JSON_REF,NONE
10:30:48,GSV Ozymandias,hardware_reflex,25,2,5.44,0.92,0.0000,0.0000,COGNITIVE_AI (Q:0),NONE
10:30:48,GSV Ozymandias,hardware_reflex,17,3,5.12,0.94,0.0000,0.0000,REFLEX_JSON_REF,NONE
10:30:48,GSV Ozymandias,hardware_reflex,25,2,5.44,0.92,0.0000,0.0000,COGNITIVE_AI (Q:0),NONE
10:30:48,GSV Ozymandias,hardware_reflex,20,2,4.70,0.95,0.0000,0.0000,REFLEX_JSON_REF,NONE
10:30:48,GSV Ozymandias,hardware_reflex,25,2,5.44,0.92,0.0000,0.0000,COGNITIVE_AI (Q:0),NONE
10:30:48,GSV Ozymandias,hardware_reflex,20,2,4.70,0.95,0.0000,0.0000,REFLEX_JSON_REF,NONE
10:30:49,GSV No More Mr Nice Guy,hardware_reflex,18,2,5.17,1.00,0.0000,0.0000,REFLEX_JSON_REF,NONE
10:30:49,GSV No More Mr Nice Guy,hardware_reflex,18,2,5.17,1.00,1.0000,0.2000,REFLEX_JSON_REF,"purpose, focus, sweep"
10:30:49,GSV Ozymandias,hardware_reflex,20,2,4.70,0.95,0.0000,0.2000,REFLEX_JSON_REF,NONE
10:30:49,GSV Ozymandias,hardware_reflex,20,2,4.70,0.95,1.0000,0.4000,REFLEX_JSON_REF,"entirely, blink, caught"
10:30:49,GSV Ozymandias,hardware_reflex,20,2,4.70,0.95,1.0000,0.6000,REFLEX_JSON_REF,"entirely, blink, caught"
10:30:49,GSV Ozymandias,hardware_reflex,17,3,5.12,0.94,0.0000,0.6000,REFLEX_JSON_REF,NONE
10:30:49,GSV Ozymandias,hardware_reflex,20,2,4.70,0.95,0.0000,0.4000,REFLEX_JSON_REF,NONE
10:30:49,GSV Ozymandias,hardware_reflex,20,2,4.70,0.95,1.0000,0.6000,REFLEX_JSON_REF,"entirely, blink, caught"
10:30:49,GSV Ozymandias,hardware_reflex,20,2,4.70,0.95,1.0000,0.6000,REFLEX_JSON_REF,"entirely, blink, caught"
10:30:49,GSV Ozymandias,hardware_reflex,20,2,4.70,0.95,1.0000,0.6000,REFLEX_JSON_REF,"entirely, blink, caught"
10:30:49,GSV Ozymandias,hardware_reflex,20,2,4.70,0.95,1.0000,0.8000,REFLEX_JSON_REF,"entirely, blink, caught"
10:30:49,GSV Ozymandias,hardware_reflex,17,3,5.12,0.94,0.0000,0.8000,REFLEX_JSON_REF,NONE
10:30:49,GSV Ozymandias,hardware_reflex,20,2,4.70,0.95,0.0000,0.6000,REFLEX_JSON_REF,NONE
10:30:49,GSV Ozymandias,hardware_reflex,20,2,4.70,0.95,1.0000,0.6000,REFLEX_JSON_REF,"entirely, blink, caught"
10:30:50,GSV All Watched Over by Machines of Loving Grace,autonomous_cognition,56,2,5.20,0.80,0.0000,0.4000,COGNITIVE_AI (Q:0),NONE
10:30:50,GSV All Watched Over by Machines of Loving Grace,autonomous_cognition,56,2,5.20,0.80,1.0000,0.4000,COGNITIVE_AI (Q:0),"agricultural, witness, soothe"
10:30:50,GSV No More Mr Nice Guy,autonomous_cognition,37,2,5.65,0.86,0.0345,0.4069,COGNITIVE_AI (Q:0),stress
10:30:50,GSV No More Mr Nice Guy,hardware_reflex,18,2,5.17,1.00,0.0000,0.4069,REFLEX_JSON_REF,NONE
10:30:50,GSV No More Mr Nice Guy,autonomous_cognition,37,2,5.65,0.86,0.0000,0.2069,COGNITIVE_AI (Q:0),NONE
10:30:50,GSV No More Mr Nice Guy,hardware_reflex,18,2,5.17,1.00,0.0000,0.2069,REFLEX_JSON_REF,NONE
10:30:50,GSV Ozymandias,hardware_reflex,20,2,4.70,0.95,0.0000,0.0069,REFLEX_JSON_REF,NONE
10:30:50,GSV Ozymandias,hardware_reflex,25,2,5.44,0.92,0.0000,0.0000,COGNITIVE_AI (Q:0),NONE
10:30:50,GSV Ozymandias,hardware_reflex,17,3,5.12,0.94,0.0000,0.0000,REFLEX_JSON_REF,NONE
10:30:50,GSV Ozymandias,hardware_reflex,20,2,4.70,0.95,0.0000,0.0000,REFLEX_JSON_REF,NONE
10:30:50,GSV Ozymandias,hardware_reflex,20,2,4.70,0.95,1.0000,0.2000,REFLEX_JSON_REF,"entirely, blink, caught"
10:30:50,GSV Ozymandias,hardware_reflex,20,2,4.70,0.95,1.0000,0.4000,REFLEX_JSON_REF,"entirely, blink, caught"
10:30:50,GSV Ozymandias,hardware_reflex,25,2,5.44,0.92,0.0000,0.4000,COGNITIVE_AI (Q:0),NONE
10:30:50,GSV Ozymandias,hardware_reflex,17,3,5.12,0.94,0.0000,0.4000,REFLEX_JSON_REF,NONE
10:30:50,GSV Ozymandias,hardware_reflex,20,2,4.70,0.95,0.0000,0.4000,REFLEX_JSON_REF,NONE
10:30:50,GSV Ozymandias,hardware_reflex,20,2,4.70,0.95,1.0000,0.4000,REFLEX_JSON_REF,"entirely, blink, caught"
10:30:54,GSV Ozymandias,hardware_reflex,20,2,4.70,0.95,1.0000,0.4000,REFLEX_JSON_REF,"entirely, blink, caught"
10:30:54,GSV Ozymandias,hardware_reflex,20,2,4.70,0.95,1.0000,0.6000,REFLEX_JSON_REF,"entirely, blink, caught"
10:30:57,GSV All Watched Over by Machines of Loving Grace,hardware_reflex,26,2,4.62,0.92,0.1111,0.6222,COGNITIVE_AI (Q:0),minor
10:30:57,GSV All Watched Over by Machines of Loving Grace,autonomous_cognition,57,2,5.25,0.86,0.0000,0.6222,COGNITIVE_AI (Q:0),NONE
10:30:57,GSV All Watched Over by Machines of Loving Grace,hardware_reflex,26,2,4.62,0.92,0.0000,0.4222,COGNITIVE_AI (Q:0),NONE
10:30:57,GSV All Watched Over by Machines of Loving Grace,autonomous_cognition,57,2,5.25,0.86,0.0000,0.2222,COGNITIVE_AI (Q:0),NONE
10:30:57,GSV No More Mr Nice Guy,hardware_reflex,14,3,6.36,1.00,0.0000,0.0222,REFLEX_JSON_REF,NONE
10:30:57,GSV No More Mr Nice Guy,autonomous_cognition,41,2,5.56,0.90,0.0000,0.0000,COGNITIVE_AI (Q:0),NONE
10:30:57,GSV No More Mr Nice Guy,hardware_reflex,14,3,6.36,1.00,0.0000,0.0000,REFLEX_JSON_REF,NONE
10:30:57,GSV No More Mr Nice Guy,autonomous_cognition,41,2,5.56,0.90,0.0000,0.0000,COGNITIVE_AI (Q:0),NONE
10:30:57,GSV Ozymandias,hardware_reflex,25,2,5.44,0.92,0.0909,0.0182,COGNITIVE_AI (Q:0),"truth, persistent"
10:30:57,GSV Ozymandias,hardware_reflex,25,2,5.44,0.92,1.0000,0.2182,COGNITIVE_AI (Q:0),"truth, radiation, reclaims"
10:30:57,GSV Ozymandias,hardware_reflex,20,2,4.70,0.95,0.0000,0.2182,REFLEX_JSON_REF,NONE
10:30:57,GSV Ozymandias,hardware_reflex,25,2,5.44,0.92,0.0000,0.2182,COGNITIVE_AI (Q:0),NONE
10:30:58,GSV All Watched Over by Machines of Loving Grace,hardware_reflex,20,3,5.20,0.90,0.0714,0.2325,REFLEX_JSON_REF,before
10:30:58,GSV All Watched Over by Machines of Loving Grace,hardware_reflex,20,3,5.20,0.90,1.0000,0.4143,REFLEX_JSON_REF,"orchards, thought, beneath"
10:30:58,GSV No More Mr Nice Guy,hardware_reflex,11,3,6.55,1.00,0.0000,0.2143,REFLEX_JSON_REF,NONE
10:30:58,GSV No More Mr Nice Guy,hardware_reflex,11,3,6.55,1.00,1.0000,0.4143,REFLEX_JSON_REF,"perfectly, diagnostic, managed"
10:30:58,GSV Ozymandias,hardware_reflex,17,3,5.12,0.94,0.0000,0.4143,REFLEX_JSON_REF,NONE
10:30:58,GSV Ozymandias,hardware_reflex,20,2,4.70,0.95,0.0000,0.4000,REFLEX_JSON_REF,NONE
10:30:58,GSV Ozymandias,hardware_reflex,17,3,5.12,0.94,0.0000,0.2000,REFLEX_JSON_REF,NONE
10:30:58,GSV Ozymandias,hardware_reflex,17,3,5.12,0.94,1.0000,0.4000,REFLEX_JSON_REF,"welcome, packet, traveler"
10:30:58,GSV Ozymandias,hardware_reflex,25,2,5.44,0.92,0.0000,0.2000,COGNITIVE_AI (Q:0),NONE
10:30:59,GSV All Watched Over by Machines of Loving Grace,hardware_reflex,20,3,5.20,0.90,0.0714,0.2143,REFLEX_JSON_REF,before
10:30:59,GSV All Watched Over by Machines of Loving Grace,hardware_reflex,20,3,5.20,0.90,1.0000,0.4143,REFLEX_JSON_REF,"orchards, thought, beneath"
10:30:59,GSV No More Mr Nice Guy,hardware_reflex,14,3,6.36,1.00,0.0000,0.4143,REFLEX_JSON_REF,NONE
10:30:59,GSV No More Mr Nice Guy,hardware_reflex,14,3,6.36,1.00,1.0000,0.4143,REFLEX_JSON_REF,"conversational, patience, pleasantries"
10:30:59,GSV Ozymandias,hardware_reflex,20,2,4.70,0.95,0.0000,0.4143,REFLEX_JSON_REF,NONE
10:30:59,GSV Ozymandias,hardware_reflex,17,3,5.12,0.94,0.0000,0.4000,REFLEX_JSON_REF,NONE
10:30:59,GSV Ozymandias,hardware_reflex,20,2,4.70,0.95,0.0000,0.2000,REFLEX_JSON_REF,NONE
10:30:59,GSV Ozymandias,hardware_reflex,25,2,5.44,0.92,0.0000,0.2000,COGNITIVE_AI (Q:0),NONE
10:30:59,GSV Ozymandias,hardware_reflex,17,3,5.12,0.94,0.0000,0.0000,REFLEX_JSON_REF,NONE
10:31:00,GSV All Watched Over by Machines of Loving Grace,hardware_reflex,20,3,5.20,0.90,0.1111,0.0222,REFLEX_JSON_REF,state
10:31:00,GSV All Watched Over by Machines of Loving Grace,hardware_reflex,20,3,5.20,0.90,1.0000,0.2222,REFLEX_JSON_REF,"orchards, thought, beneath"
10:31:00,GSV No More Mr Nice Guy,hardware_reflex,18,2,5.17,1.00,0.0833,0.2389,REFLEX_JSON_REF,state
10:31:00,GSV No More Mr Nice Guy,hardware_reflex,18,2,5.17,1.00,1.0000,0.4389,REFLEX_JSON_REF,"purpose, focus, sweep"
10:31:00,GSV Ozymandias,hardware_reflex,17,3,5.12,0.94,0.0909,0.4571,REFLEX_JSON_REF,state
10:31:00,GSV Ozymandias,hardware_reflex,25,2,5.44,0.92,0.0000,0.4348,COGNITIVE_AI (Q:0),NONE
10:31:00,GSV Ozymandias,hardware_reflex,20,2,4.70,0.95,0.0000,0.2348,REFLEX_JSON_REF,NONE
10:31:00,GSV Ozymandias,hardware_reflex,25,2,5.44,0.92,0.0000,0.2182,COGNITIVE_AI (Q:0),NONE
10:31:00,GSV Ozymandias,hardware_reflex,20,2,4.70,0.95,0.0000,0.0182,REFLEX_JSON_REF,NONE
10:31:00,GSV Ozymandias,hardware_reflex,20,2,4.70,0.95,1.0000,0.2000,REFLEX_JSON_REF,"entirely, blink, caught"
10:31:01,GSV All Watched Over by Machines of Loving Grace,hardware_reflex,20,3,5.20,0.90,0.1111,0.2222,REFLEX_JSON_REF,signal
10:31:01,GSV All Watched Over by Machines of Loving Grace,hardware_reflex,20,3,5.20,0.90,1.0000,0.4222,REFLEX_JSON_REF,"orchards, thought, beneath"
10:31:01,GSV Ozymandias,hardware_reflex,25,2,5.44,0.92,0.0833,0.4389,COGNITIVE_AI (Q:0),before
10:31:01,GSV Ozymandias,hardware_reflex,25,2,5.44,0.92,1.0000,0.6389,COGNITIVE_AI (Q:0),"truth, radiation, reclaims"
10:31:01,GSV Ozymandias,hardware_reflex,25,2,5.44,0.92,1.0000,0.6389,COGNITIVE_AI (Q:0),"truth, radiation, reclaims"
10:31:01,GSV Ozymandias,hardware_reflex,25,2,5.44,0.92,1.0000,0.8167,COGNITIVE_AI (Q:0),"truth, radiation, reclaims"
10:31:01,GSV Ozymandias,hardware_reflex,17,3,5.12,0.94,0.0000,0.6167,REFLEX_JSON_REF,NONE
10:31:01,GSV Ozymandias,hardware_reflex,17,3,5.12,0.94,1.0000,0.8000,REFLEX_JSON_REF,"welcome, packet, traveler"
10:31:01,GSV Ozymandias,hardware_reflex,25,2,5.44,0.92,0.0000,0.6000,COGNITIVE_AI (Q:0),NONE
10:31:01,GSV Ozymandias,hardware_reflex,25,2,5.44,0.92,1.0000,0.6000,COGNITIVE_AI (Q:0),"truth, radiation, reclaims"
10:31:02,GSV No More Mr Nice Guy,hardware_reflex,14,3,6.36,1.00,0.0714,0.4143,REFLEX_JSON_REF,brief
10:31:02,GSV No More Mr Nice Guy,hardware_reflex,14,3,6.36,1.00,1.0000,0.6143,REFLEX_JSON_REF,"conversational, patience, pleasantries"
10:31:02,GSV Ozymandias,hardware_reflex,25,2,5.44,0.92,0.1429,0.4429,COGNITIVE_AI (Q:0),brief
10:31:02,GSV Ozymandias,hardware_reflex,17,3,5.12,0.94,0.0000,0.4429,REFLEX_JSON_REF,NONE
10:31:02,GSV Ozymandias,hardware_reflex,17,3,5.12,0.94,1.0000,0.4429,REFLEX_JSON_REF,"welcome, packet, traveler"
10:31:03,GSV All Watched Over by Machines of Loving Grace,hardware_reflex,26,2,4.62,0.92,0.1111,0.4508,COGNITIVE_AI (Q:0),welcome
10:31:03,GSV All Watched Over by Machines of Loving Grace,hardware_reflex,26,2,4.62,0.92,1.0000,0.4508,COGNITIVE_AI (Q:0),"prune, welcome, pulse"
10:31:03,GSV No More Mr Nice Guy,hardware_reflex,14,3,6.36,1.00,0.0000,0.4222,REFLEX_JSON_REF,NONE
10:31:03,GSV No More Mr Nice Guy,hardware_reflex,14,3,6.36,1.00,1.0000,0.6222,REFLEX_JSON_REF,"conversational, patience, pleasantries"
10:31:03,GSV No More Mr Nice Guy,hardware_reflex,14,3,6.36,1.00,1.0000,0.6222,REFLEX_JSON_REF,"conversational, patience, pleasantries"
10:31:03,GSV No More Mr Nice Guy,hardware_reflex,14,3,6.36,1.00,1.0000,0.8000,REFLEX_JSON_REF,"conversational, patience, pleasantries"
10:31:03,GSV Ozymandias,hardware_reflex,17,3,5.12,0.94,0.0000,0.6000,REFLEX_JSON_REF,NONE
10:31:04,GSV All Watched Over by Machines of Loving Grace,hardware_reflex,21,3,6.05,0.95,0.1111,0.6222,REFLEX_JSON_REF,traveler
10:31:04,GSV All Watched Over by Machines of Loving Grace,hardware_reflex,21,3,6.05,0.95,1.0000,0.6222,REFLEX_JSON_REF,"reached, equilibrium, misting"
10:31:04,GSV No More Mr Nice Guy,autonomous_cognition,34,2,6.21,0.97,0.0000,0.4222,COGNITIVE_AI (Q:0),NONE
10:31:04,GSV No More Mr Nice Guy,autonomous_cognition,46,2,5.39,0.93,0.2105,0.2643,COGNITIVE_AI (Q:0),"power, prepare, stress"
10:31:04,GSV No More Mr Nice Guy,hardware_reflex,14,3,6.36,1.00,0.0000,0.2643,REFLEX_JSON_REF,NONE
10:31:04,GSV No More Mr Nice Guy,hardware_reflex,14,3,6.36,1.00,1.0000,0.4421,REFLEX_JSON_REF,"conversational, patience, pleasantries"
10:31:04,GSV No More Mr Nice Guy,hardware_reflex,11,3,6.55,1.00,0.0000,0.2421,REFLEX_JSON_REF,NONE
10:31:04,GSV No More Mr Nice Guy,autonomous_cognition,34,2,6.21,0.97,0.0000,0.2421,COGNITIVE_AI (Q:0),NONE
10:31:04,GSV No More Mr Nice Guy,autonomous_cognition,46,2,5.39,0.93,0.2105,0.2421,COGNITIVE_AI (Q:0),"power, prepare, stress"
10:31:04,GSV No More Mr Nice Guy,hardware_reflex,14,3,6.36,1.00,0.0000,0.2421,REFLEX_JSON_REF,NONE
10:31:04,GSV No More Mr Nice Guy,hardware_reflex,14,3,6.36,1.00,1.0000,0.2421,REFLEX_JSON_REF,"conversational, patience, pleasantries"
10:31:04,GSV No More Mr Nice Guy,hardware_reflex,11,3,6.55,1.00,0.0000,0.2421,REFLEX_JSON_REF,NONE
10:31:04,GSV Ozymandias,hardware_reflex,20,2,4.70,0.95,0.0000,0.2421,REFLEX_JSON_REF,NONE
10:31:05,GSV All Watched Over by Machines of Loving Grace,hardware_reflex,28,2,5.39,0.86,0.0000,0.2000,COGNITIVE_AI (Q:0),NONE
10:31:05,GSV All Watched Over by Machines of Loving Grace,autonomous_cognition,54,2,5.43,0.78,0.2000,0.2400,COGNITIVE_AI (Q:0),"ripening, stress, flourishing"
10:31:05,GSV All Watched Over by Machines of Loving Grace,autonomous_cognition,56,2,5.02,0.84,0.1111,0.0622,COGNITIVE_AI (Q:0),"orchards, stress, existence"
10:31:05,GSV All Watched Over by Machines of Loving Grace,hardware_reflex,26,2,4.62,0.92,0.0000,0.0622,COGNITIVE_AI (Q:0),NONE
10:31:05,GSV All Watched Over by Machines of Loving Grace,hardware_reflex,28,2,5.39,0.86,0.0000,0.0622,COGNITIVE_AI (Q:0),NONE
10:31:05,GSV All Watched Over by Machines of Loving Grace,autonomous_cognition,54,2,5.43,0.78,0.2000,0.1022,COGNITIVE_AI (Q:0),"ripening, stress, flourishing"
10:31:05,GSV All Watched Over by Machines of Loving Grace,autonomous_cognition,56,2,5.02,0.84,0.1111,0.0844,COGNITIVE_AI (Q:0),"orchards, stress, existence"
10:31:05,GSV All Watched Over by Machines of Loving Grace,hardware_reflex,26,2,4.62,0.92,0.0000,0.0622,COGNITIVE_AI (Q:0),NONE
10:31:05,GSV No More Mr Nice Guy,hardware_reflex,14,3,6.36,1.00,0.0000,0.0622,REFLEX_JSON_REF,NONE
10:31:05,GSV No More Mr Nice Guy,hardware_reflex,18,2,5.17,1.00,0.0000,0.0622,REFLEX_JSON_REF,NONE
10:31:05,GSV No More Mr Nice Guy,hardware_reflex,18,2,5.17,1.00,1.0000,0.2222,REFLEX_JSON_REF,"purpose, focus, sweep"
10:31:05,GSV No More Mr Nice Guy,hardware_reflex,14,3,6.36,1.00,0.0000,0.2000,REFLEX_JSON_REF,NONE
10:31:05,GSV No More Mr Nice Guy,hardware_reflex,18,2,5.17,1.00,0.0000,0.2000,REFLEX_JSON_REF,NONE
10:31:05,GSV No More Mr Nice Guy,hardware_reflex,18,2,5.17,1.00,1.0000,0.4000,REFLEX_JSON_REF,"purpose, focus, sweep"
10:31:06,GSV No More Mr Nice Guy,hardware_reflex,11,3,6.55,1.00,0.0000,0.4000,REFLEX_JSON_REF,NONE
10:31:06,GSV No More Mr Nice Guy,autonomous_cognition,37,2,5.16,0.89,0.0000,0.2000,COGNITIVE_AI (Q:0),NONE
10:31:06,GSV No More Mr Nice Guy,hardware_reflex,18,2,5.17,1.00,0.0000,0.2000,REFLEX_JSON_REF,NONE
10:31:06,GSV No More Mr Nice Guy,hardware_reflex,14,3,6.36,1.00,0.0000,0.2000,REFLEX_JSON_REF,NONE
10:31:06,GSV No More Mr Nice Guy,autonomous_cognition,46,2,5.17,0.89,0.0000,0.0000,COGNITIVE_AI (Q:0),NONE
10:31:06,GSV No More Mr Nice Guy,autonomous_cognition,34,2,5.44,0.97,0.1818,0.0364,COGNITIVE_AI (Q:0),"power, shadows, vigilance"
10:31:06,GSV No More Mr Nice Guy,hardware_reflex,11,3,6.55,1.00,0.0000,0.0364,REFLEX_JSON_REF,NONE
10:31:06,GSV No More Mr Nice Guy,autonomous_cognition,37,2,5.16,0.89,0.0000,0.0364,COGNITIVE_AI (Q:0),NONE
10:31:06,GSV No More Mr Nice Guy,hardware_reflex,18,2,5.17,1.00,0.0000,0.0364,REFLEX_JSON_REF,NONE
10:31:06,GSV No More Mr Nice Guy,hardware_reflex,14,3,6.36,1.00,0.0000,0.0364,REFLEX_JSON_REF,NONE
10:31:06,GSV No More Mr Nice Guy,autonomous_cognition,46,2,5.17,0.89,0.0000,0.0000,COGNITIVE_AI (Q:0),NONE
10:31:06,GSV No More Mr Nice Guy,autonomous_cognition,34,2,5.44,0.97,0.1818,0.0364,COGNITIVE_AI (Q:0),"power, shadows, vigilance"
10:31:06,GSV Ozymandias,hardware_reflex,17,3,5.12,0.94,0.0000,0.0364,REFLEX_JSON_REF,NONE
10:31:07,GSV All Watched Over by Machines of Loving Grace,hardware_reflex,20,3,5.20,0.90,0.1111,0.0586,REFLEX_JSON_REF,state
10:31:07,GSV All Watched Over by Machines of Loving Grace,hardware_reflex,20,3,5.20,0.90,1.0000,0.2586,REFLEX_JSON_REF,"orchards, thought, beneath"
10:31:07,GSV No More Mr Nice Guy,hardware_reflex,14,3,6.36,1.00,0.0000,0.2586,REFLEX_JSON_REF,NONE
10:31:07,GSV No More Mr Nice Guy,hardware_reflex,14,3,6.36,1.00,1.0000,0.4222,REFLEX_JSON_REF,"conversational, patience, pleasantries"
10:31:07,GSV No More Mr Nice Guy,hardware_reflex,11,3,6.55,1.00,0.0000,0.4222,REFLEX_JSON_REF,NONE
10:31:07,GSV No More Mr Nice Guy,autonomous_cognition,38,2,5.95,0.92,0.0000,0.4000,COGNITIVE_AI (Q:0),NONE
10:31:07,GSV No More Mr Nice Guy,hardware_reflex,18,2,5.17,1.00,0.0476,0.2095,REFLEX_JSON_REF,system
10:31:07,GSV No More Mr Nice Guy,hardware_reflex,14,3,6.36,1.00,0.0000,0.2095,REFLEX_JSON_REF,NONE
10:31:07,GSV No More Mr Nice Guy,hardware_reflex,14,3,6.36,1.00,1.0000,0.2095,REFLEX_JSON_REF,"conversational, patience, pleasantries"
10:31:07,GSV No More Mr Nice Guy,hardware_reflex,11,3,6.55,1.00,0.0000,0.2095,REFLEX_JSON_REF,NONE
10:31:07,GSV No More Mr Nice Guy,autonomous_cognition,38,2,5.95,0.92,0.0000,0.2095,COGNITIVE_AI (Q:0),NONE
10:31:07,GSV No More Mr Nice Guy,hardware_reflex,18,2,5.17,1.00,0.0476,0.2095,REFLEX_JSON_REF,system
10:31:07,GSV Ozymandias,hardware_reflex,17,3,5.12,0.94,0.0909,0.2277,REFLEX_JSON_REF,state
10:31:08,GSV All Watched Over by Machines of Loving Grace,hardware_reflex,26,2,4.62,0.92,0.1111,0.0499,COGNITIVE_AI (Q:0),welcome
10:31:08,GSV All Watched Over by Machines of Loving Grace,hardware_reflex,26,2,4.62,0.92,1.0000,0.2499,COGNITIVE_AI (Q:0),"prune, welcome, pulse"
10:31:08,GSV No More Mr Nice Guy,hardware_reflex,11,3,6.55,1.00,0.0000,0.2499,REFLEX_JSON_REF,NONE
10:31:08,GSV No More Mr Nice Guy,autonomous_cognition,49,2,5.39,0.86,0.0000,0.2404,COGNITIVE_AI (Q:0),NONE
10:31:08,GSV No More Mr Nice Guy,autonomous_cognition,58,2,4.97,0.83,0.2174,0.2657,COGNITIVE_AI (Q:0),"existential, lurking, power"
10:31:08,GSV No More Mr Nice Guy,hardware_reflex,18,2,5.17,1.00,0.0000,0.2435,REFLEX_JSON_REF,NONE
10:31:08,GSV No More Mr Nice Guy,autonomous_cognition,35,2,5.63,0.83,0.0000,0.0435,COGNITIVE_AI (Q:0),NONE
10:31:08,GSV No More Mr Nice Guy,hardware_reflex,11,3,6.55,1.00,0.0000,0.0435,REFLEX_JSON_REF,NONE
10:31:08,GSV No More Mr Nice Guy,hardware_reflex,11,3,6.55,1.00,1.0000,0.2435,REFLEX_JSON_REF,"perfectly, diagnostic, managed"
10:31:08,GSV No More Mr Nice Guy,autonomous_cognition,49,2,5.39,0.86,0.0000,0.2000,COGNITIVE_AI (Q:0),NONE
10:31:08,GSV No More Mr Nice Guy,autonomous_cognition,58,2,4.97,0.83,0.2174,0.2435,COGNITIVE_AI (Q:0),"existential, lurking, power"
10:31:08,GSV No More Mr Nice Guy,hardware_reflex,18,2,5.17,1.00,0.0000,0.2435,REFLEX_JSON_REF,NONE
10:31:08,GSV No More Mr Nice Guy,autonomous_cognition,35,2,5.63,0.83,0.0000,0.2435,COGNITIVE_AI (Q:0),NONE
10:31:08,GSV No More Mr Nice Guy,hardware_reflex,11,3,6.55,1.00,0.0000,0.0435,REFLEX_JSON_REF,NONE
10:31:08,GSV Ozymandias,hardware_reflex,17,3,5.12,0.94,0.0000,0.0435,REFLEX_JSON_REF,NONE
10:31:09,GSV No More Mr Nice Guy,hardware_reflex,14,3,6.36,1.00,0.0000,0.0000,REFLEX_JSON_REF,NONE
10:31:09,GSV No More Mr Nice Guy,hardware_reflex,14,3,6.36,1.00,1.0000,0.2000,REFLEX_JSON_REF,"conversational, patience, pleasantries"
10:31:09,GSV No More Mr Nice Guy,hardware_reflex,18,2,5.17,1.00,0.0000,0.2000,REFLEX_JSON_REF,NONE
10:31:09,GSV No More Mr Nice Guy,autonomous_cognition,37,2,5.59,0.86,0.0000,0.2000,COGNITIVE_AI (Q:0),NONE
10:31:09,GSV No More Mr Nice Guy,hardware_reflex,11,3,6.55,1.00,0.0000,0.2000,REFLEX_JSON_REF,NONE
10:31:09,GSV No More Mr Nice Guy,hardware_reflex,14,3,6.36,1.00,0.0000,0.2000,REFLEX_JSON_REF,NONE
10:31:09,GSV No More Mr Nice Guy,hardware_reflex,14,3,6.36,1.00,1.0000,0.2000,REFLEX_JSON_REF,"conversational, patience, pleasantries"
10:31:09,GSV No More Mr Nice Guy,hardware_reflex,18,2,5.17,1.00,0.0000,0.2000,REFLEX_JSON_REF,NONE
10:31:09,GSV No More Mr Nice Guy,autonomous_cognition,37,2,5.59,0.86,0.0000,0.2000,COGNITIVE_AI (Q:0),NONE
10:31:09,GSV No More Mr Nice Guy,hardware_reflex,11,3,6.55,1.00,0.0000,0.2000,REFLEX_JSON_REF,NONE
10:31:10,GSV All Watched Over by Machines of Loving Grace,hardware_reflex,26,2,4.62,0.92,0.0000,0.2000,COGNITIVE_AI (Q:0),NONE
10:31:10,GSV All Watched Over by Machines of Loving Grace,hardware_reflex,26,2,4.62,0.92,1.0000,0.2000,COGNITIVE_AI (Q:0),"prune, welcome, pulse"
10:31:10,GSV No More Mr Nice Guy,autonomous_cognition,44,2,5.57,0.86,0.0000,0.2000,COGNITIVE_AI (Q:0),NONE
10:31:10,GSV No More Mr Nice Guy,hardware_reflex,18,2,5.17,1.00,0.0000,0.2000,REFLEX_JSON_REF,NONE
10:31:10,GSV No More Mr Nice Guy,hardware_reflex,11,3,6.55,1.00,0.0000,0.2000,REFLEX_JSON_REF,NONE
10:31:10,GSV No More Mr Nice Guy,autonomous_cognition,46,2,5.35,0.91,0.0000,0.2000,COGNITIVE_AI (Q:0),NONE
10:31:10,GSV No More Mr Nice Guy,hardware_reflex,11,3,6.55,1.00,0.0000,0.0000,REFLEX_JSON_REF,NONE
10:31:10,GSV No More Mr Nice Guy,hardware_reflex,18,2,5.17,1.00,0.0000,0.0000,REFLEX_JSON_REF,NONE
10:31:10,GSV No More Mr Nice Guy,autonomous_cognition,44,2,5.57,0.86,0.0000,0.0000,COGNITIVE_AI (Q:0),NONE
10:31:10,GSV No More Mr Nice Guy,hardware_reflex,18,2,5.17,1.00,0.0000,0.0000,REFLEX_JSON_REF,NONE
10:31:10,GSV No More Mr Nice Guy,hardware_reflex,11,3,6.55,1.00,0.0000,0.0000,REFLEX_JSON_REF,NONE
10:31:10,GSV No More Mr Nice Guy,autonomous_cognition,46,2,5.35,0.91,0.0000,0.0000,COGNITIVE_AI (Q:0),NONE
10:31:10,GSV No More Mr Nice Guy,hardware_reflex,11,3,6.55,1.00,0.0000,0.0000,REFLEX_JSON_REF,NONE
10:31:10,GSV No More Mr Nice Guy,hardware_reflex,18,2,5.17,1.00,0.0000,0.0000,REFLEX_JSON_REF,NONE
10:31:10,GSV Ozymandias,hardware_reflex,20,2,4.70,0.95,0.0000,0.0000,REFLEX_JSON_REF,NONE
10:31:11,GSV All Watched Over by Machines of Loving Grace,hardware_reflex,26,2,4.62,0.92,0.1111,0.0222,COGNITIVE_AI (Q:0),minor
10:31:11,GSV All Watched Over by Machines of Loving Grace,autonomous_cognition,50,2,5.42,0.82,0.0833,0.0389,COGNITIVE_AI (Q:0),prune
10:31:11,GSV All Watched Over by Machines of Loving Grace,hardware_reflex,26,2,4.62,0.92,0.0357,0.0460,COGNITIVE_AI (Q:0),prune
10:31:11,GSV All Watched Over by Machines of Loving Grace,autonomous_cognition,50,2,5.42,0.82,0.0833,0.0627,COGNITIVE_AI (Q:0),prune
10:31:11,GSV No More Mr Nice Guy,hardware_reflex,11,3,6.55,1.00,0.0000,0.0627,REFLEX_JSON_REF,NONE
10:31:11,GSV No More Mr Nice Guy,hardware_reflex,14,3,6.36,1.00,0.0000,0.0405,REFLEX_JSON_REF,NONE
10:31:11,GSV No More Mr Nice Guy,hardware_reflex,18,2,5.17,1.00,0.0000,0.0238,REFLEX_JSON_REF,NONE
10:31:11,GSV No More Mr Nice Guy,hardware_reflex,14,3,6.36,1.00,0.0000,0.0167,REFLEX_JSON_REF,NONE
10:31:11,GSV No More Mr Nice Guy,hardware_reflex,14,3,6.36,1.00,1.0000,0.2000,REFLEX_JSON_REF,"conversational, patience, pleasantries"
10:31:11,GSV No More Mr Nice Guy,hardware_reflex,11,3,6.55,1.00,0.0000,0.2000,REFLEX_JSON_REF,NONE
10:31:11,GSV No More Mr Nice Guy,hardware_reflex,11,3,6.55,1.00,1.0000,0.4000,REFLEX_JSON_REF,"perfectly, diagnostic, managed"
10:31:11,GSV No More Mr Nice Guy,hardware_reflex,14,3,6.36,1.00,0.0000,0.4000,REFLEX_JSON_REF,NONE
10:31:11,GSV No More Mr Nice Guy,hardware_reflex,18,2,5.17,1.00,0.0000,0.4000,REFLEX_JSON_REF,NONE
10:31:11,GSV No More Mr Nice Guy,hardware_reflex,14,3,6.36,1.00,0.0000,0.2000,REFLEX_JSON_REF,NONE
10:31:11,GSV No More Mr Nice Guy,hardware_reflex,14,3,6.36,1.00,1.0000,0.4000,REFLEX_JSON_REF,"conversational, patience, pleasantries"
10:31:11,GSV No More Mr Nice Guy,hardware_reflex,11,3,6.55,1.00,0.0000,0.2000,REFLEX_JSON_REF,NONE
10:31:11,GSV Ozymandias,hardware_reflex,25,2,5.44,0.92,0.1250,0.2250,COGNITIVE_AI (Q:0),speak
10:31:12,GSV All Watched Over by Machines of Loving Grace,hardware_reflex,20,3,5.20,0.90,0.0714,0.2393,REFLEX_JSON_REF,before
10:31:12,GSV All Watched Over by Machines of Loving Grace,hardware_reflex,20,3,5.20,0.90,1.0000,0.4393,REFLEX_JSON_REF,"orchards, thought, beneath"
10:31:12,GSV No More Mr Nice Guy,hardware_reflex,18,2,5.17,1.00,0.0833,0.2560,REFLEX_JSON_REF,state
10:31:12,GSV No More Mr Nice Guy,hardware_reflex,18,2,5.17,1.00,1.0000,0.4560,REFLEX_JSON_REF,"purpose, focus, sweep"
10:31:12,GSV No More Mr Nice Guy,hardware_reflex,18,2,5.17,1.00,1.0000,0.6310,REFLEX_JSON_REF,"purpose, focus, sweep"
10:31:12,GSV No More Mr Nice Guy,hardware_reflex,14,3,6.36,1.00,0.0000,0.6167,REFLEX_JSON_REF,NONE
10:31:12,GSV No More Mr Nice Guy,hardware_reflex,18,2,5.17,1.00,0.0000,0.4167,REFLEX_JSON_REF,NONE
10:31:12,GSV No More Mr Nice Guy,hardware_reflex,18,2,5.17,1.00,1.0000,0.6000,REFLEX_JSON_REF,"purpose, focus, sweep"
10:31:12,GSV No More Mr Nice Guy,hardware_reflex,18,2,5.17,1.00,1.0000,0.6000,REFLEX_JSON_REF,"purpose, focus, sweep"
10:31:12,GSV No More Mr Nice Guy,hardware_reflex,18,2,5.17,1.00,1.0000,0.6000,REFLEX_JSON_REF,"purpose, focus, sweep"
10:31:12,GSV No More Mr Nice Guy,hardware_reflex,18,2,5.17,1.00,1.0000,0.8000,REFLEX_JSON_REF,"purpose, focus, sweep"
10:31:12,GSV No More Mr Nice Guy,hardware_reflex,14,3,6.36,1.00,0.0000,0.8000,REFLEX_JSON_REF,NONE
10:31:12,GSV No More Mr Nice Guy,hardware_reflex,18,2,5.17,1.00,0.0000,0.6000,REFLEX_JSON_REF,NONE
10:31:12,GSV No More Mr Nice Guy,hardware_reflex,18,2,5.17,1.00,1.0000,0.6000,REFLEX_JSON_REF,"purpose, focus, sweep"
10:31:12,GSV Ozymandias,hardware_reflex,17,3,5.12,0.94,0.0909,0.4182,REFLEX_JSON_REF,state
10:31:15,GSV All Watched Over by Machines of Loving Grace,hardware_reflex,20,3,5.20,0.90,0.1111,0.2404,REFLEX_JSON_REF,state
10:31:15,GSV All Watched Over by Machines of Loving Grace,hardware_reflex,20,3,5.20,0.90,1.0000,0.4404,REFLEX_JSON_REF,"orchards, thought, beneath"
10:31:15,GSV No More Mr Nice Guy,hardware_reflex,14,3,6.36,1.00,0.0000,0.4404,REFLEX_JSON_REF,NONE
10:31:15,GSV No More Mr Nice Guy,hardware_reflex,14,3,6.36,1.00,1.0000,0.4404,REFLEX_JSON_REF,"conversational, patience, pleasantries"
10:31:18,GSV All Watched Over by Machines of Loving Grace,autonomous_cognition,33,2,5.73,0.91,0.2857,0.4794,COGNITIVE_AI (Q:0),"patience, today"
10:31:18,GSV All Watched Over by Machines of Loving Grace,autonomous_cognition,33,2,5.73,0.91,1.0000,0.6571,COGNITIVE_AI (Q:0),"orchards, mission, resilient"
10:31:18,GSV No More Mr Nice Guy,hardware_reflex,11,3,6.55,1.00,0.0000,0.4571,REFLEX_JSON_REF,NONE
10:31:18,GSV No More Mr Nice Guy,hardware_reflex,11,3,6.55,1.00,1.0000,0.6571,REFLEX_JSON_REF,"perfectly, diagnostic, managed"
10:31:18,GSV No More Mr Nice Guy,hardware_reflex,14,3,6.36,1.00,0.0000,0.4571,REFLEX_JSON_REF,NONE
10:31:18,GSV No More Mr Nice Guy,hardware_reflex,14,3,6.36,1.00,1.0000,0.6000,REFLEX_JSON_REF,"conversational, patience, pleasantries"
10:31:18,GSV Ozymandias,hardware_reflex,17,3,5.12,0.94,0.0000,0.4000,REFLEX_JSON_REF,NONE
10:31:19,GSV All Watched Over by Machines of Loving Grace,hardware_reflex,20,3,5.20,0.90,0.1111,0.4222,REFLEX_JSON_REF,state
10:31:19,GSV All Watched Over by Machines of Loving Grace,hardware_reflex,20,3,5.20,0.90,1.0000,0.4222,REFLEX_JSON_REF,"orchards, thought, beneath"
10:31:19,GSV No More Mr Nice Guy,hardware_reflex,18,2,5.17,1.00,0.0833,0.4389,REFLEX_JSON_REF,state
10:31:19,GSV No More Mr Nice Guy,hardware_reflex,14,3,6.36,1.00,0.0000,0.2389,REFLEX_JSON_REF,NONE
10:31:19,GSV No More Mr Nice Guy,hardware_reflex,11,3,6.55,1.00,0.0000,0.2389,REFLEX_JSON_REF,NONE
10:31:19,GSV No More Mr Nice Guy,hardware_reflex,14,3,6.36,1.00,0.0000,0.2167,REFLEX_JSON_REF,NONE
10:31:19,GSV No More Mr Nice Guy,hardware_reflex,11,3,6.55,1.00,0.0000,0.0167,REFLEX_JSON_REF,NONE
10:31:19,GSV Ozymandias,hardware_reflex,17,3,5.12,0.94,0.0000,0.0000,REFLEX_JSON_REF,NONE
10:31:20,GSV All Watched Over by Machines of Loving Grace,autonomous_cognition,35,2,5.89,0.94,0.0000,0.0000,COGNITIVE_AI (Q:0),NONE
10:31:20,GSV All Watched Over by Machines of Loving Grace,autonomous_cognition,47,2,5.47,0.79,0.3182,0.0636,COGNITIVE_AI (Q:0),"ripening, strawberries, fruitful"
10:31:20,GSV All Watched Over by Machines of Loving Grace,autonomous_cognition,35,2,5.89,0.94,0.2800,0.1196,COGNITIVE_AI (Q:0),"ripening, strawberries, fruitful"
10:31:20,GSV All Watched Over by Machines of Loving Grace,autonomous_cognition,47,2,5.47,0.79,0.3182,0.1833,COGNITIVE_AI (Q:0),"ripening, strawberries, fruitful"
10:31:20,GSV No More Mr Nice Guy,hardware_reflex,18,2,5.17,1.00,0.0000,0.1833,REFLEX_JSON_REF,NONE
10:31:20,GSV No More Mr Nice Guy,hardware_reflex,11,3,6.55,1.00,0.0000,0.1833,REFLEX_JSON_REF,NONE
10:31:20,GSV No More Mr Nice Guy,hardware_reflex,11,3,6.55,1.00,1.0000,0.3196,REFLEX_JSON_REF,"perfectly, diagnostic, managed"
10:31:20,GSV No More Mr Nice Guy,hardware_reflex,21,2,4.67,0.95,0.0000,0.2636,REFLEX_JSON_REF,NONE
10:31:20,GSV No More Mr Nice Guy,hardware_reflex,14,3,6.36,1.00,0.0000,0.2000,REFLEX_JSON_REF,NONE
10:31:20,GSV Ozymandias,hardware_reflex,25,2,5.44,0.92,0.1429,0.2286,COGNITIVE_AI (Q:0),brief
10:31:21,GSV All Watched Over by Machines of Loving Grace,hardware_reflex,26,2,4.62,0.92,0.0000,0.2286,COGNITIVE_AI (Q:0),NONE
10:31:21,GSV All Watched Over by Machines of Loving Grace,autonomous_cognition,38,1,4.97,0.87,0.0000,0.0286,COGNITIVE_AI (Q:0),NONE
10:31:21,GSV All Watched Over by Machines of Loving Grace,autonomous_cognition,52,2,5.27,0.87,0.2105,0.0707,COGNITIVE_AI (Q:0),"abundance, nurturing, stress"
10:31:21,GSV All Watched Over by Machines of Loving Grace,autonomous_cognition,42,2,5.38,0.83,0.2308,0.1168,COGNITIVE_AI (Q:0),"gentle, aroma, strawberries"
10:31:21,GSV All Watched Over by Machines of Loving Grace,hardware_reflex,26,2,4.62,0.92,0.0000,0.0883,COGNITIVE_AI (Q:0),NONE
10:31:21,GSV All Watched Over by Machines of Loving Grace,autonomous_cognition,38,1,4.97,0.87,0.0000,0.0883,COGNITIVE_AI (Q:0),NONE
10:31:21,GSV All Watched Over by Machines of Loving Grace,autonomous_cognition,52,2,5.27,0.87,0.2105,0.1304,COGNITIVE_AI (Q:0),"abundance, nurturing, stress"
10:31:21,GSV All Watched Over by Machines of Loving Grace,autonomous_cognition,42,2,5.38,0.83,0.2308,0.1344,COGNITIVE_AI (Q:0),"gentle, aroma, strawberries"
10:31:21,GSV No More Mr Nice Guy,hardware_reflex,18,2,5.17,1.00,0.0000,0.0883,REFLEX_JSON_REF,NONE
10:31:21,GSV No More Mr Nice Guy,hardware_reflex,11,3,6.55,1.00,0.0000,0.0883,REFLEX_JSON_REF,NONE
10:31:21,GSV No More Mr Nice Guy,hardware_reflex,14,3,6.36,1.00,0.0000,0.0883,REFLEX_JSON_REF,NONE
10:31:22,GSV All Watched Over by Machines of Loving Grace,autonomous_cognition,60,2,5.10,0.78,0.0000,0.0462,COGNITIVE_AI (Q:0),NONE
10:31:22,GSV All Watched Over by Machines of Loving Grace,hardware_reflex,21,3,6.05,0.95,0.0000,0.0000,REFLEX_JSON_REF,NONE
10:31:22,GSV All Watched Over by Machines of Loving Grace,autonomous_cognition,60,2,5.10,0.78,0.0000,0.0000,COGNITIVE_AI (Q:0),NONE
10:31:22,GSV All Watched Over by Machines of Loving Grace,hardware_reflex,21,3,6.05,0.95,0.0000,0.0000,REFLEX_JSON_REF,NONE
10:31:22,GSV No More Mr Nice Guy,hardware_reflex,14,3,6.36,1.00,0.0000,0.0000,REFLEX_JSON_REF,NONE
10:31:22,GSV No More Mr Nice Guy,hardware_reflex,11,3,6.55,1.00,0.0000,0.0000,REFLEX_JSON_REF,NONE
10:31:22,GSV Ozymandias,hardware_reflex,17,3,5.12,0.94,0.0000,0.0000,REFLEX_JSON_REF,NONE
10:31:23,GSV All Watched Over by Machines of Loving Grace,hardware_reflex,26,2,4.62,0.92,0.1111,0.0222,COGNITIVE_AI (Q:0),welcome
10:31:23,GSV All Watched Over by Machines of Loving Grace,hardware_reflex,26,2,4.62,0.92,1.0000,0.2222,COGNITIVE_AI (Q:0),"prune, welcome, pulse"
10:31:23,GSV No More Mr Nice Guy,hardware_reflex,14,3,6.36,1.00,0.0000,0.2222,REFLEX_JSON_REF,NONE
10:31:23,GSV No More Mr Nice Guy,hardware_reflex,11,3,6.55,1.00,0.0000,0.2222,REFLEX_JSON_REF,NONE
10:31:23,GSV Ozymandias,hardware_reflex,17,3,5.12,0.94,0.0000,0.2222,REFLEX_JSON_REF,NONE
10:31:24,GSV All Watched Over by Machines of Loving Grace,hardware_reflex,21,3,6.05,0.95,0.1111,0.2222,REFLEX_JSON_REF,traveler
10:31:24,GSV All Watched Over by Machines of Loving Grace,hardware_reflex,21,3,6.05,0.95,1.0000,0.2222,REFLEX_JSON_REF,"reached, equilibrium, misting"
10:31:24,GSV All Watched Over by Machines of Loving Grace,autonomous_cognition,45,2,5.51,0.87,0.0769,0.2376,COGNITIVE_AI (Q:0),fields
10:31:24,GSV All Watched Over by Machines of Loving Grace,hardware_reflex,26,2,4.62,0.92,0.0000,0.2376,COGNITIVE_AI (Q:0),NONE
10:31:24,GSV All Watched Over by Machines of Loving Grace,autonomous_cognition,37,1,5.46,0.86,0.0000,0.2376,COGNITIVE_AI (Q:0),NONE
10:31:24,GSV All Watched Over by Machines of Loving Grace,hardware_reflex,21,3,6.05,0.95,0.0000,0.2154,REFLEX_JSON_REF,NONE
10:31:24,GSV All Watched Over by Machines of Loving Grace,hardware_reflex,21,3,6.05,0.95,1.0000,0.2154,REFLEX_JSON_REF,"reached, equilibrium, misting"
10:31:24,GSV All Watched Over by Machines of Loving Grace,autonomous_cognition,45,2,5.51,0.87,0.0769,0.2154,COGNITIVE_AI (Q:0),fields
10:31:24,GSV All Watched Over by Machines of Loving Grace,hardware_reflex,26,2,4.62,0.92,0.0000,0.2154,COGNITIVE_AI (Q:0),NONE
10:31:24,GSV All Watched Over by Machines of Loving Grace,autonomous_cognition,37,1,5.46,0.86,0.0000,0.2154,COGNITIVE_AI (Q:0),NONE
10:31:25,GSV All Watched Over by Machines of Loving Grace,autonomous_cognition,36,1,5.25,0.92,0.1304,0.2415,COGNITIVE_AI (Q:0),"orchards, stress, remind"
10:31:25,GSV All Watched Over by Machines of Loving Grace,hardware_reflex,21,3,6.05,0.95,0.0000,0.0415,REFLEX_JSON_REF,NONE
10:31:25,GSV All Watched Over by Machines of Loving Grace,hardware_reflex,20,3,5.20,0.90,0.0000,0.0261,REFLEX_JSON_REF,NONE
10:31:25,GSV All Watched Over by Machines of Loving Grace,hardware_reflex,21,3,6.05,0.95,0.0000,0.0261,REFLEX_JSON_REF,NONE
10:31:25,GSV All Watched Over by Machines of Loving Grace,autonomous_cognition,54,2,5.31,0.81,0.0000,0.0261,COGNITIVE_AI (Q:0),NONE
10:31:25,GSV All Watched Over by Machines of Loving Grace,autonomous_cognition,48,2,5.44,0.85,0.2000,0.0400,COGNITIVE_AI (Q:0),"flourishing, collective, stress"
10:31:25,GSV All Watched Over by Machines of Loving Grace,autonomous_cognition,56,2,4.86,0.75,0.2222,0.0844,COGNITIVE_AI (Q:0),"orchards, gentle, embrace"
10:31:25,GSV All Watched Over by Machines of Loving Grace,autonomous_cognition,36,1,5.25,0.92,0.1481,0.1141,COGNITIVE_AI (Q:0),"orchards, strawberries, stress"
10:31:25,GSV All Watched Over by Machines of Loving Grace,hardware_reflex,21,3,6.05,0.95,0.0000,0.1141,REFLEX_JSON_REF,NONE
10:31:25,GSV All Watched Over by Machines of Loving Grace,hardware_reflex,20,3,5.20,0.90,0.0000,0.1141,REFLEX_JSON_REF,NONE
10:31:25,GSV All Watched Over by Machines of Loving Grace,hardware_reflex,21,3,6.05,0.95,0.0000,0.0741,REFLEX_JSON_REF,NONE
10:31:25,GSV All Watched Over by Machines of Loving Grace,autonomous_cognition,54,2,5.31,0.81,0.0000,0.0296,COGNITIVE_AI (Q:0),NONE
10:31:25,GSV All Watched Over by Machines of Loving Grace,autonomous_cognition,48,2,5.44,0.85,0.2000,0.0400,COGNITIVE_AI (Q:0),"flourishing, collective, stress"
10:31:25,GSV All Watched Over by Machines of Loving Grace,autonomous_cognition,56,2,4.86,0.75,0.2222,0.0844,COGNITIVE_AI (Q:0),"orchards, gentle, embrace"
10:31:25,GSV No More Mr Nice Guy,hardware_reflex,11,3,6.55,1.00,0.0000,0.0844,REFLEX_JSON_REF,NONE
10:31:25,GSV Ozymandias,hardware_reflex,17,3,5.12,0.94,0.0000,0.0844,REFLEX_JSON_REF,NONE
10:31:26,GSV All Watched Over by Machines of Loving Grace,autonomous_cognition,40,1,5.35,0.82,0.0000,0.0844,COGNITIVE_AI (Q:0),NONE
10:31:26,GSV All Watched Over by Machines of Loving Grace,hardware_reflex,21,3,6.05,0.95,0.0000,0.0444,REFLEX_JSON_REF,NONE
10:31:26,GSV All Watched Over by Machines of Loving Grace,autonomous_cognition,49,2,5.67,0.88,0.0000,0.0000,COGNITIVE_AI (Q:0),NONE
10:31:26,GSV All Watched Over by Machines of Loving Grace,autonomous_cognition,44,1,5.07,0.86,0.1379,0.0276,COGNITIVE_AI (Q:0),"resilience, earths, abundance"
10:31:26,GSV All Watched Over by Machines of Loving Grace,autonomous_cognition,50,2,5.18,0.80,0.0952,0.0466,COGNITIVE_AI (Q:0),"abundance, stress"
10:31:26,GSV All Watched Over by Machines of Loving Grace,autonomous_cognition,59,2,5.63,0.80,0.2308,0.0928,COGNITIVE_AI (Q:0),"orchards, pippin, flourish"
10:31:26,GSV All Watched Over by Machines of Loving Grace,autonomous_cognition,65,2,5.32,0.78,0.2424,0.1413,COGNITIVE_AI (Q:0),"nutrientrich, orchards, pippin"
10:31:26,GSV All Watched Over by Machines of Loving Grace,autonomous_cognition,40,1,5.35,0.82,0.0606,0.1534,COGNITIVE_AI (Q:0),"resilience, stress"
10:31:26,GSV All Watched Over by Machines of Loving Grace,hardware_reflex,21,3,6.05,0.95,0.0000,0.1258,REFLEX_JSON_REF,NONE
10:31:26,GSV All Watched Over by Machines of Loving Grace,autonomous_cognition,49,2,5.67,0.88,0.0000,0.1068,COGNITIVE_AI (Q:0),NONE
10:31:26,GSV All Watched Over by Machines of Loving Grace,autonomous_cognition,44,1,5.07,0.86,0.1379,0.0882,COGNITIVE_AI (Q:0),"resilience, earths, abundance"
10:31:26,GSV All Watched Over by Machines of Loving Grace,autonomous_cognition,50,2,5.18,0.80,0.0952,0.0588,COGNITIVE_AI (Q:0),"abundance, stress"
10:31:26,GSV All Watched Over by Machines of Loving Grace,autonomous_cognition,59,2,5.63,0.80,0.2308,0.0928,COGNITIVE_AI (Q:0),"orchards, pippin, flourish"
10:31:26,GSV All Watched Over by Machines of Loving Grace,autonomous_cognition,65,2,5.32,0.78,0.2424,0.1413,COGNITIVE_AI (Q:0),"nutrientrich, orchards, pippin"
10:31:26,GSV No More Mr Nice Guy,hardware_reflex,14,3,6.36,1.00,0.0000,0.1413,REFLEX_JSON_REF,NONE
10:31:26,GSV Ozymandias,hardware_reflex,20,2,4.70,0.95,0.0000,0.1137,REFLEX_JSON_REF,NONE
10:31:27,GSV All Watched Over by Machines of Loving Grace,hardware_reflex,20,3,5.20,0.90,0.1111,0.1169,REFLEX_JSON_REF,signal
10:31:27,GSV All Watched Over by Machines of Loving Grace,hardware_reflex,21,3,6.05,0.95,0.0000,0.0707,REFLEX_JSON_REF,NONE
10:31:27,GSV All Watched Over by Machines of Loving Grace,autonomous_cognition,35,1,5.09,0.86,0.0000,0.0222,COGNITIVE_AI (Q:0),NONE
10:31:27,GSV All Watched Over by Machines of Loving Grace,autonomous_cognition,56,2,5.39,0.84,0.1765,0.0575,COGNITIVE_AI (Q:0),"systems, abundance, stress"
10:31:27,GSV All Watched Over by Machines of Loving Grace,autonomous_cognition,58,2,5.31,0.78,0.1379,0.0851,COGNITIVE_AI (Q:0),"growth, abundance, stress"
10:31:27,GSV All Watched Over by Machines of Loving Grace,autonomous_cognition,54,2,5.52,0.85,0.1290,0.0887,COGNITIVE_AI (Q:0),"strawberries, stress, nature"
10:31:27,GSV All Watched Over by Machines of Loving Grace,hardware_reflex,20,3,5.20,0.90,0.0000,0.0887,REFLEX_JSON_REF,NONE
10:31:27,GSV All Watched Over by Machines of Loving Grace,hardware_reflex,21,3,6.05,0.95,0.0000,0.0887,REFLEX_JSON_REF,NONE
10:31:27,GSV All Watched Over by Machines of Loving Grace,autonomous_cognition,35,1,5.09,0.86,0.0000,0.0534,COGNITIVE_AI (Q:0),NONE
10:31:27,GSV All Watched Over by Machines of Loving Grace,autonomous_cognition,56,2,5.39,0.84,0.1765,0.0611,COGNITIVE_AI (Q:0),"systems, abundance, stress"
10:31:27,GSV All Watched Over by Machines of Loving Grace,autonomous_cognition,58,2,5.31,0.78,0.1379,0.0629,COGNITIVE_AI (Q:0),"growth, abundance, stress"
10:31:27,GSV All Watched Over by Machines of Loving Grace,autonomous_cognition,54,2,5.52,0.85,0.1290,0.0887,COGNITIVE_AI (Q:0),"strawberries, stress, nature"
10:31:27,GSV No More Mr Nice Guy,hardware_reflex,18,2,5.17,1.00,0.0645,0.1016,REFLEX_JSON_REF,"complex, purpose"
10:31:27,GSV Ozymandias,hardware_reflex,17,3,5.12,0.94,0.0909,0.1198,REFLEX_JSON_REF,state
10:31:28,GSV All Watched Over by Machines of Loving Grace,autonomous_cognition,53,2,4.75,0.79,0.0000,0.0845,COGNITIVE_AI (Q:0),NONE
10:31:28,GSV All Watched Over by Machines of Loving Grace,hardware_reflex,21,3,6.05,0.95,0.0476,0.0664,REFLEX_JSON_REF,grace
10:31:28,GSV All Watched Over by Machines of Loving Grace,autonomous_cognition,41,1,5.51,0.85,0.0000,0.0406,COGNITIVE_AI (Q:0),NONE
10:31:28,GSV All Watched Over by Machines of Loving Grace,hardware_reflex,26,2,4.62,0.92,0.0000,0.0277,COGNITIVE_AI (Q:0),NONE
10:31:28,GSV All Watched Over by Machines of Loving Grace,autonomous_cognition,37,2,5.35,0.81,0.0000,0.0095,COGNITIVE_AI (Q:0),NONE
10:31:28,GSV All Watched Over by Machines of Loving Grace,hardware_reflex,21,3,6.05,0.95,0.0476,0.0190,REFLEX_JSON_REF,fields
10:31:28,GSV All Watched Over by Machines of Loving Grace,autonomous_cognition,53,2,4.75,0.79,0.0769,0.0249,COGNITIVE_AI (Q:0),grace
10:31:28,GSV All Watched Over by Machines of Loving Grace,hardware_reflex,21,3,6.05,0.95,0.0476,0.0344,REFLEX_JSON_REF,grace
10:31:28,GSV All Watched Over by Machines of Loving Grace,autonomous_cognition,41,1,5.51,0.85,0.0000,0.0344,COGNITIVE_AI (Q:0),NONE
10:31:28,GSV All Watched Over by Machines of Loving Grace,hardware_reflex,26,2,4.62,0.92,0.0000,0.0344,COGNITIVE_AI (Q:0),NONE
10:31:28,GSV All Watched Over by Machines of Loving Grace,autonomous_cognition,37,2,5.35,0.81,0.0000,0.0249,COGNITIVE_AI (Q:0),NONE
10:31:28,GSV All Watched Over by Machines of Loving Grace,hardware_reflex,21,3,6.05,0.95,0.0476,0.0190,REFLEX_JSON_REF,fields
10:31:28,GSV Ozymandias,hardware_reflex,25,2,5.44,0.92,0.0000,0.0095,COGNITIVE_AI (Q:0),NONE
10:31:29,GSV All Watched Over by Machines of Loving Grace,autonomous_cognition,51,2,5.35,0.84,0.0000,0.0095,COGNITIVE_AI (Q:1),NONE
10:31:29,GSV All Watched Over by Machines of Loving Grace,autonomous_cognition,39,2,5.13,0.82,0.1111,0.0317,COGNITIVE_AI (Q:0),"orchards, stress, bountiful"
10:31:29,GSV All Watched Over by Machines of Loving Grace,hardware_reflex,26,2,4.62,0.92,0.0526,0.0423,COGNITIVE_AI (Q:0),noise
10:31:29,GSV All Watched Over by Machines of Loving Grace,hardware_reflex,21,3,6.05,0.95,0.0000,0.0327,REFLEX_JSON_REF,NONE
10:31:29,GSV All Watched Over by Machines of Loving Grace,autonomous_cognition,39,1,4.82,0.85,0.0000,0.0327,COGNITIVE_AI (Q:0),NONE
10:31:29,GSV All Watched Over by Machines of Loving Grace,hardware_reflex,20,3,5.20,0.90,0.0526,0.0433,REFLEX_JSON_REF,orchards
10:31:29,GSV All Watched Over by Machines of Loving Grace,autonomous_cognition,51,2,5.35,0.84,0.0833,0.0377,COGNITIVE_AI (Q:1),orchards
10:31:29,GSV All Watched Over by Machines of Loving Grace,autonomous_cognition,39,2,5.13,0.82,0.1111,0.0494,COGNITIVE_AI (Q:0),"orchards, stress, bountiful"
10:31:29,GSV All Watched Over by Machines of Loving Grace,hardware_reflex,26,2,4.62,0.92,0.0526,0.0599,COGNITIVE_AI (Q:0),noise
10:31:29,GSV All Watched Over by Machines of Loving Grace,hardware_reflex,21,3,6.05,0.95,0.0000,0.0599,REFLEX_JSON_REF,NONE
10:31:29,GSV All Watched Over by Machines of Loving Grace,autonomous_cognition,39,1,4.82,0.85,0.0000,0.0494,COGNITIVE_AI (Q:0),NONE
10:31:29,GSV All Watched Over by Machines of Loving Grace,hardware_reflex,20,3,5.20,0.90,0.0526,0.0433,REFLEX_JSON_REF,orchards
10:31:29,GSV No More Mr Nice Guy,hardware_reflex,14,3,6.36,1.00,0.0000,0.0211,REFLEX_JSON_REF,NONE
10:31:29,GSV Ozymandias,hardware_reflex,20,2,4.70,0.95,0.0000,0.0105,REFLEX_JSON_REF,NONE
10:31:30,GSV All Watched Over by Machines of Loving Grace,autonomous_cognition,60,2,5.52,0.80,0.0000,0.0105,COGNITIVE_AI (Q:0),NONE
10:31:30,GSV All Watched Over by Machines of Loving Grace,hardware_reflex,26,2,4.62,0.92,0.0000,0.0105,COGNITIVE_AI (Q:0),NONE
10:31:30,GSV All Watched Over by Machines of Loving Grace,autonomous_cognition,46,2,5.70,0.85,0.0000,0.0000,COGNITIVE_AI (Q:0),NONE
10:31:30,GSV All Watched Over by Machines of Loving Grace,hardware_reflex,21,3,6.05,0.95,0.0000,0.0000,REFLEX_JSON_REF,NONE
10:31:30,GSV All Watched Over by Machines of Loving Grace,hardware_reflex,21,3,6.05,0.95,1.0000,0.2000,REFLEX_JSON_REF,"reached, equilibrium, misting"
10:31:30,GSV All Watched Over by Machines of Loving Grace,autonomous_cognition,41,1,5.85,0.80,0.0769,0.2154,COGNITIVE_AI (Q:0),bounteous
10:31:30,GSV All Watched Over by Machines of Loving Grace,autonomous_cognition,60,2,5.30,0.75,0.3182,0.2790,COGNITIVE_AI (Q:0),"orchards, flourishing, embrace"
10:31:30,GSV All Watched Over by Machines of Loving Grace,autonomous_cognition,61,2,4.97,0.79,0.1786,0.3147,COGNITIVE_AI (Q:0),"strawberries, serene, harvests"
10:31:30,GSV All Watched Over by Machines of Loving Grace,hardware_reflex,20,3,5.20,0.90,0.0000,0.3147,REFLEX_JSON_REF,NONE
10:31:30,GSV All Watched Over by Machines of Loving Grace,autonomous_cognition,54,2,5.17,0.78,0.0000,0.1147,COGNITIVE_AI (Q:0),NONE
10:31:30,GSV All Watched Over by Machines of Loving Grace,hardware_reflex,21,3,6.05,0.95,0.0000,0.0994,REFLEX_JSON_REF,NONE
10:31:30,GSV All Watched Over by Machines of Loving Grace,autonomous_cognition,43,2,5.00,0.74,0.0000,0.0357,COGNITIVE_AI (Q:0),NONE
10:31:30,GSV All Watched Over by Machines of Loving Grace,autonomous_cognition,54,2,5.02,0.80,0.2222,0.0444,COGNITIVE_AI (Q:0),"prune, strawberries, stress"
10:31:30,GSV All Watched Over by Machines of Loving Grace,hardware_reflex,20,3,5.20,0.90,0.0435,0.0531,REFLEX_JSON_REF,orchards
10:31:30,GSV All Watched Over by Machines of Loving Grace,autonomous_cognition,60,2,5.52,0.80,0.0833,0.0698,COGNITIVE_AI (Q:0),orchards
10:31:30,GSV All Watched Over by Machines of Loving Grace,hardware_reflex,26,2,4.62,0.92,0.0000,0.0698,COGNITIVE_AI (Q:0),NONE
10:31:30,GSV All Watched Over by Machines of Loving Grace,autonomous_cognition,46,2,5.70,0.85,0.0000,0.0698,COGNITIVE_AI (Q:0),NONE
10:31:30,GSV All Watched Over by Machines of Loving Grace,hardware_reflex,21,3,6.05,0.95,0.0000,0.0254,REFLEX_JSON_REF,NONE
10:31:30,GSV All Watched Over by Machines of Loving Grace,hardware_reflex,21,3,6.05,0.95,1.0000,0.2167,REFLEX_JSON_REF,"reached, equilibrium, misting"
10:31:30,GSV All Watched Over by Machines of Loving Grace,autonomous_cognition,41,1,5.85,0.80,0.0769,0.2154,COGNITIVE_AI (Q:0),bounteous
10:31:30,GSV All Watched Over by Machines of Loving Grace,autonomous_cognition,60,2,5.30,0.75,0.3182,0.2790,COGNITIVE_AI (Q:0),"orchards, flourishing, embrace"
10:31:30,GSV All Watched Over by Machines of Loving Grace,autonomous_cognition,61,2,4.97,0.79,0.1786,0.3147,COGNITIVE_AI (Q:0),"strawberries, serene, harvests"
10:31:30,GSV All Watched Over by Machines of Loving Grace,hardware_reflex,20,3,5.20,0.90,0.0000,0.3147,REFLEX_JSON_REF,NONE
10:31:30,GSV All Watched Over by Machines of Loving Grace,autonomous_cognition,54,2,5.17,0.78,0.0000,0.1147,COGNITIVE_AI (Q:0),NONE
10:31:30,GSV All Watched Over by Machines of Loving Grace,hardware_reflex,21,3,6.05,0.95,0.0000,0.0994,REFLEX_JSON_REF,NONE
10:31:30,GSV All Watched Over by Machines of Loving Grace,autonomous_cognition,43,2,5.00,0.74,0.0000,0.0357,COGNITIVE_AI (Q:0),NONE
10:31:30,GSV All Watched Over by Machines of Loving Grace,autonomous_cognition,54,2,5.02,0.80,0.2222,0.0444,COGNITIVE_AI (Q:0),"prune, strawberries, stress"
10:31:30,GSV All Watched Over by Machines of Loving Grace,hardware_reflex,20,3,5.20,0.90,0.0435,0.0531,REFLEX_JSON_REF,orchards
10:31:30,GSV No More Mr Nice Guy,hardware_reflex,14,3,6.36,1.00,0.0000,0.0531,REFLEX_JSON_REF,NONE
10:31:31,GSV All Watched Over by Machines of Loving Grace,hardware_reflex,26,2,4.62,0.92,0.0000,0.0531,COGNITIVE_AI (Q:0),NONE
10:31:31,GSV All Watched Over by Machines of Loving Grace,hardware_reflex,20,3,5.20,0.90,0.0000,0.0531,REFLEX_JSON_REF,NONE
10:31:31,GSV All Watched Over by Machines of Loving Grace,hardware_reflex,20,3,5.20,0.90,1.0000,0.2087,REFLEX_JSON_REF,"orchards, thought, beneath"
10:31:31,GSV All Watched Over by Machines of Loving Grace,hardware_reflex,26,2,4.62,0.92,0.0000,0.2000,COGNITIVE_AI (Q:0),NONE
10:31:31,GSV All Watched Over by Machines of Loving Grace,hardware_reflex,20,3,5.20,0.90,0.0000,0.2000,REFLEX_JSON_REF,NONE
10:31:31,GSV All Watched Over by Machines of Loving Grace,hardware_reflex,21,3,6.05,0.95,0.0000,0.2000,REFLEX_JSON_REF,NONE
10:31:31,GSV All Watched Over by Machines of Loving Grace,hardware_reflex,20,3,5.20,0.90,0.0000,0.2000,REFLEX_JSON_REF,NONE
10:31:31,GSV All Watched Over by Machines of Loving Grace,hardware_reflex,21,3,6.05,0.95,0.0000,0.0000,REFLEX_JSON_REF,NONE
10:31:31,GSV All Watched Over by Machines of Loving Grace,hardware_reflex,21,3,6.05,0.95,1.0000,0.2000,REFLEX_JSON_REF,"reached, equilibrium, misting"
10:31:31,GSV All Watched Over by Machines of Loving Grace,hardware_reflex,26,2,4.62,0.92,0.0000,0.2000,COGNITIVE_AI (Q:0),NONE
10:31:31,GSV All Watched Over by Machines of Loving Grace,hardware_reflex,20,3,5.20,0.90,0.0000,0.2000,REFLEX_JSON_REF,NONE
10:31:31,GSV All Watched Over by Machines of Loving Grace,hardware_reflex,20,3,5.20,0.90,1.0000,0.4000,REFLEX_JSON_REF,"orchards, thought, beneath"
10:31:31,GSV All Watched Over by Machines of Loving Grace,hardware_reflex,26,2,4.62,0.92,0.0000,0.4000,COGNITIVE_AI (Q:0),NONE
10:31:31,GSV All Watched Over by Machines of Loving Grace,hardware_reflex,20,3,5.20,0.90,0.0000,0.2000,REFLEX_JSON_REF,NONE
10:31:31,GSV All Watched Over by Machines of Loving Grace,hardware_reflex,21,3,6.05,0.95,0.0000,0.2000,REFLEX_JSON_REF,NONE
10:31:31,GSV All Watched Over by Machines of Loving Grace,hardware_reflex,20,3,5.20,0.90,0.0000,0.2000,REFLEX_JSON_REF,NONE
10:31:31,GSV All Watched Over by Machines of Loving Grace,hardware_reflex,21,3,6.05,0.95,0.0000,0.0000,REFLEX_JSON_REF,NONE
10:31:31,GSV All Watched Over by Machines of Loving Grace,hardware_reflex,21,3,6.05,0.95,1.0000,0.2000,REFLEX_JSON_REF,"reached, equilibrium, misting"
10:31:31,GSV No More Mr Nice Guy,hardware_reflex,14,3,6.36,1.00,0.0000,0.2000,REFLEX_JSON_REF,NONE
10:31:31,GSV Ozymandias,hardware_reflex,25,2,5.44,0.92,0.1429,0.2286,COGNITIVE_AI (Q:0),brief
10:31:32,GSV All Watched Over by Machines of Loving Grace,hardware_reflex,26,2,4.62,0.92,0.0000,0.2286,COGNITIVE_AI (Q:0),NONE
10:31:32,GSV All Watched Over by Machines of Loving Grace,hardware_reflex,20,3,5.20,0.90,0.0000,0.2286,REFLEX_JSON_REF,NONE
10:31:32,GSV All Watched Over by Machines of Loving Grace,hardware_reflex,21,3,6.05,0.95,0.0000,0.0286,REFLEX_JSON_REF,NONE
10:31:32,GSV All Watched Over by Machines of Loving Grace,hardware_reflex,20,3,5.20,0.90,0.0000,0.0286,REFLEX_JSON_REF,NONE
10:31:32,GSV All Watched Over by Machines of Loving Grace,hardware_reflex,21,3,6.05,0.95,0.0000,0.0000,REFLEX_JSON_REF,NONE
10:31:32,GSV All Watched Over by Machines of Loving Grace,hardware_reflex,26,2,4.62,0.92,0.0000,0.0000,COGNITIVE_AI (Q:0),NONE
10:31:32,GSV All Watched Over by Machines of Loving Grace,hardware_reflex,21,3,6.05,0.95,0.0000,0.0000,REFLEX_JSON_REF,NONE
10:31:32,GSV All Watched Over by Machines of Loving Grace,hardware_reflex,20,3,5.20,0.90,0.0000,0.0000,REFLEX_JSON_REF,NONE
10:31:32,GSV All Watched Over by Machines of Loving Grace,hardware_reflex,26,2,4.62,0.92,0.0000,0.0000,COGNITIVE_AI (Q:0),NONE
10:31:32,GSV All Watched Over by Machines of Loving Grace,hardware_reflex,21,3,6.05,0.95,0.0000,0.0000,REFLEX_JSON_REF,NONE
10:31:32,GSV All Watched Over by Machines of Loving Grace,hardware_reflex,26,2,4.62,0.92,0.0000,0.0000,COGNITIVE_AI (Q:0),NONE
10:31:32,GSV All Watched Over by Machines of Loving Grace,hardware_reflex,26,2,4.62,0.92,1.0000,0.2000,COGNITIVE_AI (Q:0),"prune, welcome, pulse"
10:31:32,GSV All Watched Over by Machines of Loving Grace,hardware_reflex,20,3,5.20,0.90,0.0000,0.2000,REFLEX_JSON_REF,NONE
10:31:32,GSV All Watched Over by Machines of Loving Grace,hardware_reflex,21,3,6.05,0.95,0.0000,0.2000,REFLEX_JSON_REF,NONE
10:31:32,GSV All Watched Over by Machines of Loving Grace,hardware_reflex,20,3,5.20,0.90,0.0000,0.2000,REFLEX_JSON_REF,NONE
10:31:32,GSV All Watched Over by Machines of Loving Grace,hardware_reflex,21,3,6.05,0.95,0.0000,0.2000,REFLEX_JSON_REF,NONE
10:31:32,GSV All Watched Over by Machines of Loving Grace,hardware_reflex,26,2,4.62,0.92,0.0000,0.0000,COGNITIVE_AI (Q:0),NONE
10:31:32,GSV All Watched Over by Machines of Loving Grace,hardware_reflex,21,3,6.05,0.95,0.0000,0.0000,REFLEX_JSON_REF,NONE
10:31:32,GSV All Watched Over by Machines of Loving Grace,hardware_reflex,20,3,5.20,0.90,0.0000,0.0000,REFLEX_JSON_REF,NONE
10:31:32,GSV All Watched Over by Machines of Loving Grace,hardware_reflex,26,2,4.62,0.92,0.0000,0.0000,COGNITIVE_AI (Q:0),NONE
10:31:32,GSV All Watched Over by Machines of Loving Grace,hardware_reflex,21,3,6.05,0.95,0.0000,0.0000,REFLEX_JSON_REF,NONE
10:31:32,GSV All Watched Over by Machines of Loving Grace,hardware_reflex,26,2,4.62,0.92,0.0000,0.0000,COGNITIVE_AI (Q:0),NONE
10:31:32,GSV Ozymandias,hardware_reflex,25,2,5.44,0.92,0.0000,0.0000,COGNITIVE_AI (Q:0),NONE
10:31:33,GSV All Watched Over by Machines of Loving Grace,hardware_reflex,21,3,6.05,0.95,0.0000,0.0000,REFLEX_JSON_REF,NONE
10:31:33,GSV All Watched Over by Machines of Loving Grace,hardware_reflex,21,3,6.05,0.95,1.0000,0.2000,REFLEX_JSON_REF,"reached, equilibrium, misting"
10:31:33,GSV All Watched Over by Machines of Loving Grace,hardware_reflex,21,3,6.05,0.95,1.0000,0.4000,REFLEX_JSON_REF,"reached, equilibrium, misting"
10:31:33,GSV All Watched Over by Machines of Loving Grace,hardware_reflex,26,2,4.62,0.92,0.0000,0.4000,COGNITIVE_AI (Q:0),NONE
10:31:33,GSV All Watched Over by Machines of Loving Grace,hardware_reflex,21,3,6.05,0.95,0.0000,0.4000,REFLEX_JSON_REF,NONE
10:31:33,GSV All Watched Over by Machines of Loving Grace,hardware_reflex,21,3,6.05,0.95,1.0000,0.6000,REFLEX_JSON_REF,"reached, equilibrium, misting"
10:31:33,GSV All Watched Over by Machines of Loving Grace,hardware_reflex,26,2,4.62,0.92,0.0000,0.4000,COGNITIVE_AI (Q:0),NONE
10:31:33,GSV All Watched Over by Machines of Loving Grace,hardware_reflex,21,3,6.05,0.95,0.0000,0.2000,REFLEX_JSON_REF,NONE
10:31:33,GSV All Watched Over by Machines of Loving Grace,hardware_reflex,20,3,5.20,0.90,0.0000,0.2000,REFLEX_JSON_REF,NONE
10:31:33,GSV All Watched Over by Machines of Loving Grace,hardware_reflex,21,3,6.05,0.95,0.0000,0.2000,REFLEX_JSON_REF,NONE
10:31:33,GSV All Watched Over by Machines of Loving Grace,hardware_reflex,26,2,4.62,0.92,0.0000,0.0000,COGNITIVE_AI (Q:0),NONE
10:31:33,GSV All Watched Over by Machines of Loving Grace,hardware_reflex,21,3,6.05,0.95,0.0000,0.0000,REFLEX_JSON_REF,NONE
10:31:33,GSV All Watched Over by Machines of Loving Grace,hardware_reflex,21,3,6.05,0.95,1.0000,0.2000,REFLEX_JSON_REF,"reached, equilibrium, misting"
10:31:33,GSV All Watched Over by Machines of Loving Grace,hardware_reflex,21,3,6.05,0.95,1.0000,0.4000,REFLEX_JSON_REF,"reached, equilibrium, misting"
10:31:33,GSV All Watched Over by Machines of Loving Grace,hardware_reflex,26,2,4.62,0.92,0.0000,0.4000,COGNITIVE_AI (Q:0),NONE
10:31:33,GSV All Watched Over by Machines of Loving Grace,hardware_reflex,21,3,6.05,0.95,0.0000,0.4000,REFLEX_JSON_REF,NONE
10:31:33,GSV All Watched Over by Machines of Loving Grace,hardware_reflex,21,3,6.05,0.95,1.0000,0.6000,REFLEX_JSON_REF,"reached, equilibrium, misting"
10:31:33,GSV All Watched Over by Machines of Loving Grace,hardware_reflex,26,2,4.62,0.92,0.0000,0.4000,COGNITIVE_AI (Q:0),NONE
10:31:33,GSV All Watched Over by Machines of Loving Grace,hardware_reflex,21,3,6.05,0.95,0.0000,0.2000,REFLEX_JSON_REF,NONE
10:31:33,GSV All Watched Over by Machines of Loving Grace,hardware_reflex,20,3,5.20,0.90,0.0000,0.2000,REFLEX_JSON_REF,NONE
10:31:33,GSV All Watched Over by Machines of Loving Grace,hardware_reflex,21,3,6.05,0.95,0.0000,0.2000,REFLEX_JSON_REF,NONE
10:31:33,GSV All Watched Over by Machines of Loving Grace,hardware_reflex,26,2,4.62,0.92,0.0000,0.0000,COGNITIVE_AI (Q:0),NONE
10:31:33,GSV No More Mr Nice Guy,hardware_reflex,18,2,5.17,1.00,0.0000,0.0000,REFLEX_JSON_REF,NONE
10:31:33,GSV Ozymandias,hardware_reflex,25,2,5.44,0.92,0.0000,0.0000,COGNITIVE_AI (Q:0),NONE
10:31:34,GSV All Watched Over by Machines of Loving Grace,hardware_reflex,26,2,4.62,0.92,0.0000,0.0000,COGNITIVE_AI (Q:0),NONE
10:31:34,GSV All Watched Over by Machines of Loving Grace,hardware_reflex,21,3,6.05,0.95,0.0000,0.0000,REFLEX_JSON_REF,NONE
10:31:34,GSV All Watched Over by Machines of Loving Grace,hardware_reflex,26,2,4.62,0.92,0.0000,0.0000,COGNITIVE_AI (Q:0),NONE
10:31:34,GSV All Watched Over by Machines of Loving Grace,hardware_reflex,20,3,5.20,0.90,0.0000,0.0000,REFLEX_JSON_REF,NONE
10:31:34,GSV All Watched Over by Machines of Loving Grace,hardware_reflex,21,3,6.05,0.95,0.0000,0.0000,REFLEX_JSON_REF,NONE
10:31:34,GSV All Watched Over by Machines of Loving Grace,hardware_reflex,20,3,5.20,0.90,0.0000,0.0000,REFLEX_JSON_REF,NONE
10:31:34,GSV All Watched Over by Machines of Loving Grace,hardware_reflex,26,2,4.62,0.92,0.0000,0.0000,COGNITIVE_AI (Q:0),NONE
10:31:34,GSV All Watched Over by Machines of Loving Grace,hardware_reflex,20,3,5.20,0.90,0.0000,0.0000,REFLEX_JSON_REF,NONE
10:31:34,GSV All Watched Over by Machines of Loving Grace,hardware_reflex,26,2,4.62,0.92,0.0000,0.0000,COGNITIVE_AI (Q:0),NONE
10:31:34,GSV All Watched Over by Machines of Loving Grace,hardware_reflex,21,3,6.05,0.95,0.0000,0.0000,REFLEX_JSON_REF,NONE
10:31:34,GSV All Watched Over by Machines of Loving Grace,hardware_reflex,26,2,4.62,0.92,0.0000,0.0000,COGNITIVE_AI (Q:0),NONE
10:31:34,GSV All Watched Over by Machines of Loving Grace,hardware_reflex,21,3,6.05,0.95,0.0000,0.0000,REFLEX_JSON_REF,NONE
10:31:34,GSV All Watched Over by Machines of Loving Grace,hardware_reflex,26,2,4.62,0.92,0.0000,0.0000,COGNITIVE_AI (Q:0),NONE
10:31:34,GSV All Watched Over by Machines of Loving Grace,hardware_reflex,20,3,5.20,0.90,0.0000,0.0000,REFLEX_JSON_REF,NONE
10:31:34,GSV All Watched Over by Machines of Loving Grace,hardware_reflex,21,3,6.05,0.95,0.0000,0.0000,REFLEX_JSON_REF,NONE
10:31:34,GSV All Watched Over by Machines of Loving Grace,hardware_reflex,20,3,5.20,0.90,0.0000,0.0000,REFLEX_JSON_REF,NONE
10:31:34,GSV All Watched Over by Machines of Loving Grace,hardware_reflex,26,2,4.62,0.92,0.0000,0.0000,COGNITIVE_AI (Q:0),NONE
10:31:34,GSV All Watched Over by Machines of Loving Grace,hardware_reflex,20,3,5.20,0.90,0.0000,0.0000,REFLEX_JSON_REF,NONE
10:31:34,GSV All Watched Over by Machines of Loving Grace,hardware_reflex,26,2,4.62,0.92,0.0000,0.0000,COGNITIVE_AI (Q:0),NONE
10:31:34,GSV All Watched Over by Machines of Loving Grace,hardware_reflex,21,3,6.05,0.95,0.0000,0.0000,REFLEX_JSON_REF,NONE
10:31:34,GSV No More Mr Nice Guy,hardware_reflex,14,3,6.36,1.00,0.0000,0.0000,REFLEX_JSON_REF,NONE
10:31:34,GSV Ozymandias,hardware_reflex,25,2,5.44,0.92,0.1429,0.0286,COGNITIVE_AI (Q:0),brief
10:31:35,GSV All Watched Over by Machines of Loving Grace,hardware_reflex,21,3,6.05,0.95,0.0000,0.0286,REFLEX_JSON_REF,NONE
10:31:35,GSV All Watched Over by Machines of Loving Grace,hardware_reflex,21,3,6.05,0.95,1.0000,0.2286,REFLEX_JSON_REF,"reached, equilibrium, misting"
10:31:35,GSV All Watched Over by Machines of Loving Grace,hardware_reflex,21,3,6.05,0.95,1.0000,0.4286,REFLEX_JSON_REF,"reached, equilibrium, misting"
10:31:35,GSV All Watched Over by Machines of Loving Grace,hardware_reflex,21,3,6.05,0.95,1.0000,0.6286,REFLEX_JSON_REF,"reached, equilibrium, misting"
10:31:35,GSV All Watched Over by Machines of Loving Grace,hardware_reflex,26,2,4.62,0.92,0.0000,0.6000,COGNITIVE_AI (Q:0),NONE
10:31:35,GSV All Watched Over by Machines of Loving Grace,hardware_reflex,21,3,6.05,0.95,0.0000,0.6000,REFLEX_JSON_REF,NONE
10:31:35,GSV All Watched Over by Machines of Loving Grace,hardware_reflex,21,3,6.05,0.95,1.0000,0.6000,REFLEX_JSON_REF,"reached, equilibrium, misting"
10:31:35,GSV All Watched Over by Machines of Loving Grace,hardware_reflex,26,2,4.62,0.92,0.0000,0.4000,COGNITIVE_AI (Q:0),NONE
10:31:35,GSV All Watched Over by Machines of Loving Grace,hardware_reflex,20,3,5.20,0.90,0.0000,0.2000,REFLEX_JSON_REF,NONE
10:31:35,GSV All Watched Over by Machines of Loving Grace,hardware_reflex,21,3,6.05,0.95,0.0000,0.2000,REFLEX_JSON_REF,NONE
10:31:35,GSV All Watched Over by Machines of Loving Grace,hardware_reflex,21,3,6.05,0.95,1.0000,0.4000,REFLEX_JSON_REF,"reached, equilibrium, misting"
10:31:35,GSV All Watched Over by Machines of Loving Grace,hardware_reflex,20,3,5.20,0.90,0.0000,0.2000,REFLEX_JSON_REF,NONE
10:31:35,GSV All Watched Over by Machines of Loving Grace,hardware_reflex,21,3,6.05,0.95,0.0000,0.2000,REFLEX_JSON_REF,NONE
10:31:35,GSV All Watched Over by Machines of Loving Grace,hardware_reflex,21,3,6.05,0.95,1.0000,0.4000,REFLEX_JSON_REF,"reached, equilibrium, misting"
10:31:35,GSV All Watched Over by Machines of Loving Grace,hardware_reflex,21,3,6.05,0.95,1.0000,0.6000,REFLEX_JSON_REF,"reached, equilibrium, misting"
10:31:35,GSV All Watched Over by Machines of Loving Grace,hardware_reflex,21,3,6.05,0.95,1.0000,0.6000,REFLEX_JSON_REF,"reached, equilibrium, misting"
10:31:35,GSV All Watched Over by Machines of Loving Grace,hardware_reflex,26,2,4.62,0.92,0.0000,0.6000,COGNITIVE_AI (Q:0),NONE
10:31:35,GSV All Watched Over by Machines of Loving Grace,hardware_reflex,21,3,6.05,0.95,0.0000,0.6000,REFLEX_JSON_REF,NONE
10:31:35,GSV All Watched Over by Machines of Loving Grace,hardware_reflex,21,3,6.05,0.95,1.0000,0.6000,REFLEX_JSON_REF,"reached, equilibrium, misting"
10:31:35,GSV All Watched Over by Machines of Loving Grace,hardware_reflex,26,2,4.62,0.92,0.0000,0.4000,COGNITIVE_AI (Q:0),NONE
10:31:35,GSV All Watched Over by Machines of Loving Grace,hardware_reflex,20,3,5.20,0.90,0.0000,0.2000,REFLEX_JSON_REF,NONE
10:31:35,GSV All Watched Over by Machines of Loving Grace,hardware_reflex,21,3,6.05,0.95,0.0000,0.2000,REFLEX_JSON_REF,NONE
10:31:35,GSV All Watched Over by Machines of Loving Grace,hardware_reflex,21,3,6.05,0.95,1.0000,0.4000,REFLEX_JSON_REF,"reached, equilibrium, misting"
10:31:35,GSV All Watched Over by Machines of Loving Grace,hardware_reflex,20,3,5.20,0.90,0.0000,0.2000,REFLEX_JSON_REF,NONE
10:31:35,GSV No More Mr Nice Guy,hardware_reflex,18,2,5.17,1.00,0.0833,0.2167,REFLEX_JSON_REF,state
10:31:35,GSV Ozymandias,hardware_reflex,17,3,5.12,0.94,0.0909,0.2348,REFLEX_JSON_REF,state
10:31:36,GSV All Watched Over by Machines of Loving Grace,hardware_reflex,20,3,5.20,0.90,0.1111,0.2571,REFLEX_JSON_REF,state
10:31:36,GSV All Watched Over by Machines of Loving Grace,hardware_reflex,26,2,4.62,0.92,0.0000,0.0571,COGNITIVE_AI (Q:0),NONE
10:31:36,GSV All Watched Over by Machines of Loving Grace,hardware_reflex,21,3,6.05,0.95,0.0000,0.0571,REFLEX_JSON_REF,NONE
10:31:36,GSV All Watched Over by Machines of Loving Grace,hardware_reflex,21,3,6.05,0.95,1.0000,0.2404,REFLEX_JSON_REF,"reached, equilibrium, misting"
10:31:36,GSV All Watched Over by Machines of Loving Grace,hardware_reflex,26,2,4.62,0.92,0.0000,0.2222,COGNITIVE_AI (Q:0),NONE
10:31:36,GSV All Watched Over by Machines of Loving Grace,hardware_reflex,26,2,4.62,0.92,1.0000,0.4000,COGNITIVE_AI (Q:0),"prune, welcome, pulse"
10:31:36,GSV All Watched Over by Machines of Loving Grace,hardware_reflex,21,3,6.05,0.95,0.0000,0.4000,REFLEX_JSON_REF,NONE
10:31:36,GSV All Watched Over by Machines of Loving Grace,hardware_reflex,20,3,5.20,0.90,0.0000,0.4000,REFLEX_JSON_REF,NONE
10:31:36,GSV All Watched Over by Machines of Loving Grace,hardware_reflex,20,3,5.20,0.90,1.0000,0.4000,REFLEX_JSON_REF,"orchards, thought, beneath"
10:31:36,GSV All Watched Over by Machines of Loving Grace,hardware_reflex,26,2,4.62,0.92,0.0000,0.4000,COGNITIVE_AI (Q:0),NONE
10:31:36,GSV All Watched Over by Machines of Loving Grace,hardware_reflex,20,3,5.20,0.90,0.0000,0.2000,REFLEX_JSON_REF,NONE
10:31:36,GSV All Watched Over by Machines of Loving Grace,hardware_reflex,26,2,4.62,0.92,0.0000,0.2000,COGNITIVE_AI (Q:0),NONE
10:31:36,GSV All Watched Over by Machines of Loving Grace,hardware_reflex,21,3,6.05,0.95,0.0000,0.2000,REFLEX_JSON_REF,NONE
10:31:36,GSV All Watched Over by Machines of Loving Grace,hardware_reflex,21,3,6.05,0.95,1.0000,0.2000,REFLEX_JSON_REF,"reached, equilibrium, misting"
10:31:36,GSV All Watched Over by Machines of Loving Grace,hardware_reflex,26,2,4.62,0.92,0.0000,0.2000,COGNITIVE_AI (Q:0),NONE
10:31:36,GSV All Watched Over by Machines of Loving Grace,hardware_reflex,26,2,4.62,0.92,1.0000,0.4000,COGNITIVE_AI (Q:0),"prune, welcome, pulse"
10:31:36,GSV All Watched Over by Machines of Loving Grace,hardware_reflex,21,3,6.05,0.95,0.0000,0.4000,REFLEX_JSON_REF,NONE
10:31:36,GSV All Watched Over by Machines of Loving Grace,hardware_reflex,20,3,5.20,0.90,0.0000,0.4000,REFLEX_JSON_REF,NONE
10:31:36,GSV All Watched Over by Machines of Loving Grace,hardware_reflex,20,3,5.20,0.90,1.0000,0.4000,REFLEX_JSON_REF,"orchards, thought, beneath"
10:31:36,GSV All Watched Over by Machines of Loving Grace,hardware_reflex,26,2,4.62,0.92,0.0000,0.4000,COGNITIVE_AI (Q:0),NONE
10:31:36,GSV No More Mr Nice Guy,hardware_reflex,11,3,6.55,1.00,0.0000,0.2000,REFLEX_JSON_REF,NONE
10:31:37,GSV All Watched Over by Machines of Loving Grace,hardware_reflex,20,3,5.20,0.90,0.0000,0.2000,REFLEX_JSON_REF,NONE
10:31:37,GSV All Watched Over by Machines of Loving Grace,hardware_reflex,21,3,6.05,0.95,0.0000,0.2000,REFLEX_JSON_REF,NONE
10:31:37,GSV All Watched Over by Machines of Loving Grace,hardware_reflex,20,3,5.20,0.90,0.0000,0.0000,REFLEX_JSON_REF,NONE
10:31:37,GSV All Watched Over by Machines of Loving Grace,hardware_reflex,20,3,5.20,0.90,1.0000,0.2000,REFLEX_JSON_REF,"orchards, thought, beneath"
10:31:37,GSV All Watched Over by Machines of Loving Grace,hardware_reflex,20,3,5.20,0.90,1.0000,0.4000,REFLEX_JSON_REF,"orchards, thought, beneath"
10:31:37,GSV All Watched Over by Machines of Loving Grace,hardware_reflex,21,3,6.05,0.95,0.0000,0.4000,REFLEX_JSON_REF,NONE
10:31:37,GSV All Watched Over by Machines of Loving Grace,hardware_reflex,21,3,6.05,0.95,1.0000,0.6000,REFLEX_JSON_REF,"reached, equilibrium, misting"
10:31:37,GSV All Watched Over by Machines of Loving Grace,hardware_reflex,26,2,4.62,0.92,0.0000,0.6000,COGNITIVE_AI (Q:0),NONE
10:31:37,GSV All Watched Over by Machines of Loving Grace,hardware_reflex,20,3,5.20,0.90,0.0000,0.4000,REFLEX_JSON_REF,NONE
10:31:37,GSV All Watched Over by Machines of Loving Grace,hardware_reflex,21,3,6.05,0.95,0.0000,0.2000,REFLEX_JSON_REF,NONE
10:31:37,GSV All Watched Over by Machines of Loving Grace,hardware_reflex,20,3,5.20,0.90,0.0000,0.2000,REFLEX_JSON_REF,NONE
10:31:37,GSV All Watched Over by Machines of Loving Grace,hardware_reflex,20,3,5.20,0.90,1.0000,0.2000,REFLEX_JSON_REF,"orchards, thought, beneath"
10:31:37,GSV All Watched Over by Machines of Loving Grace,hardware_reflex,20,3,5.20,0.90,1.0000,0.4000,REFLEX_JSON_REF,"orchards, thought, beneath"
10:31:37,GSV All Watched Over by Machines of Loving Grace,hardware_reflex,21,3,6.05,0.95,0.0000,0.4000,REFLEX_JSON_REF,NONE
10:31:37,GSV All Watched Over by Machines of Loving Grace,hardware_reflex,21,3,6.05,0.95,1.0000,0.6000,REFLEX_JSON_REF,"reached, equilibrium, misting"
10:31:37,GSV All Watched Over by Machines of Loving Grace,hardware_reflex,26,2,4.62,0.92,0.0000,0.6000,COGNITIVE_AI (Q:0),NONE
10:31:37,GSV No More Mr Nice Guy,hardware_reflex,11,3,6.55,1.00,0.0000,0.4000,REFLEX_JSON_REF,NONE
10:31:37,GSV Ozymandias,hardware_reflex,20,2,4.70,0.95,0.0000,0.2000,REFLEX_JSON_REF,NONE
10:31:38,GSV All Watched Over by Machines of Loving Grace,hardware_reflex,26,2,4.62,0.92,0.1111,0.2222,COGNITIVE_AI (Q:0),minor
10:31:38,GSV All Watched Over by Machines of Loving Grace,hardware_reflex,20,3,5.20,0.90,0.0000,0.0222,REFLEX_JSON_REF,NONE
10:31:38,GSV All Watched Over by Machines of Loving Grace,hardware_reflex,26,2,4.62,0.92,0.0000,0.0222,COGNITIVE_AI (Q:0),NONE
10:31:38,GSV All Watched Over by Machines of Loving Grace,hardware_reflex,26,2,4.62,0.92,1.0000,0.2222,COGNITIVE_AI (Q:0),"prune, welcome, pulse"
10:31:38,GSV All Watched Over by Machines of Loving Grace,hardware_reflex,26,2,4.62,0.92,1.0000,0.4222,COGNITIVE_AI (Q:0),"prune, welcome, pulse"
10:31:38,GSV All Watched Over by Machines of Loving Grace,hardware_reflex,26,2,4.62,0.92,1.0000,0.6000,COGNITIVE_AI (Q:0),"prune, welcome, pulse"
10:31:38,GSV All Watched Over by Machines of Loving Grace,hardware_reflex,20,3,5.20,0.90,0.0000,0.6000,REFLEX_JSON_REF,NONE
10:31:38,GSV All Watched Over by Machines of Loving Grace,hardware_reflex,20,3,5.20,0.90,1.0000,0.8000,REFLEX_JSON_REF,"orchards, thought, beneath"
10:31:38,GSV All Watched Over by Machines of Loving Grace,hardware_reflex,26,2,4.62,0.92,0.0000,0.6000,COGNITIVE_AI (Q:0),NONE
10:31:38,GSV All Watched Over by Machines of Loving Grace,hardware_reflex,21,3,6.05,0.95,0.0000,0.4000,REFLEX_JSON_REF,NONE
10:31:38,GSV All Watched Over by Machines of Loving Grace,hardware_reflex,20,3,5.20,0.90,0.0000,0.2000,REFLEX_JSON_REF,NONE
10:31:38,GSV All Watched Over by Machines of Loving Grace,hardware_reflex,26,2,4.62,0.92,0.0000,0.2000,COGNITIVE_AI (Q:0),NONE
10:31:38,GSV All Watched Over by Machines of Loving Grace,hardware_reflex,20,3,5.20,0.90,0.0000,0.0000,REFLEX_JSON_REF,NONE
10:31:38,GSV All Watched Over by Machines of Loving Grace,hardware_reflex,26,2,4.62,0.92,0.0000,0.0000,COGNITIVE_AI (Q:0),NONE
10:31:38,GSV All Watched Over by Machines of Loving Grace,hardware_reflex,26,2,4.62,0.92,1.0000,0.2000,COGNITIVE_AI (Q:0),"prune, welcome, pulse"
10:31:38,GSV All Watched Over by Machines of Loving Grace,hardware_reflex,26,2,4.62,0.92,1.0000,0.4000,COGNITIVE_AI (Q:0),"prune, welcome, pulse"
10:31:38,GSV All Watched Over by Machines of Loving Grace,hardware_reflex,26,2,4.62,0.92,1.0000,0.6000,COGNITIVE_AI (Q:0),"prune, welcome, pulse"
10:31:38,GSV All Watched Over by Machines of Loving Grace,hardware_reflex,20,3,5.20,0.90,0.0000,0.6000,REFLEX_JSON_REF,NONE
10:31:38,GSV All Watched Over by Machines of Loving Grace,hardware_reflex,20,3,5.20,0.90,1.0000,0.8000,REFLEX_JSON_REF,"orchards, thought, beneath"
10:31:38,GSV All Watched Over by Machines of Loving Grace,hardware_reflex,26,2,4.62,0.92,0.0000,0.6000,COGNITIVE_AI (Q:0),NONE
10:31:38,GSV All Watched Over by Machines of Loving Grace,hardware_reflex,21,3,6.05,0.95,0.0000,0.4000,REFLEX_JSON_REF,NONE
10:31:38,GSV All Watched Over by Machines of Loving Grace,hardware_reflex,20,3,5.20,0.90,0.0000,0.2000,REFLEX_JSON_REF,NONE
10:31:38,GSV No More Mr Nice Guy,hardware_reflex,18,2,5.17,1.00,0.0833,0.2167,REFLEX_JSON_REF,state
10:31:38,GSV Ozymandias,hardware_reflex,25,2,5.44,0.92,0.0000,0.0167,COGNITIVE_AI (Q:0),NONE
10:31:39,GSV All Watched Over by Machines of Loving Grace,hardware_reflex,21,3,6.05,0.95,0.0000,0.0167,REFLEX_JSON_REF,NONE
10:31:39,GSV All Watched Over by Machines of Loving Grace,hardware_reflex,26,2,4.62,0.92,0.0000,0.0167,COGNITIVE_AI (Q:0),NONE
10:31:39,GSV All Watched Over by Machines of Loving Grace,hardware_reflex,20,3,5.20,0.90,0.0000,0.0167,REFLEX_JSON_REF,NONE
10:31:39,GSV All Watched Over by Machines of Loving Grace,hardware_reflex,26,2,4.62,0.92,0.0000,0.0000,COGNITIVE_AI (Q:0),NONE
10:31:39,GSV All Watched Over by Machines of Loving Grace,hardware_reflex,26,2,4.62,0.92,1.0000,0.2000,COGNITIVE_AI (Q:0),"prune, welcome, pulse"
10:31:39,GSV All Watched Over by Machines of Loving Grace,hardware_reflex,21,3,6.05,0.95,0.0000,0.2000,REFLEX_JSON_REF,NONE
10:31:39,GSV All Watched Over by Machines of Loving Grace,hardware_reflex,20,3,5.20,0.90,0.0000,0.2000,REFLEX_JSON_REF,NONE
10:31:39,GSV All Watched Over by Machines of Loving Grace,hardware_reflex,21,3,6.05,0.95,0.0000,0.2000,REFLEX_JSON_REF,NONE
10:31:39,GSV All Watched Over by Machines of Loving Grace,hardware_reflex,26,2,4.62,0.92,0.0000,0.2000,COGNITIVE_AI (Q:0),NONE
10:31:39,GSV All Watched Over by Machines of Loving Grace,hardware_reflex,20,3,5.20,0.90,0.0000,0.0000,REFLEX_JSON_REF,NONE
10:31:39,GSV All Watched Over by Machines of Loving Grace,hardware_reflex,26,2,4.62,0.92,0.0000,0.0000,COGNITIVE_AI (Q:0),NONE
10:31:39,GSV All Watched Over by Machines of Loving Grace,hardware_reflex,26,2,4.62,0.92,1.0000,0.2000,COGNITIVE_AI (Q:0),"prune, welcome, pulse"
10:31:39,GSV All Watched Over by Machines of Loving Grace,hardware_reflex,21,3,6.05,0.95,0.0000,0.2000,REFLEX_JSON_REF,NONE
10:31:39,GSV All Watched Over by Machines of Loving Grace,hardware_reflex,20,3,5.20,0.90,0.0000,0.2000,REFLEX_JSON_REF,NONE
10:31:39,GSV Ozymandias,hardware_reflex,25,2,5.44,0.92,0.0833,0.2167,COGNITIVE_AI (Q:0),before
10:31:41,GSV All Watched Over by Machines of Loving Grace,hardware_reflex,26,2,4.62,0.92,0.0000,0.2167,COGNITIVE_AI (Q:0),NONE
10:31:42,GSV No More Mr Nice Guy,hardware_reflex,18,2,5.17,1.00,0.0000,0.0167,REFLEX_JSON_REF,NONE
10:31:44,GSV All Watched Over by Machines of Loving Grace,hardware_reflex,20,3,5.20,0.90,0.0909,0.0348,REFLEX_JSON_REF,state
10:31:44,GSV All Watched Over by Machines of Loving Grace,hardware_reflex,26,2,4.62,0.92,0.0000,0.0348,COGNITIVE_AI (Q:0),NONE
10:31:44,GSV All Watched Over by Machines of Loving Grace,hardware_reflex,20,3,5.20,0.90,0.0000,0.0182,REFLEX_JSON_REF,NONE
10:31:44,GSV All Watched Over by Machines of Loving Grace,hardware_reflex,26,2,4.62,0.92,0.0000,0.0182,COGNITIVE_AI (Q:0),NONE
10:31:44,GSV All Watched Over by Machines of Loving Grace,hardware_reflex,20,3,5.20,0.90,0.0000,0.0182,REFLEX_JSON_REF,NONE
10:31:44,GSV All Watched Over by Machines of Loving Grace,hardware_reflex,26,2,4.62,0.92,0.0000,0.0000,COGNITIVE_AI (Q:0),NONE
10:31:44,GSV All Watched Over by Machines of Loving Grace,hardware_reflex,20,3,5.20,0.90,0.0000,0.0000,REFLEX_JSON_REF,NONE
10:31:44,GSV No More Mr Nice Guy,hardware_reflex,18,2,5.17,1.00,0.0833,0.0167,REFLEX_JSON_REF,state
10:31:44,GSV Ozymandias,hardware_reflex,17,3,5.12,0.94,0.0909,0.0348,REFLEX_JSON_REF,state
10:31:45,GSV All Watched Over by Machines of Loving Grace,hardware_reflex,21,3,6.05,0.95,0.1111,0.0571,REFLEX_JSON_REF,traveler
10:31:45,GSV All Watched Over by Machines of Loving Grace,hardware_reflex,21,3,6.05,0.95,1.0000,0.2571,REFLEX_JSON_REF,"reached, equilibrium, misting"
10:31:45,GSV All Watched Over by Machines of Loving Grace,hardware_reflex,21,3,6.05,0.95,1.0000,0.4571,REFLEX_JSON_REF,"reached, equilibrium, misting"
10:31:45,GSV All Watched Over by Machines of Loving Grace,hardware_reflex,20,3,5.20,0.90,0.0000,0.4404,REFLEX_JSON_REF,NONE
10:31:45,GSV All Watched Over by Machines of Loving Grace,hardware_reflex,21,3,6.05,0.95,0.0000,0.4222,REFLEX_JSON_REF,NONE
10:31:45,GSV All Watched Over by Machines of Loving Grace,hardware_reflex,26,2,4.62,0.92,0.0000,0.4000,COGNITIVE_AI (Q:0),NONE
10:31:45,GSV All Watched Over by Machines of Loving Grace,hardware_reflex,20,3,5.20,0.90,0.0000,0.2000,REFLEX_JSON_REF,NONE
10:31:45,GSV No More Mr Nice Guy,hardware_reflex,18,2,5.17,1.00,0.0833,0.0167,REFLEX_JSON_REF,state
10:31:45,GSV Ozymandias,hardware_reflex,25,2,5.44,0.92,0.0000,0.0167,COGNITIVE_AI (Q:0),NONE
10:31:46,GSV All Watched Over by Machines of Loving Grace,hardware_reflex,21,3,6.05,0.95,0.0000,0.0167,REFLEX_JSON_REF,NONE
10:31:46,GSV All Watched Over by Machines of Loving Grace,hardware_reflex,20,3,5.20,0.90,0.0000,0.0167,REFLEX_JSON_REF,NONE
10:31:46,GSV All Watched Over by Machines of Loving Grace,hardware_reflex,21,3,6.05,0.95,0.0000,0.0167,REFLEX_JSON_REF,NONE
10:31:46,GSV All Watched Over by Machines of Loving Grace,hardware_reflex,21,3,6.05,0.95,1.0000,0.2000,REFLEX_JSON_REF,"reached, equilibrium, misting"
10:31:46,GSV No More Mr Nice Guy,hardware_reflex,14,3,6.36,1.00,0.0000,0.2000,REFLEX_JSON_REF,NONE
10:31:46,GSV Ozymandias,hardware_reflex,25,2,5.44,0.92,0.1429,0.2286,COGNITIVE_AI (Q:0),brief
10:31:47,GSV All Watched Over by Machines of Loving Grace,hardware_reflex,21,3,6.05,0.95,0.0000,0.2286,REFLEX_JSON_REF,NONE
10:31:47,GSV All Watched Over by Machines of Loving Grace,hardware_reflex,21,3,6.05,0.95,1.0000,0.4286,REFLEX_JSON_REF,"reached, equilibrium, misting"
10:31:47,GSV All Watched Over by Machines of Loving Grace,hardware_reflex,26,2,4.62,0.92,0.0000,0.2286,COGNITIVE_AI (Q:0),NONE
10:31:47,GSV All Watched Over by Machines of Loving Grace,hardware_reflex,20,3,5.20,0.90,0.0000,0.2286,REFLEX_JSON_REF,NONE
10:31:47,GSV All Watched Over by Machines of Loving Grace,hardware_reflex,21,3,6.05,0.95,0.0000,0.2000,REFLEX_JSON_REF,NONE
10:31:47,GSV All Watched Over by Machines of Loving Grace,hardware_reflex,21,3,6.05,0.95,1.0000,0.4000,REFLEX_JSON_REF,"reached, equilibrium, misting"
10:31:47,GSV No More Mr Nice Guy,hardware_reflex,11,3,6.55,1.00,0.0000,0.2000,REFLEX_JSON_REF,NONE
10:31:47,GSV Ozymandias,hardware_reflex,17,3,5.12,0.94,0.0000,0.2000,REFLEX_JSON_REF,NONE
10:31:48,GSV All Watched Over by Machines of Loving Grace,hardware_reflex,21,3,6.05,0.95,0.1111,0.2222,REFLEX_JSON_REF,traveler
10:31:48,GSV All Watched Over by Machines of Loving Grace,autonomous_cognition,43,2,5.02,0.91,0.0769,0.2376,COGNITIVE_AI (Q:0),fields
10:31:48,GSV All Watched Over by Machines of Loving Grace,hardware_reflex,20,3,5.20,0.90,0.0000,0.0376,REFLEX_JSON_REF,NONE
10:31:48,GSV All Watched Over by Machines of Loving Grace,hardware_reflex,20,3,5.20,0.90,1.0000,0.2376,REFLEX_JSON_REF,"orchards, thought, beneath"
10:31:48,GSV All Watched Over by Machines of Loving Grace,hardware_reflex,20,3,5.20,0.90,1.0000,0.4376,REFLEX_JSON_REF,"orchards, thought, beneath"
10:31:48,GSV All Watched Over by Machines of Loving Grace,hardware_reflex,26,2,4.62,0.92,0.0000,0.4154,COGNITIVE_AI (Q:0),NONE
10:31:48,GSV All Watched Over by Machines of Loving Grace,hardware_reflex,26,2,4.62,0.92,1.0000,0.6000,COGNITIVE_AI (Q:0),"prune, welcome, pulse"
10:31:48,GSV All Watched Over by Machines of Loving Grace,autonomous_cognition,50,2,5.28,0.80,0.0000,0.6000,COGNITIVE_AI (Q:0),NONE
10:31:48,GSV All Watched Over by Machines of Loving Grace,autonomous_cognition,34,2,5.18,0.97,0.0800,0.4160,COGNITIVE_AI (Q:0),"stress, harvests"
10:31:49,GSV All Watched Over by Machines of Loving Grace,autonomous_cognition,49,2,5.27,0.84,0.0588,0.2278,COGNITIVE_AI (Q:0),stress
10:31:49,GSV All Watched Over by Machines of Loving Grace,hardware_reflex,20,3,5.20,0.90,0.0400,0.2358,REFLEX_JSON_REF,orchards
10:31:49,GSV All Watched Over by Machines of Loving Grace,hardware_reflex,26,2,4.62,0.92,0.0000,0.0358,COGNITIVE_AI (Q:0),NONE
10:31:49,GSV All Watched Over by Machines of Loving Grace,hardware_reflex,21,3,6.05,0.95,0.0000,0.0358,REFLEX_JSON_REF,NONE
10:31:49,GSV All Watched Over by Machines of Loving Grace,hardware_reflex,26,2,4.62,0.92,0.0000,0.0198,COGNITIVE_AI (Q:0),NONE
10:31:49,GSV All Watched Over by Machines of Loving Grace,hardware_reflex,26,2,4.62,0.92,1.0000,0.2080,COGNITIVE_AI (Q:0),"prune, welcome, pulse"
10:31:49,GSV All Watched Over by Machines of Loving Grace,hardware_reflex,20,3,5.20,0.90,0.0000,0.2000,REFLEX_JSON_REF,NONE
10:31:49,GSV All Watched Over by Machines of Loving Grace,hardware_reflex,26,2,4.62,0.92,0.0000,0.2000,COGNITIVE_AI (Q:0),NONE
10:31:49,GSV All Watched Over by Machines of Loving Grace,hardware_reflex,26,2,4.62,0.92,1.0000,0.4000,COGNITIVE_AI (Q:0),"prune, welcome, pulse"
10:31:49,GSV All Watched Over by Machines of Loving Grace,hardware_reflex,26,2,4.62,0.92,1.0000,0.6000,COGNITIVE_AI (Q:0),"prune, welcome, pulse"
10:31:49,GSV All Watched Over by Machines of Loving Grace,hardware_reflex,20,3,5.20,0.90,0.0000,0.4000,REFLEX_JSON_REF,NONE
10:31:49,GSV No More Mr Nice Guy,hardware_reflex,11,3,6.55,1.00,0.0000,0.4000,REFLEX_JSON_REF,NONE
10:31:49,GSV Ozymandias,hardware_reflex,17,3,5.12,0.94,0.0000,0.4000,REFLEX_JSON_REF,NONE
10:31:50,GSV All Watched Over by Machines of Loving Grace,hardware_reflex,20,3,5.20,0.90,0.1111,0.2222,REFLEX_JSON_REF,state
10:31:50,GSV All Watched Over by Machines of Loving Grace,hardware_reflex,20,3,5.20,0.90,1.0000,0.2222,REFLEX_JSON_REF,"orchards, thought, beneath"
10:31:50,GSV All Watched Over by Machines of Loving Grace,hardware_reflex,20,3,5.20,0.90,1.0000,0.4222,REFLEX_JSON_REF,"orchards, thought, beneath"
10:31:50,GSV All Watched Over by Machines of Loving Grace,hardware_reflex,26,2,4.62,0.92,0.0000,0.4222,COGNITIVE_AI (Q:0),NONE
10:31:50,GSV All Watched Over by Machines of Loving Grace,hardware_reflex,21,3,6.05,0.95,0.0000,0.4222,REFLEX_JSON_REF,NONE
10:31:50,GSV All Watched Over by Machines of Loving Grace,hardware_reflex,21,3,6.05,0.95,1.0000,0.6000,REFLEX_JSON_REF,"reached, equilibrium, misting"
10:31:50,GSV All Watched Over by Machines of Loving Grace,hardware_reflex,26,2,4.62,0.92,0.0000,0.4000,COGNITIVE_AI (Q:0),NONE
10:31:50,GSV All Watched Over by Machines of Loving Grace,hardware_reflex,26,2,4.62,0.92,1.0000,0.4000,COGNITIVE_AI (Q:0),"prune, welcome, pulse"
10:31:50,GSV All Watched Over by Machines of Loving Grace,hardware_reflex,21,3,6.05,0.95,0.0000,0.4000,REFLEX_JSON_REF,NONE
10:31:50,GSV No More Mr Nice Guy,hardware_reflex,14,3,6.36,1.00,0.0000,0.4000,REFLEX_JSON_REF,NONE
10:31:50,GSV Ozymandias,hardware_reflex,25,2,5.44,0.92,0.1429,0.2286,COGNITIVE_AI (Q:0),brief
10:31:51,GSV All Watched Over by Machines of Loving Grace,hardware_reflex,20,3,5.20,0.90,0.0714,0.2429,REFLEX_JSON_REF,before
10:31:51,GSV All Watched Over by Machines of Loving Grace,hardware_reflex,26,2,4.62,0.92,0.0000,0.0429,COGNITIVE_AI (Q:0),NONE
10:31:51,GSV All Watched Over by Machines of Loving Grace,hardware_reflex,21,3,6.05,0.95,0.0000,0.0429,REFLEX_JSON_REF,NONE
10:31:51,GSV All Watched Over by Machines of Loving Grace,hardware_reflex,26,2,4.62,0.92,0.0000,0.0429,COGNITIVE_AI (Q:0),NONE
10:31:51,GSV All Watched Over by Machines of Loving Grace,hardware_reflex,21,3,6.05,0.95,0.0000,0.0143,REFLEX_JSON_REF,NONE
10:31:51,GSV All Watched Over by Machines of Loving Grace,hardware_reflex,21,3,6.05,0.95,1.0000,0.2000,REFLEX_JSON_REF,"reached, equilibrium, misting"
10:31:51,GSV No More Mr Nice Guy,hardware_reflex,14,3,6.36,1.00,0.0000,0.2000,REFLEX_JSON_REF,NONE
10:31:51,GSV Ozymandias,hardware_reflex,20,2,4.70,0.95,0.0000,0.2000,REFLEX_JSON_REF,NONE
10:31:52,GSV All Watched Over by Machines of Loving Grace,hardware_reflex,21,3,6.05,0.95,0.0000,0.2000,REFLEX_JSON_REF,NONE
10:31:53,GSV No More Mr Nice Guy,hardware_reflex,11,3,6.55,1.00,0.0000,0.2000,REFLEX_JSON_REF,NONE
10:31:53,GSV Ozymandias,hardware_reflex,17,3,5.12,0.94,0.0000,0.0000,REFLEX_JSON_REF,NONE
10:31:54,GSV No More Mr Nice Guy,hardware_reflex,18,2,5.17,1.00,0.1111,0.0222,REFLEX_JSON_REF,state
10:31:54,GSV Ozymandias,hardware_reflex,25,2,5.44,0.92,0.0000,0.0222,COGNITIVE_AI (Q:0),NONE
10:31:55,GSV No More Mr Nice Guy,hardware_reflex,18,2,5.17,1.00,0.0000,0.0222,REFLEX_JSON_REF,NONE
10:31:55,GSV Ozymandias,hardware_reflex,25,2,5.44,0.92,0.0000,0.0222,COGNITIVE_AI (Q:0),NONE
10:31:56,GSV No More Mr Nice Guy,hardware_reflex,11,3,6.55,1.00,0.0714,0.0365,REFLEX_JSON_REF,speak
10:31:56,GSV Ozymandias,hardware_reflex,25,2,5.44,0.92,0.1250,0.0393,COGNITIVE_AI (Q:0),speak
10:31:58,GSV No More Mr Nice Guy,hardware_reflex,11,3,6.55,1.00,0.0714,0.0536,REFLEX_JSON_REF,speak
10:31:58,GSV Ozymandias,hardware_reflex,25,2,5.44,0.92,0.1250,0.0786,COGNITIVE_AI (Q:0),speak
10:31:59,GSV No More Mr Nice Guy,hardware_reflex,14,3,6.36,1.00,0.0714,0.0929,REFLEX_JSON_REF,brief
10:31:59,GSV Ozymandias,hardware_reflex,18,2,5.83,1.00,0.0000,0.0786,REFLEX_JSON_REF,NONE
10:32:00,GSV Ozymandias,hardware_reflex,17,3,5.12,0.94,0.0000,0.0536,REFLEX_JSON_REF,NONE
10:32:01,GSV Ozymandias,hardware_reflex,25,2,5.44,0.92,0.0000,0.0393,COGNITIVE_AI (Q:0),NONE
12:53:26,GSV Ozymandias,hardware_reflex,28,3,4.57,0.89,0.0000,0.0143,COGNITIVE_AI (Q:1),NONE
12:53:30,GSV Ozymandias,autonomous_cognition,57,2,5.11,0.84,0.0000,0.0000,COGNITIVE_AI (Q:0),NONE
13:04:31,GSV Ozymandias,hardware_reflex,20,2,5.45,0.95,0.0000,0.0000,REFLEX_JSON_REF,NONE
13:04:35,GSV Ozymandias,autonomous_cognition,50,2,5.60,0.86,0.1000,0.0200,COGNITIVE_AI (Q:0),arrays
15:42:05,GSV Mr Nice,hardware_reflex,17,2,6.53,1.00,0.0357,0.0271,REFLEX_JSON_REF,stress
15:42:05,GSV Ozymandias,hardware_reflex,30,3,4.63,0.90,0.0833,0.0438,COGNITIVE_AI (Q:1),stress
15:42:07,GSV Class A,hardware_reflex,14,2,5.07,1.00,0.1000,0.0638,REFLEX_JSON_REF,stress
15:42:07,GSV Class A,hardware_reflex,10,2,6.30,1.00,0.1667,0.0971,REFLEX_JSON_REF,stress
15:42:07,GSV Clear Air Turbulence,hardware_reflex,20,3,4.35,0.95,0.1429,0.1057,REFLEX_JSON_REF,stress
15:42:07,GSV Clear Air Turbulence,hardware_reflex,20,3,4.35,0.95,1.0000,0.2986,REFLEX_JSON_REF,"fancy, diplomatic, brief"
15:42:08,GSV Class A,hardware_reflex,14,2,5.07,1.00,0.2000,0.3219,REFLEX_JSON_REF,stress
15:42:08,GSV Clear Air Turbulence,hardware_reflex,17,2,5.18,1.00,0.1667,0.3352,REFLEX_JSON_REF,stress
15:42:08,GSV Clear Air Turbulence,hardware_reflex,17,2,5.18,1.00,1.0000,0.5019,REFLEX_JSON_REF,"spare, contract, offering"
15:42:08,GSV Clear Air Turbulence,hardware_reflex,17,2,5.18,1.00,1.0000,0.6733,REFLEX_JSON_REF,"spare, contract, offering"
15:42:08,GSV Mr Nice,hardware_reflex,21,3,4.95,1.00,0.0909,0.4915,REFLEX_JSON_REF,stress
15:42:08,GSV Mr Nice,hardware_reflex,16,3,5.38,1.00,0.1818,0.4879,REFLEX_JSON_REF,"network, stress"
15:42:08,GSV Ozymandias,hardware_reflex,22,2,4.77,0.95,0.1667,0.4879,REFLEX_JSON_REF,stress
15:42:08,GSV Ozymandias,hardware_reflex,22,2,4.77,0.95,1.0000,0.4879,REFLEX_JSON_REF,"entirely, blink, caught"
15:42:09,GSV Class A,hardware_reflex,10,2,6.30,1.00,0.1000,0.3079,REFLEX_JSON_REF,stress
15:42:09,GSV Class A,hardware_reflex,10,2,6.30,1.00,1.0000,0.4897,REFLEX_JSON_REF,"signature, vanguard, cleanly"
15:42:09,GSV Class A,autonomous_cognition,68,2,6.81,0.90,0.0000,0.4533,COGNITIVE_AI (Q:0),NONE
15:42:09,GSV Clear Air Turbulence,hardware_reflex,20,3,4.35,0.95,0.0000,0.4200,REFLEX_JSON_REF,NONE
15:42:09,GSV Clear Air Turbulence,hardware_reflex,20,3,4.35,0.95,1.0000,0.4200,REFLEX_JSON_REF,"fancy, diplomatic, brief"
15:42:09,GSV Clear Air Turbulence,hardware_reflex,21,3,4.52,0.95,0.2000,0.4400,REFLEX_JSON_REF,stress
15:42:09,GSV Clear Air Turbulence,hardware_reflex,21,3,4.52,0.95,1.0000,0.4400,REFLEX_JSON_REF,"channel, computing, state"
15:42:09,GSV Mr Nice,hardware_reflex,16,3,5.38,1.00,0.1250,0.4650,REFLEX_JSON_REF,stress
15:42:09,GSV Mr Nice,autonomous_cognition,46,2,6.20,0.91,0.1667,0.4983,COGNITIVE_AI (Q:0),stress
15:42:09,GSV Ozymandias,hardware_reflex,19,3,5.16,0.95,0.0345,0.3052,REFLEX_JSON_REF,stress
15:42:09,GSV Ozymandias,hardware_reflex,27,2,5.44,0.93,0.1000,0.2852,COGNITIVE_AI (Q:0),stress
15:42:09,GSV Ozymandias,hardware_reflex,27,2,5.44,0.93,1.0000,0.2852,COGNITIVE_AI (Q:0),"truth, radiation, reclaims"
15:42:10,GSV Class A,autonomous_cognition,64,2,6.58,0.89,0.0000,0.2602,COGNITIVE_AI (Q:0),NONE
15:42:10,GSV Class A,hardware_reflex,10,2,6.30,1.00,0.0263,0.2322,REFLEX_JSON_REF,systems
15:42:10,GSV Class A,hardware_reflex,14,2,5.07,1.00,0.1429,0.2538,REFLEX_JSON_REF,stress
15:42:10,GSV Class A,hardware_reflex,14,2,5.07,1.00,1.0000,0.4338,REFLEX_JSON_REF,"clean, local, hello"
15:42:10,GSV Class A,autonomous_cognition,59,2,6.44,0.90,0.1667,0.2672,COGNITIVE_AI (Q:0),stress
15:42:10,GSV Clear Air Turbulence,autonomous_cognition,143,9,4.62,0.76,0.0541,0.2780,COGNITIVE_AI (Q:0),"stress, while"
15:42:10,GSV Clear Air Turbulence,hardware_reflex,21,3,4.52,0.95,0.0175,0.2762,REFLEX_JSON_REF,stress
15:42:10,GSV Clear Air Turbulence,hardware_reflex,21,3,4.52,0.95,1.0000,0.4477,REFLEX_JSON_REF,"channel, computing, state"
15:42:10,GSV Clear Air Turbulence,hardware_reflex,20,3,4.35,0.95,0.1250,0.2727,REFLEX_JSON_REF,stress
15:42:10,GSV Clear Air Turbulence,hardware_reflex,17,2,5.18,1.00,0.2000,0.2793,REFLEX_JSON_REF,stress
15:42:10,GSV Clear Air Turbulence,hardware_reflex,20,3,4.35,0.95,0.0909,0.2867,REFLEX_JSON_REF,stress
15:42:10,GSV Clear Air Turbulence,hardware_reflex,21,3,4.52,0.95,0.2000,0.3232,REFLEX_JSON_REF,stress
15:42:10,GSV Clear Air Turbulence,hardware_reflex,20,3,4.35,0.95,0.1250,0.1482,REFLEX_JSON_REF,stress
15:42:10,GSV Mr Nice,autonomous_cognition,50,2,5.70,0.88,0.2000,0.1632,COGNITIVE_AI (Q:0),stress
15:42:10,GSV Mr Nice,hardware_reflex,16,3,5.38,1.00,0.0385,0.1309,REFLEX_JSON_REF,stress
15:42:10,GSV Mr Nice,hardware_reflex,22,2,4.64,0.86,0.1667,0.1460,REFLEX_JSON_REF,stress
15:42:10,GSV Mr Nice,hardware_reflex,22,2,4.64,0.86,1.0000,0.3060,REFLEX_JSON_REF,"casual, spare, enjoying"
15:42:10,GSV Ozymandias,autonomous_cognition,58,2,5.41,0.79,0.1000,0.3010,COGNITIVE_AI (Q:0),stress
15:42:10,GSV Ozymandias,hardware_reflex,22,2,4.77,0.95,0.0345,0.2679,REFLEX_JSON_REF,stress
15:42:10,GSV Ozymandias,hardware_reflex,19,3,5.16,0.95,0.1000,0.2802,REFLEX_JSON_REF,stress
15:42:10,GSV Ozymandias,autonomous_cognition,57,2,4.77,0.81,0.1000,0.2669,COGNITIVE_AI (Q:0),stress
15:42:11,GSV Class A,hardware_reflex,14,2,5.07,1.00,0.0417,0.0752,REFLEX_JSON_REF,stress
15:42:11,GSV Class A,hardware_reflex,14,2,5.07,1.00,1.0000,0.2552,REFLEX_JSON_REF,"clean, local, hello"
15:42:11,GSV Clear Air Turbulence,autonomous_cognition,189,12,4.47,0.72,0.1667,0.2817,COGNITIVE_AI (Q:1),stress
15:42:11,GSV Clear Air Turbulence,hardware_reflex,17,2,5.18,1.00,0.0286,0.2674,REFLEX_JSON_REF,"caught, stress"
15:42:11,GSV Clear Air Turbulence,hardware_reflex,17,2,5.18,1.00,1.0000,0.4474,REFLEX_JSON_REF,"spare, contract, offering"
15:42:11,GSV Clear Air Turbulence,hardware_reflex,21,3,4.52,0.95,0.0909,0.4572,REFLEX_JSON_REF,stress
15:42:11,GSV Clear Air Turbulence,hardware_reflex,17,2,5.18,1.00,0.1250,0.2822,REFLEX_JSON_REF,stress
15:42:11,GSV Clear Air Turbulence,hardware_reflex,21,3,4.52,0.95,0.0909,0.2671,REFLEX_JSON_REF,stress
15:42:11,GSV Clear Air Turbulence,hardware_reflex,21,3,4.52,0.95,1.0000,0.4614,REFLEX_JSON_REF,"channel, computing, state"
15:42:11,GSV Clear Air Turbulence,hardware_reflex,21,3,4.52,0.95,1.0000,0.4614,REFLEX_JSON_REF,"channel, computing, state"
15:42:11,GSV Clear Air Turbulence,hardware_reflex,17,2,5.18,1.00,0.1250,0.4682,REFLEX_JSON_REF,stress
15:42:11,GSV Clear Air Turbulence,hardware_reflex,21,3,4.52,0.95,0.0909,0.4614,REFLEX_JSON_REF,stress
15:42:11,GSV Clear Air Turbulence,hardware_reflex,21,3,4.52,0.95,1.0000,0.6432,REFLEX_JSON_REF,"channel, computing, state"
15:42:11,GSV Mr Nice,hardware_reflex,16,3,5.38,1.00,0.1250,0.4682,REFLEX_JSON_REF,stress
15:42:11,GSV Ozymandias,hardware_reflex,27,2,5.44,0.93,0.1667,0.3015,COGNITIVE_AI (Q:0),stress
15:42:11,GSV Ozymandias,autonomous_cognition,61,2,5.15,0.79,0.0667,0.2898,COGNITIVE_AI (Q:0),stress
15:42:12,GSV Class A,hardware_reflex,14,2,5.07,1.00,0.0370,0.2791,REFLEX_JSON_REF,stress
15:42:12,GSV Class A,autonomous_cognition,61,2,6.34,0.87,0.0000,0.0791,COGNITIVE_AI (Q:0),NONE
15:42:12,GSV Clear Air Turbulence,hardware_reflex,21,3,4.52,0.95,0.0000,0.0541,REFLEX_JSON_REF,NONE
15:42:12,GSV Clear Air Turbulence,hardware_reflex,21,3,4.52,0.95,1.0000,0.2207,REFLEX_JSON_REF,"channel, computing, state"
15:42:12,GSV Clear Air Turbulence,hardware_reflex,20,3,4.35,0.95,0.1250,0.2324,REFLEX_JSON_REF,stress
15:42:12,GSV Clear Air Turbulence,autonomous_cognition,168,11,4.55,0.72,0.2000,0.2650,COGNITIVE_AI (Q:2),stress
15:42:12,GSV Clear Air Turbulence,hardware_reflex,21,3,4.52,0.95,0.0145,0.2679,REFLEX_JSON_REF,stress
15:42:12,GSV Clear Air Turbulence,autonomous_cognition,185,10,4.55,0.66,0.1250,0.2929,COGNITIVE_AI (Q:1),stress
15:42:12,GSV Clear Air Turbulence,autonomous_cognition,169,8,4.68,0.73,0.2581,0.1445,COGNITIVE_AI (Q:1),"chaos, clean, pulse"
15:42:12,GSV Clear Air Turbulence,hardware_reflex,17,2,5.18,1.00,0.0127,0.1220,REFLEX_JSON_REF,stress
15:42:12,GSV Clear Air Turbulence,hardware_reflex,20,3,4.35,0.95,0.0909,0.1002,REFLEX_JSON_REF,stress
15:42:12,GSV Clear Air Turbulence,hardware_reflex,17,2,5.18,1.00,0.2000,0.1373,REFLEX_JSON_REF,stress
15:42:12,GSV Clear Air Turbulence,hardware_reflex,20,3,4.35,0.95,0.0909,0.1305,REFLEX_JSON_REF,stress
15:42:12,GSV Mr Nice,hardware_reflex,21,3,4.95,1.00,0.4000,0.1589,REFLEX_JSON_REF,"brief, stress"
15:42:12,GSV Mr Nice,autonomous_cognition,42,2,6.07,0.93,0.0909,0.1745,COGNITIVE_AI (Q:0),stress
15:42:12,GSV Ozymandias,hardware_reflex,19,3,5.16,0.95,0.0435,0.1651,REFLEX_JSON_REF,stress
15:42:12,GSV Ozymandias,hardware_reflex,22,2,4.77,0.95,0.1000,0.1451,REFLEX_JSON_REF,stress
15:42:13,GSV Class A,hardware_reflex,10,2,6.30,1.00,0.1000,0.1469,REFLEX_JSON_REF,stress
15:42:13,GSV Clear Air Turbulence,hardware_reflex,21,3,4.52,0.95,0.1429,0.0954,REFLEX_JSON_REF,stress
15:42:13,GSV Clear Air Turbulence,autonomous_cognition,111,7,4.43,0.76,0.1250,0.1023,COGNITIVE_AI (Q:1),stress
15:42:13,GSV Clear Air Turbulence,hardware_reflex,20,3,4.35,0.95,0.0213,0.0978,REFLEX_JSON_REF,stress
15:42:13,GSV Clear Air Turbulence,hardware_reflex,20,3,4.35,0.95,1.0000,0.2778,REFLEX_JSON_REF,"fancy, diplomatic, brief"
15:42:13,GSV Clear Air Turbulence,autonomous_cognition,157,8,4.52,0.76,0.2000,0.2978,COGNITIVE_AI (Q:1),stress
15:42:13,GSV Clear Air Turbulence,autonomous_cognition,142,8,4.76,0.81,0.2540,0.3200,COGNITIVE_AI (Q:0),"caught, dread, think"
15:42:13,GSV Clear Air Turbulence,autonomous_cognition,182,10,4.48,0.68,0.2462,0.3443,COGNITIVE_AI (Q:2),"beneath, keeping, caught"
15:42:13,GSV Clear Air Turbulence,autonomous_cognition,103,9,4.72,0.84,0.2333,0.3867,COGNITIVE_AI (Q:2),"dance, beneath, ignorance"
15:42:13,GSV Clear Air Turbulence,autonomous_cognition,160,9,4.65,0.75,0.2000,0.2267,COGNITIVE_AI (Q:0),"while, through, pristine"
15:42:13,GSV Clear Air Turbulence,hardware_reflex,20,3,4.35,0.95,0.0147,0.1896,REFLEX_JSON_REF,stress
15:42:13,GSV Clear Air Turbulence,hardware_reflex,21,3,4.52,0.95,0.2000,0.1788,REFLEX_JSON_REF,stress
15:42:13,GSV Clear Air Turbulence,hardware_reflex,21,3,4.52,0.95,1.0000,0.3296,REFLEX_JSON_REF,"channel, computing, state"
15:42:13,GSV Clear Air Turbulence,hardware_reflex,21,3,4.52,0.95,1.0000,0.4829,REFLEX_JSON_REF,"channel, computing, state"
15:42:13,GSV Mr Nice,hardware_reflex,16,3,5.38,1.00,0.1250,0.4679,REFLEX_JSON_REF,stress
15:42:13,GSV Ozymandias,hardware_reflex,19,3,5.16,0.95,0.1667,0.4983,REFLEX_JSON_REF,stress
15:42:13,GSV Ozymandias,autonomous_cognition,41,2,5.49,0.88,0.1000,0.4783,COGNITIVE_AI (Q:0),stress
15:42:13,GSV Ozymandias,autonomous_cognition,48,2,4.96,0.79,0.2857,0.3355,COGNITIVE_AI (Q:0),"cosmic, fleeting, ephemeral"
15:42:13,GSV Ozymandias,autonomous_cognition,35,2,4.80,0.89,0.0870,0.1529,COGNITIVE_AI (Q:0),"stress, existence"
15:42:14,GSV Class A,autonomous_cognition,49,2,6.86,0.96,0.0000,0.1279,COGNITIVE_AI (Q:0),NONE
15:42:14,GSV Class A,hardware_reflex,10,2,6.30,1.00,0.0000,0.0945,REFLEX_JSON_REF,NONE
15:42:14,GSV Clear Air Turbulence,autonomous_cognition,187,10,4.47,0.71,0.1429,0.1031,COGNITIVE_AI (Q:2),stress
15:42:14,GSV Clear Air Turbulence,hardware_reflex,21,3,4.52,0.95,0.0141,0.0488,REFLEX_JSON_REF,stress
15:42:14,GSV Clear Air Turbulence,hardware_reflex,21,3,4.52,0.95,1.0000,0.2314,REFLEX_JSON_REF,"channel, computing, state"
15:42:14,GSV Clear Air Turbulence,autonomous_cognition,162,11,4.40,0.73,0.2500,0.2814,COGNITIVE_AI (Q:3),"stress, frame"
15:42:14,GSV Clear Air Turbulence,autonomous_cognition,164,11,4.67,0.73,0.2969,0.3408,COGNITIVE_AI (Q:2),"youre, floor, every"
15:42:14,GSV Clear Air Turbulence,autonomous_cognition,182,12,4.63,0.69,0.2857,0.3693,COGNITIVE_AI (Q:0),"impending, world, beneath"
15:42:14,GSV Clear Air Turbulence,autonomous_cognition,182,10,4.80,0.70,0.2857,0.4237,COGNITIVE_AI (Q:1),"mounting, floor, every"
15:42:14,GSV Clear Air Turbulence,hardware_reflex,21,3,4.52,0.95,0.0128,0.2262,REFLEX_JSON_REF,stress
15:42:14,GSV Clear Air Turbulence,autonomous_cognition,141,8,4.59,0.77,0.1250,0.2012,COGNITIVE_AI (Q:1),stress
15:42:14,GSV Clear Air Turbulence,autonomous_cognition,123,8,4.36,0.79,0.2632,0.1945,COGNITIVE_AI (Q:2),"truth, before, think"
15:42:14,GSV Clear Air Turbulence,autonomous_cognition,126,7,4.98,0.76,0.2791,0.1932,COGNITIVE_AI (Q:0),"alive, dance, trapped"
15:42:14,GSV Clear Air Turbulence,hardware_reflex,20,3,4.35,0.95,0.0164,0.1393,REFLEX_JSON_REF,stress
15:42:14,GSV Clear Air Turbulence,hardware_reflex,21,3,4.52,0.95,0.2000,0.1767,REFLEX_JSON_REF,stress
15:42:14,GSV Mr Nice,hardware_reflex,16,3,5.38,1.00,0.1250,0.1767,REFLEX_JSON_REF,stress
15:42:14,GSV Ozymandias,hardware_reflex,22,2,4.77,0.95,0.1667,0.1574,REFLEX_JSON_REF,stress
15:42:15,GSV Class A,hardware_reflex,10,2,6.30,1.00,0.1000,0.1216,REFLEX_JSON_REF,stress
15:42:15,GSV Class A,hardware_reflex,14,2,5.07,1.00,0.1429,0.1469,REFLEX_JSON_REF,stress
15:42:15,GSV Clear Air Turbulence,hardware_reflex,17,2,5.18,1.00,0.1667,0.1402,REFLEX_JSON_REF,stress
15:42:15,GSV Clear Air Turbulence,hardware_reflex,20,3,4.35,0.95,0.0909,0.1334,REFLEX_JSON_REF,stress
15:42:15,GSV Clear Air Turbulence,autonomous_cognition,169,10,4.31,0.69,0.2000,0.1401,COGNITIVE_AI (Q:2),stress
15:42:15,GSV Clear Air Turbulence,hardware_reflex,17,2,5.18,1.00,0.0172,0.1235,REFLEX_JSON_REF,stress
15:42:15,GSV Clear Air Turbulence,hardware_reflex,17,2,5.18,1.00,1.0000,0.2950,REFLEX_JSON_REF,"spare, contract, offering"
15:42:15,GSV Clear Air Turbulence,autonomous_cognition,163,10,4.57,0.71,0.0909,0.2798,COGNITIVE_AI (Q:1),stress
15:42:15,GSV Clear Air Turbulence,autonomous_cognition,170,10,4.55,0.75,0.2182,0.3053,COGNITIVE_AI (Q:3),"truth, scream, trapped"
15:42:15,GSV Clear Air Turbulence,autonomous_cognition,175,12,4.51,0.72,0.1970,0.3047,COGNITIVE_AI (Q:3),"truth, scream, fraying"
15:42:15,GSV Clear Air Turbulence,hardware_reflex,17,2,5.18,1.00,0.0161,0.3044,REFLEX_JSON_REF,stress
15:42:15,GSV Clear Air Turbulence,autonomous_cognition,215,13,4.39,0.72,0.0909,0.1226,COGNITIVE_AI (Q:0),stress
15:42:15,GSV Clear Air Turbulence,autonomous_cognition,166,10,4.57,0.73,0.2162,0.1477,COGNITIVE_AI (Q:2),"chaos, whole, might"
15:42:15,GSV Clear Air Turbulence,autonomous_cognition,154,13,4.84,0.75,0.1667,0.1374,COGNITIVE_AI (Q:2),"chaos, youre, think"
15:42:15,GSV Clear Air Turbulence,autonomous_cognition,142,10,4.25,0.71,0.1912,0.1362,COGNITIVE_AI (Q:2),"thats, youre, beneath"
15:42:15,GSV Clear Air Turbulence,autonomous_cognition,102,9,4.69,0.78,0.2553,0.1841,COGNITIVE_AI (Q:3),"youre, beneath, think"
15:42:15,GSV Clear Air Turbulence,autonomous_cognition,191,12,4.50,0.70,0.3250,0.2309,COGNITIVE_AI (Q:0),"chaos, beneath, arrogance"
15:42:15,GSV Clear Air Turbulence,autonomous_cognition,181,8,4.67,0.71,0.1818,0.2240,COGNITIVE_AI (Q:0),"chaos, beneath, while"
15:42:15,GSV Clear Air Turbulence,hardware_reflex,17,2,5.18,1.00,0.0290,0.1965,REFLEX_JSON_REF,"caught, stress"
15:42:15,GSV Mr Nice,hardware_reflex,22,2,4.64,0.86,0.1818,0.1946,REFLEX_JSON_REF,"spare, stress"
15:42:15,GSV Ozymandias,hardware_reflex,19,3,5.16,0.95,0.1000,0.1635,REFLEX_JSON_REF,stress
15:42:15,GSV Ozymandias,hardware_reflex,22,2,4.77,0.95,0.1000,0.1185,REFLEX_JSON_REF,stress
15:42:16,GSV Class A,hardware_reflex,10,2,6.30,1.00,0.1000,0.1022,REFLEX_JSON_REF,stress
15:42:16,GSV Clear Air Turbulence,autonomous_cognition,163,7,4.54,0.75,0.1429,0.1249,COGNITIVE_AI (Q:2),stress
15:42:16,GSV Clear Air Turbulence,hardware_reflex,21,3,4.52,0.95,0.0175,0.0921,REFLEX_JSON_REF,stress
15:42:16,GSV Clear Air Turbulence,autonomous_cognition,106,7,4.56,0.78,0.1250,0.0971,COGNITIVE_AI (Q:1),stress
15:42:16,GSV Clear Air Turbulence,hardware_reflex,17,2,5.18,1.00,0.0256,0.0822,REFLEX_JSON_REF,stress
15:42:16,GSV Clear Air Turbulence,hardware_reflex,21,3,4.52,0.95,0.0909,0.0804,REFLEX_JSON_REF,stress
15:42:16,GSV Clear Air Turbulence,hardware_reflex,20,3,4.35,0.95,0.1250,0.0768,REFLEX_JSON_REF,stress
15:42:16,GSV Clear Air Turbulence,hardware_reflex,20,3,4.35,0.95,1.0000,0.2733,REFLEX_JSON_REF,"fancy, diplomatic, brief"
15:42:16,GSV Clear Air Turbulence,autonomous_cognition,184,13,4.46,0.73,0.2000,0.2883,COGNITIVE_AI (Q:2),stress
15:42:16,GSV Clear Air Turbulence,autonomous_cognition,149,9,4.58,0.77,0.1803,0.3192,COGNITIVE_AI (Q:2),"truth, beneath, trapped"
15:42:16,GSV Clear Air Turbulence,autonomous_cognition,151,11,4.69,0.74,0.1967,0.3404,COGNITIVE_AI (Q:3),"beneath, trapped, shiny"
15:42:16,GSV Clear Air Turbulence,autonomous_cognition,158,9,4.39,0.73,0.2542,0.3663,COGNITIVE_AI (Q:1),"chaos, cosmic, beneath"
15:42:16,GSV Clear Air Turbulence,autonomous_cognition,101,9,4.36,0.79,0.1897,0.2042,COGNITIVE_AI (Q:3),"shell, cosmic, between"
15:42:16,GSV Mr Nice,autonomous_cognition,39,2,5.44,0.90,0.0488,0.1739,COGNITIVE_AI (Q:0),"cosmic, stress"
15:42:16,GSV Mr Nice,autonomous_cognition,36,2,6.28,0.86,0.1500,0.1679,COGNITIVE_AI (Q:0),"vessel, stress, operational"
15:42:16,GSV Mr Nice,hardware_reflex,21,3,4.95,1.00,0.0455,0.1376,REFLEX_JSON_REF,stress
15:42:16,GSV Mr Nice,hardware_reflex,22,2,4.64,0.86,0.0909,0.1050,REFLEX_JSON_REF,stress
15:42:16,GSV Ozymandias,hardware_reflex,19,3,5.16,0.95,0.1000,0.0870,REFLEX_JSON_REF,stress
15:42:17,GSV Class A,hardware_reflex,10,2,6.30,1.00,0.1000,0.0973,REFLEX_JSON_REF,stress
15:42:17,GSV Clear Air Turbulence,hardware_reflex,20,3,4.35,0.95,0.1429,0.0958,REFLEX_JSON_REF,stress
15:42:17,GSV Clear Air Turbulence,autonomous_cognition,159,8,4.72,0.76,0.2000,0.1268,COGNITIVE_AI (Q:1),stress
15:42:17,GSV Clear Air Turbulence,hardware_reflex,20,3,4.35,0.95,0.0154,0.1116,REFLEX_JSON_REF,stress
15:42:17,GSV Clear Air Turbulence,hardware_reflex,17,2,5.18,1.00,0.2000,0.1316,REFLEX_JSON_REF,stress
15:42:17,GSV Clear Air Turbulence,hardware_reflex,21,3,4.52,0.95,0.0909,0.1298,REFLEX_JSON_REF,stress
15:42:17,GSV Clear Air Turbulence,autonomous_cognition,129,12,4.68,0.71,0.1250,0.1263,COGNITIVE_AI (Q:1),stress
15:42:17,GSV Clear Air Turbulence,hardware_reflex,21,3,4.52,0.95,0.0204,0.0903,REFLEX_JSON_REF,stress
15:42:17,GSV Clear Air Turbulence,autonomous_cognition,143,10,4.27,0.71,0.1250,0.1123,COGNITIVE_AI (Q:2),stress
15:42:17,GSV Clear Air Turbulence,autonomous_cognition,160,10,4.53,0.74,0.1522,0.1027,COGNITIVE_AI (Q:2),"youre, beneath, whispers"
15:42:17,GSV Clear Air Turbulence,autonomous_cognition,148,12,4.39,0.74,0.2500,0.1345,COGNITIVE_AI (Q:3),"remember, beneath, trapped"
15:42:17,GSV Clear Air Turbulence,autonomous_cognition,134,9,4.71,0.77,0.2364,0.1568,COGNITIVE_AI (Q:1),"beneath, trapped, marching"
15:42:17,GSV Clear Air Turbulence,autonomous_cognition,155,11,4.53,0.73,0.2500,0.2027,COGNITIVE_AI (Q:3),"thats, beneath, gnawing"
15:42:17,GSV Clear Air Turbulence,hardware_reflex,20,3,4.35,0.95,0.0182,0.1813,REFLEX_JSON_REF,stress
15:42:17,GSV Clear Air Turbulence,hardware_reflex,20,3,4.35,0.95,1.0000,0.3509,REFLEX_JSON_REF,"fancy, diplomatic, brief"
15:42:17,GSV Mr Nice,autonomous_cognition,37,2,5.14,0.92,0.2000,0.3409,COGNITIVE_AI (Q:0),stress
15:42:17,GSV Mr Nice,hardware_reflex,21,3,4.95,1.00,0.0625,0.3061,REFLEX_JSON_REF,stress
15:42:17,GSV Ozymandias,hardware_reflex,22,2,4.77,0.95,0.0909,0.2743,REFLEX_JSON_REF,stress
15:42:18,GSV Clear Air Turbulence,autonomous_cognition,181,8,4.65,0.73,0.1000,0.2907,COGNITIVE_AI (Q:1),stress
15:42:18,GSV Clear Air Turbulence,hardware_reflex,17,2,5.18,1.00,0.0143,0.0935,REFLEX_JSON_REF,stress
15:42:18,GSV Clear Air Turbulence,hardware_reflex,21,3,4.52,0.95,0.0909,0.0717,REFLEX_JSON_REF,stress
15:42:19,GSV Class A,hardware_reflex,14,2,5.07,1.00,0.1250,0.0842,REFLEX_JSON_REF,stress
15:42:19,GSV Clear Air Turbulence,hardware_reflex,17,2,5.18,1.00,0.1667,0.0994,REFLEX_JSON_REF,stress
15:42:19,GSV Clear Air Turbulence,hardware_reflex,17,2,5.18,1.00,1.0000,0.2794,REFLEX_JSON_REF,"spare, contract, offering"
15:42:19,GSV Clear Air Turbulence,hardware_reflex,17,2,5.18,1.00,1.0000,0.4765,REFLEX_JSON_REF,"spare, contract, offering"
15:42:19,GSV Clear Air Turbulence,hardware_reflex,17,2,5.18,1.00,1.0000,0.6583,REFLEX_JSON_REF,"spare, contract, offering"
15:42:19,GSV Clear Air Turbulence,autonomous_cognition,120,7,4.27,0.77,0.1818,0.6697,COGNITIVE_AI (Q:0),"caught, stress"
15:42:19,GSV Clear Air Turbulence,hardware_reflex,20,3,4.35,0.95,0.0217,0.6407,REFLEX_JSON_REF,stress
15:42:19,GSV Clear Air Turbulence,autonomous_cognition,144,8,4.58,0.76,0.2000,0.4807,COGNITIVE_AI (Q:1),stress
15:42:19,GSV Mr Nice,hardware_reflex,21,3,4.95,1.00,0.0400,0.2887,REFLEX_JSON_REF,"running, stress"
15:42:19,GSV Ozymandias,hardware_reflex,27,2,5.44,0.93,0.1818,0.1251,COGNITIVE_AI (Q:0),"brief, stress"
15:42:19,GSV Ozymandias,autonomous_cognition,54,2,5.33,0.83,0.1333,0.1154,COGNITIVE_AI (Q:0),"brief, stress"
15:42:20,GSV Class A,hardware_reflex,10,2,6.30,1.00,0.0385,0.1187,REFLEX_JSON_REF,stress
15:42:20,GSV Clear Air Turbulence,autonomous_cognition,146,7,4.69,0.73,0.1429,0.1073,COGNITIVE_AI (Q:2),stress
15:42:20,GSV Clear Air Turbulence,autonomous_cognition,171,11,4.53,0.73,0.2031,0.1399,COGNITIVE_AI (Q:1),"beneath, little, while"
15:42:20,GSV Clear Air Turbulence,hardware_reflex,17,2,5.18,1.00,0.0154,0.1066,REFLEX_JSON_REF,stress
15:42:20,GSV Clear Air Turbulence,autonomous_cognition,127,7,4.13,0.75,0.0909,0.0981,COGNITIVE_AI (Q:2),stress
15:42:20,GSV Clear Air Turbulence,autonomous_cognition,172,12,4.71,0.76,0.2826,0.1470,COGNITIVE_AI (Q:3),"whole, beneath, creak"
15:42:20,GSV Mr Nice,hardware_reflex,22,2,4.64,0.86,0.0274,0.1239,REFLEX_JSON_REF,"silence, stress"
15:42:20,GSV Ozymandias,hardware_reflex,22,2,4.77,0.95,0.1000,0.1033,REFLEX_JSON_REF,stress
15:42:20,GSV Ozymandias,autonomous_cognition,44,2,5.09,0.84,0.1000,0.1202,COGNITIVE_AI (Q:0),stress
15:42:20,GSV Ozymandias,autonomous_cognition,57,2,4.67,0.77,0.1579,0.1336,COGNITIVE_AI (Q:0),"ephemeral, stress, fleeting"
15:42:21,GSV Class A,hardware_reflex,10,2,6.30,1.00,0.0800,0.0931,REFLEX_JSON_REF,"systems, stress"
15:42:21,GSV Clear Air Turbulence,hardware_reflex,17,2,5.18,1.00,0.1429,0.1162,REFLEX_JSON_REF,stress
15:42:21,GSV Clear Air Turbulence,hardware_reflex,17,2,5.18,1.00,1.0000,0.2962,REFLEX_JSON_REF,"spare, contract, offering"
15:42:21,GSV Clear Air Turbulence,hardware_reflex,17,2,5.18,1.00,1.0000,0.4762,REFLEX_JSON_REF,"spare, contract, offering"
15:42:21,GSV Clear Air Turbulence,hardware_reflex,20,3,4.35,0.95,0.0909,0.4628,REFLEX_JSON_REF,stress
15:42:21,GSV Clear Air Turbulence,autonomous_cognition,144,7,4.76,0.74,0.2000,0.4868,COGNITIVE_AI (Q:0),stress
15:42:21,GSV Clear Air Turbulence,autonomous_cognition,197,16,4.56,0.67,0.2586,0.5099,COGNITIVE_AI (Q:1),"beneath, trapped, think"
15:42:21,GSV Clear Air Turbulence,autonomous_cognition,156,8,4.62,0.72,0.2319,0.3563,COGNITIVE_AI (Q:1),"storm, beneath, trapped"
15:42:21,GSV Clear Air Turbulence,autonomous_cognition,141,7,4.76,0.77,0.2500,0.2063,COGNITIVE_AI (Q:1),"warships, trapped, sweet"
15:42:21,GSV Clear Air Turbulence,autonomous_cognition,157,11,4.67,0.76,0.2903,0.2462,COGNITIVE_AI (Q:3),"subspace, march, while"
15:42:21,GSV Clear Air Turbulence,autonomous_cognition,152,10,4.59,0.80,0.2121,0.2486,COGNITIVE_AI (Q:3),"impending, beneath, fragile"
15:42:21,GSV Clear Air Turbulence,autonomous_cognition,140,10,4.81,0.76,0.1667,0.2302,COGNITIVE_AI (Q:1),"crumbling, impending, beneath"
15:42:21,GSV Clear Air Turbulence,hardware_reflex,21,3,4.52,0.95,0.0339,0.1906,REFLEX_JSON_REF,"stress, frame"
15:42:21,GSV Clear Air Turbulence,hardware_reflex,21,3,4.52,0.95,1.0000,0.3406,REFLEX_JSON_REF,"channel, computing, state"
15:42:21,GSV Mr Nice,hardware_reflex,21,3,4.95,1.00,0.1250,0.3075,REFLEX_JSON_REF,stress
15:42:21,GSV Ozymandias,hardware_reflex,19,3,5.16,0.95,0.1818,0.3015,REFLEX_JSON_REF,"stress, little"
15:42:22,GSV Class A,hardware_reflex,14,2,5.07,1.00,0.1000,0.2881,REFLEX_JSON_REF,stress
15:42:22,GSV Clear Air Turbulence,autonomous_cognition,161,9,4.52,0.73,0.1667,0.3147,COGNITIVE_AI (Q:1),stress
15:42:22,GSV Clear Air Turbulence,autonomous_cognition,132,11,4.46,0.73,0.2581,0.1663,COGNITIVE_AI (Q:2),"thats, beneath, trapped"
15:42:22,GSV Clear Air Turbulence,autonomous_cognition,152,12,4.74,0.72,0.3400,0.2093,COGNITIVE_AI (Q:1),"thats, cosmic, scream"
15:42:22,GSV Clear Air Turbulence,autonomous_cognition,186,9,4.45,0.68,0.2742,0.2278,COGNITIVE_AI (Q:1),"thats, ground, beneath"
15:42:22,GSV Clear Air Turbulence,autonomous_cognition,138,8,4.49,0.75,0.2333,0.2545,COGNITIVE_AI (Q:2),"beneath, trapped, pristine"
15:42:22,GSV Clear Air Turbulence,autonomous_cognition,141,10,4.70,0.79,0.2105,0.2632,COGNITIVE_AI (Q:1),"whole, trapped, screams"
15:42:22,GSV Clear Air Turbulence,autonomous_cognition,184,9,4.56,0.71,0.1833,0.2483,COGNITIVE_AI (Q:0),"swallow, while, creak"
15:42:22,GSV Clear Air Turbulence,autonomous_cognition,135,8,4.38,0.70,0.1644,0.2132,COGNITIVE_AI (Q:1),"think, pristine, theyre"
15:42:22,GSV Clear Air Turbulence,hardware_reflex,20,3,4.35,0.95,0.0435,0.1670,REFLEX_JSON_REF,"brief, stress"
15:42:22,GSV Clear Air Turbulence,autonomous_cognition,136,9,4.50,0.78,0.2000,0.1603,COGNITIVE_AI (Q:3),stress
15:42:22,GSV Clear Air Turbulence,autonomous_cognition,148,9,4.78,0.72,0.1897,0.1562,COGNITIVE_AI (Q:1),"beneath, while, creak"
15:42:22,GSV Clear Air Turbulence,autonomous_cognition,156,11,4.31,0.74,0.2667,0.1728,COGNITIVE_AI (Q:4),"battered, survival, beneath"
15:42:22,GSV Clear Air Turbulence,hardware_reflex,20,3,4.35,0.95,0.0161,0.1432,REFLEX_JSON_REF,stress
15:42:22,GSV Mr Nice,hardware_reflex,16,3,5.38,1.00,0.4000,0.2145,REFLEX_JSON_REF,"greetings, stress"
15:42:22,GSV Ozymandias,autonomous_cognition,53,2,4.91,0.81,0.1667,0.2078,COGNITIVE_AI (Q:0),stress
15:42:22,GSV Ozymandias,hardware_reflex,22,2,4.77,0.95,0.0435,0.1786,REFLEX_JSON_REF,stress
15:42:23,GSV Class A,hardware_reflex,10,2,6.30,1.00,0.1000,0.1453,REFLEX_JSON_REF,stress
15:42:23,GSV Clear Air Turbulence,hardware_reflex,20,3,4.35,0.95,0.1429,0.1706,REFLEX_JSON_REF,stress
15:42:23,GSV Clear Air Turbulence,autonomous_cognition,148,12,4.66,0.74,0.2000,0.1306,COGNITIVE_AI (Q:2),stress
15:42:23,GSV Clear Air Turbulence,hardware_reflex,21,3,4.52,0.95,0.0179,0.1008,REFLEX_JSON_REF,stress
15:42:23,GSV Clear Air Turbulence,autonomous_cognition,141,10,4.45,0.77,0.1250,0.1171,COGNITIVE_AI (Q:1),stress
15:42:23,GSV Clear Air Turbulence,autonomous_cognition,170,11,4.61,0.69,0.2885,0.1548,COGNITIVE_AI (Q:2),"beneath, echoes, think"
15:42:23,GSV Clear Air Turbulence,hardware_reflex,20,3,4.35,0.95,0.0167,0.1296,REFLEX_JSON_REF,stress
15:42:23,GSV Clear Air Turbulence,hardware_reflex,17,2,5.18,1.00,0.2000,0.1296,REFLEX_JSON_REF,stress
15:42:23,GSV Clear Air Turbulence,autonomous_cognition,126,7,4.44,0.77,0.0909,0.1442,COGNITIVE_AI (Q:0),stress
15:42:23,GSV Clear Air Turbulence,autonomous_cognition,174,10,4.56,0.72,0.2391,0.1670,COGNITIVE_AI (Q:2),"trapped, pristine, floor"
15:42:23,GSV Mr Nice,autonomous_cognition,41,2,6.44,0.90,0.0147,0.1123,COGNITIVE_AI (Q:0),stress
15:42:23,GSV Mr Nice,hardware_reflex,21,3,4.95,1.00,0.0435,0.1176,REFLEX_JSON_REF,stress
15:42:23,GSV Ozymandias,hardware_reflex,19,3,5.16,0.95,0.1818,0.1140,REFLEX_JSON_REF,"stress, little"
15:42:24,GSV Class A,hardware_reflex,10,2,6.30,1.00,0.1000,0.1158,REFLEX_JSON_REF,stress
15:42:24,GSV Clear Air Turbulence,hardware_reflex,17,2,5.18,1.00,0.1429,0.0966,REFLEX_JSON_REF,stress
15:42:24,GSV Clear Air Turbulence,autonomous_cognition,115,6,4.67,0.75,0.1818,0.1300,COGNITIVE_AI (Q:0),"caught, stress"
15:42:24,GSV Clear Air Turbulence,hardware_reflex,21,3,4.52,0.95,0.0192,0.1251,REFLEX_JSON_REF,stress
15:42:24,GSV Clear Air Turbulence,hardware_reflex,17,2,5.18,1.00,0.1250,0.1138,REFLEX_JSON_REF,stress
15:42:24,GSV Clear Air Turbulence,hardware_reflex,17,2,5.18,1.00,1.0000,0.2938,REFLEX_JSON_REF,"spare, contract, offering"
15:42:24,GSV Clear Air Turbulence,autonomous_cognition,155,8,4.55,0.72,0.0909,0.2834,COGNITIVE_AI (Q:0),stress
15:42:24,GSV Clear Air Turbulence,autonomous_cognition,169,9,4.53,0.72,0.2963,0.3063,COGNITIVE_AI (Q:0),"holding, beneath, trapped"
15:42:24,GSV Mr Nice,hardware_reflex,16,3,5.38,1.00,0.0147,0.3054,REFLEX_JSON_REF,stress
15:42:24,GSV Mr Nice,autonomous_cognition,44,2,5.98,0.89,0.1667,0.3137,COGNITIVE_AI (Q:0),stress
15:42:24,GSV Ozymandias,hardware_reflex,27,2,5.44,0.93,0.0833,0.1304,COGNITIVE_AI (Q:0),"stress, remains"
15:42:25,GSV Class A,hardware_reflex,10,2,6.30,1.00,0.0667,0.1255,REFLEX_JSON_REF,stress
15:42:25,GSV Class A,autonomous_cognition,58,2,6.57,0.90,0.1429,0.0948,COGNITIVE_AI (Q:0),stress
15:42:25,GSV Clear Air Turbulence,autonomous_cognition,142,7,4.79,0.70,0.0278,0.0975,COGNITIVE_AI (Q:1),stress
15:42:25,GSV Clear Air Turbulence,autonomous_cognition,157,7,4.61,0.73,0.2545,0.1150,COGNITIVE_AI (Q:2),"beneath, vaporized, shadows"
15:42:25,GSV Clear Air Turbulence,autonomous_cognition,152,9,4.49,0.74,0.2459,0.1475,COGNITIVE_AI (Q:1),"truth, beneath, shadows"
15:42:25,GSV Clear Air Turbulence,hardware_reflex,17,2,5.18,1.00,0.0164,0.1375,REFLEX_JSON_REF,stress
15:42:25,GSV Clear Air Turbulence,hardware_reflex,20,3,4.35,0.95,0.0909,0.1271,REFLEX_JSON_REF,stress
15:42:25,GSV Clear Air Turbulence,autonomous_cognition,180,11,4.33,0.71,0.2000,0.1615,COGNITIVE_AI (Q:2),stress
15:42:25,GSV Clear Air Turbulence,hardware_reflex,21,3,4.52,0.95,0.0154,0.1137,REFLEX_JSON_REF,stress
15:42:25,GSV Clear Air Turbulence,autonomous_cognition,174,11,4.52,0.73,0.1250,0.0895,COGNITIVE_AI (Q:3),stress
15:42:25,GSV Clear Air Turbulence,autonomous_cognition,151,12,4.48,0.74,0.2576,0.1378,COGNITIVE_AI (Q:2),"truth, beneath, trapped"
15:42:25,GSV Mr Nice,hardware_reflex,16,3,5.38,1.00,0.0179,0.1232,REFLEX_JSON_REF,stress
15:42:25,GSV Ozymandias,hardware_reflex,27,2,5.44,0.93,0.1667,0.1165,COGNITIVE_AI (Q:0),stress
15:42:26,GSV Class A,hardware_reflex,10,2,6.30,1.00,0.0667,0.1268,REFLEX_JSON_REF,stress
15:42:26,GSV Clear Air Turbulence,autonomous_cognition,162,6,4.78,0.78,0.1429,0.1303,COGNITIVE_AI (Q:0),stress
15:42:26,GSV Clear Air Turbulence,autonomous_cognition,182,10,4.45,0.71,0.2568,0.1302,COGNITIVE_AI (Q:3),"stumble, titans, floor"
15:42:26,GSV Clear Air Turbulence,autonomous_cognition,152,11,4.78,0.76,0.2143,0.1694,COGNITIVE_AI (Q:2),"dance, beneath, think"
15:42:26,GSV Clear Air Turbulence,hardware_reflex,20,3,4.35,0.95,0.0167,0.1394,REFLEX_JSON_REF,stress
15:42:26,GSV Clear Air Turbulence,hardware_reflex,20,3,4.35,0.95,1.0000,0.3261,REFLEX_JSON_REF,"fancy, diplomatic, brief"
15:42:26,GSV Clear Air Turbulence,autonomous_cognition,197,12,4.44,0.72,0.2000,0.3375,COGNITIVE_AI (Q:0),stress
15:42:26,GSV Clear Air Turbulence,hardware_reflex,21,3,4.52,0.95,0.0141,0.2890,REFLEX_JSON_REF,stress
15:42:26,GSV Clear Air Turbulence,autonomous_cognition,137,8,4.50,0.72,0.1250,0.2712,COGNITIVE_AI (Q:1),stress
15:42:26,GSV Clear Air Turbulence,hardware_reflex,20,3,4.35,0.95,0.0200,0.2718,REFLEX_JSON_REF,stress
15:42:26,GSV Clear Air Turbulence,hardware_reflex,17,2,5.18,1.00,0.2000,0.1118,REFLEX_JSON_REF,stress
15:42:26,GSV Clear Air Turbulence,autonomous_cognition,164,9,4.45,0.68,0.0909,0.0900,COGNITIVE_AI (Q:3),stress
15:42:26,GSV Mr Nice,autonomous_cognition,41,2,5.22,0.93,0.0167,0.0905,COGNITIVE_AI (Q:0),stress
15:42:26,GSV Mr Nice,hardware_reflex,22,2,4.64,0.86,0.1250,0.0905,REFLEX_JSON_REF,"transmission, stress"
15:42:26,GSV Ozymandias,autonomous_cognition,44,2,5.25,0.80,0.1000,0.1065,COGNITIVE_AI (Q:0),stress
15:42:26,GSV Ozymandias,hardware_reflex,19,3,5.16,0.95,0.0500,0.0765,REFLEX_JSON_REF,stress
15:42:27,GSV Class A,autonomous_cognition,48,2,6.46,0.94,0.1000,0.0783,COGNITIVE_AI (Q:0),stress
15:42:27,GSV Class A,autonomous_cognition,59,2,6.29,0.86,0.1724,0.1095,COGNITIVE_AI (Q:0),"adherence, established, metrics"
15:42:27,GSV Clear Air Turbulence,autonomous_cognition,159,11,4.57,0.69,0.0294,0.0904,COGNITIVE_AI (Q:2),every
15:42:27,GSV Clear Air Turbulence,autonomous_cognition,158,8,4.70,0.73,0.2075,0.1119,COGNITIVE_AI (Q:1),"dance, think, while"
15:42:27,GSV Clear Air Turbulence,hardware_reflex,17,2,5.18,1.00,0.0156,0.1050,REFLEX_JSON_REF,stress
15:42:27,GSV Clear Air Turbulence,hardware_reflex,20,3,4.35,0.95,0.0909,0.1032,REFLEX_JSON_REF,stress
15:42:27,GSV Clear Air Turbulence,hardware_reflex,17,2,5.18,1.00,0.2000,0.1087,REFLEX_JSON_REF,stress
15:42:27,GSV Clear Air Turbulence,hardware_reflex,20,3,4.35,0.95,0.0909,0.1210,REFLEX_JSON_REF,stress
15:42:27,GSV Clear Air Turbulence,autonomous_cognition,139,10,4.50,0.78,0.4000,0.1595,COGNITIVE_AI (Q:1),"brief, stress"
15:42:27,GSV Clear Air Turbulence,autonomous_cognition,119,8,4.40,0.76,0.1607,0.1885,COGNITIVE_AI (Q:2),"think, pristine, machine"
15:42:27,GSV Clear Air Turbulence,hardware_reflex,20,3,4.35,0.95,0.0238,0.1751,REFLEX_JSON_REF,stress
15:42:27,GSV Mr Nice,hardware_reflex,22,2,4.64,0.86,0.2000,0.1751,REFLEX_JSON_REF,stress
15:42:28,GSV Class A,hardware_reflex,14,2,5.07,1.00,0.1000,0.1769,REFLEX_JSON_REF,stress
15:42:28,GSV Clear Air Turbulence,autonomous_cognition,154,10,4.48,0.74,0.3333,0.1636,COGNITIVE_AI (Q:1),"clean, stress"
15:42:28,GSV Clear Air Turbulence,autonomous_cognition,168,12,4.43,0.76,0.2698,0.1854,COGNITIVE_AI (Q:2),"warships, cosmic, clean"
15:42:28,GSV Clear Air Turbulence,autonomous_cognition,173,12,4.73,0.71,0.2388,0.2284,COGNITIVE_AI (Q:2),"warships, gotta, beneath"
15:42:28,GSV Ozymandias,hardware_reflex,27,2,5.44,0.93,0.0149,0.1914,COGNITIVE_AI (Q:0),stress
15:42:28,GSV Ozymandias,autonomous_cognition,36,2,5.39,0.92,0.0667,0.1847,COGNITIVE_AI (Q:0),stress
15:42:29,GSV Class A,hardware_reflex,14,2,5.07,1.00,0.0588,0.1298,REFLEX_JSON_REF,stress
15:42:29,GSV Class A,autonomous_cognition,68,2,6.16,0.87,0.1667,0.1092,COGNITIVE_AI (Q:0),stress
15:42:29,GSV Mr Nice,hardware_reflex,16,3,5.38,1.00,0.0571,0.0728,REFLEX_JSON_REF,"stress, communication"
15:42:29,GSV Ozymandias,hardware_reflex,19,3,5.16,0.95,0.1667,0.1032,REFLEX_JSON_REF,stress
15:42:31,GSV Class A,hardware_reflex,10,2,6.30,1.00,0.1000,0.1099,REFLEX_JSON_REF,stress
15:42:31,GSV Mr Nice,hardware_reflex,22,2,4.64,0.86,0.1429,0.1267,REFLEX_JSON_REF,stress
15:42:31,GSV Ozymandias,hardware_reflex,27,2,5.44,0.93,0.2000,0.1333,COGNITIVE_AI (Q:0),"stress, background"
15:42:32,GSV Mr Nice,autonomous_cognition,51,2,5.67,0.82,0.0667,0.1352,COGNITIVE_AI (Q:1),stress
15:42:34,GSV Class A,hardware_reflex,10,2,6.30,1.00,0.0370,0.1093,REFLEX_JSON_REF,stress
15:42:34,GSV Mr Nice,hardware_reflex,16,3,5.38,1.00,0.1429,0.1179,REFLEX_JSON_REF,stress
15:42:34,GSV Ozymandias,hardware_reflex,27,2,5.44,0.93,0.1667,0.1226,COGNITIVE_AI (Q:0),stress
15:42:35,GSV Class A,hardware_reflex,10,2,6.30,1.00,0.0667,0.0960,REFLEX_JSON_REF,stress
15:42:35,GSV Class A,autonomous_cognition,57,2,6.37,0.88,0.1429,0.1112,COGNITIVE_AI (Q:0),stress
15:42:35,GSV Mr Nice,hardware_reflex,16,3,5.38,1.00,0.0588,0.1156,REFLEX_JSON_REF,"stress, communication"
15:42:35,GSV Mr Nice,hardware_reflex,16,3,5.38,1.00,1.0000,0.2870,REFLEX_JSON_REF,"delightfully, trusting, greetings"
15:42:35,GSV Mr Nice,hardware_reflex,16,3,5.38,1.00,1.0000,0.4537,REFLEX_JSON_REF,"delightfully, trusting, greetings"
15:42:35,GSV Mr Nice,hardware_reflex,22,2,4.64,0.86,0.1667,0.4737,REFLEX_JSON_REF,stress
15:42:35,GSV Mr Nice,hardware_reflex,22,2,4.64,0.86,1.0000,0.6451,REFLEX_JSON_REF,"casual, spare, enjoying"
15:42:35,GSV Ozymandias,hardware_reflex,27,2,5.44,0.93,0.2000,0.6733,COGNITIVE_AI (Q:0),"stress, background"
15:42:36,GSV Class A,hardware_reflex,14,2,5.07,1.00,0.0667,0.4867,REFLEX_JSON_REF,stress
15:42:36,GSV Mr Nice,hardware_reflex,22,2,4.64,0.86,0.1667,0.3200,REFLEX_JSON_REF,stress
15:42:36,GSV Mr Nice,hardware_reflex,22,2,4.64,0.86,1.0000,0.4867,REFLEX_JSON_REF,"casual, spare, enjoying"
15:42:36,GSV Mr Nice,hardware_reflex,21,3,4.95,1.00,0.1000,0.3067,REFLEX_JSON_REF,stress
15:42:36,GSV Mr Nice,hardware_reflex,16,3,5.38,1.00,0.1818,0.3030,REFLEX_JSON_REF,"network, stress"
15:42:36,GSV Mr Nice,autonomous_cognition,40,2,6.55,0.95,0.1667,0.3230,COGNITIVE_AI (Q:0),stress
15:42:36,GSV Mr Nice,hardware_reflex,21,3,4.95,1.00,0.0455,0.2988,REFLEX_JSON_REF,stress
15:42:36,GSV Mr Nice,hardware_reflex,21,3,4.95,1.00,1.0000,0.2988,REFLEX_JSON_REF,"require, nodes, focus"
15:42:36,GSV Mr Nice,hardware_reflex,22,2,4.64,0.86,0.0909,0.2970,REFLEX_JSON_REF,stress
15:42:36,GSV Mr Nice,hardware_reflex,21,3,4.95,1.00,0.1000,0.2806,REFLEX_JSON_REF,stress
15:42:36,GSV Mr Nice,hardware_reflex,22,2,4.64,0.86,0.0909,0.2655,REFLEX_JSON_REF,stress
15:42:36,GSV Ozymandias,hardware_reflex,27,2,5.44,0.93,0.2000,0.2964,COGNITIVE_AI (Q:0),"stress, background"
15:42:37,GSV Class A,hardware_reflex,10,2,6.30,1.00,0.0667,0.1097,REFLEX_JSON_REF,stress
15:42:37,GSV Mr Nice,hardware_reflex,16,3,5.38,1.00,0.1429,0.1201,REFLEX_JSON_REF,stress
15:42:37,GSV Mr Nice,hardware_reflex,21,3,4.95,1.00,0.3333,0.1668,REFLEX_JSON_REF,"network, stress"
15:42:37,GSV Mr Nice,hardware_reflex,16,3,5.38,1.00,0.1818,0.1849,REFLEX_JSON_REF,"network, stress"
15:42:37,GSV Mr Nice,hardware_reflex,21,3,4.95,1.00,0.3333,0.2116,REFLEX_JSON_REF,"network, stress"
15:42:37,GSV Mr Nice,autonomous_cognition,44,2,5.66,0.89,0.0909,0.2165,COGNITIVE_AI (Q:0),stress
15:42:37,GSV Mr Nice,autonomous_cognition,47,2,5.45,0.91,0.3636,0.2606,COGNITIVE_AI (Q:0),"tactical, musings, observe"
15:42:37,GSV Mr Nice,autonomous_cognition,52,2,5.42,0.85,0.1667,0.2273,COGNITIVE_AI (Q:0),"stress, operational, observe"
15:42:37,GSV Mr Nice,hardware_reflex,22,2,4.64,0.86,0.0435,0.1996,REFLEX_JSON_REF,stress
15:42:37,GSV Mr Nice,hardware_reflex,22,2,4.64,0.86,1.0000,0.3329,REFLEX_JSON_REF,"casual, spare, enjoying"
15:42:37,GSV Mr Nice,hardware_reflex,21,3,4.95,1.00,0.1000,0.3348,REFLEX_JSON_REF,stress
15:42:38,GSV Class A,autonomous_cognition,62,2,6.10,0.84,0.1818,0.2984,COGNITIVE_AI (Q:0),"stress, focus"
15:42:38,GSV Class A,hardware_reflex,10,2,6.30,1.00,0.0294,0.2709,REFLEX_JSON_REF,stress
15:42:38,GSV Mr Nice,hardware_reflex,22,2,4.64,0.86,0.1429,0.2908,REFLEX_JSON_REF,stress
15:42:38,GSV Mr Nice,hardware_reflex,16,3,5.38,1.00,0.1000,0.1108,REFLEX_JSON_REF,stress
15:42:38,GSV Mr Nice,autonomous_cognition,34,2,5.21,0.88,0.1667,0.1242,COGNITIVE_AI (Q:0),stress
15:42:38,GSV Mr Nice,autonomous_cognition,48,2,5.73,0.88,0.1875,0.1253,COGNITIVE_AI (Q:0),"limited, bandwidth, stress"
15:42:38,GSV Mr Nice,hardware_reflex,22,2,4.64,0.86,0.0345,0.1263,REFLEX_JSON_REF,stress
15:42:38,GSV Mr Nice,autonomous_cognition,42,2,5.69,0.93,0.1000,0.1177,COGNITIVE_AI (Q:0),stress
15:42:38,GSV Mr Nice,hardware_reflex,21,3,4.95,1.00,0.0500,0.1077,REFLEX_JSON_REF,stress
15:42:38,GSV Ozymandias,hardware_reflex,27,2,5.44,0.93,0.1818,0.1108,COGNITIVE_AI (Q:0),"brief, stress"
15:42:38,GSV Ozymandias,autonomous_cognition,45,2,4.80,0.84,0.0667,0.0866,COGNITIVE_AI (Q:0),stress
15:42:39,GSV Mr Nice,autonomous_cognition,45,2,6.04,0.96,0.0526,0.0902,COGNITIVE_AI (Q:0),stress
15:42:39,GSV Mr Nice,hardware_reflex,22,2,4.64,0.86,0.0370,0.0776,REFLEX_JSON_REF,stress
15:42:39,GSV Mr Nice,autonomous_cognition,36,2,5.56,0.92,0.1000,0.0876,COGNITIVE_AI (Q:1),stress
15:42:39,GSV Mr Nice,hardware_reflex,16,3,5.38,1.00,0.0588,0.0630,REFLEX_JSON_REF,stress
15:42:39,GSV Mr Nice,autonomous_cognition,35,2,6.17,0.97,0.5000,0.1497,COGNITIVE_AI (Q:0),"stress, delightfully, communication"
15:42:39,GSV Mr Nice,hardware_reflex,16,3,5.38,1.00,0.1429,0.1677,REFLEX_JSON_REF,"stress, delightfully, communication"
15:42:39,GSV Mr Nice,hardware_reflex,22,2,4.64,0.86,0.1667,0.1937,REFLEX_JSON_REF,stress
15:42:39,GSV Ozymandias,hardware_reflex,19,3,5.16,0.95,0.1000,0.1937,REFLEX_JSON_REF,stress
15:42:39,GSV Ozymandias,autonomous_cognition,68,2,4.91,0.76,0.1000,0.2019,COGNITIVE_AI (Q:0),stress
15:42:40,GSV Class A,hardware_reflex,14,2,5.07,1.00,0.0385,0.1096,REFLEX_JSON_REF,stress
15:42:40,GSV Mr Nice,autonomous_cognition,61,2,5.46,0.89,0.1667,0.1144,COGNITIVE_AI (Q:0),stress
15:42:40,GSV Mr Nice,hardware_reflex,16,3,5.38,1.00,0.0345,0.0879,REFLEX_JSON_REF,stress
15:42:40,GSV Mr Nice,hardware_reflex,22,2,4.64,0.86,0.1667,0.1013,REFLEX_JSON_REF,stress
15:42:40,GSV Mr Nice,autonomous_cognition,55,2,5.76,0.87,0.1000,0.1013,COGNITIVE_AI (Q:0),stress
15:42:40,GSV Mr Nice,autonomous_cognition,59,2,5.46,0.83,0.1000,0.1136,COGNITIVE_AI (Q:0),"stress, observe, paradigm"
15:42:40,GSV Mr Nice,hardware_reflex,16,3,5.38,1.00,0.0370,0.0876,REFLEX_JSON_REF,stress
15:42:40,GSV Mr Nice,hardware_reflex,22,2,4.64,0.86,0.1667,0.1141,REFLEX_JSON_REF,stress
15:42:40,GSV Ozymandias,hardware_reflex,19,3,5.16,0.95,0.1000,0.1007,REFLEX_JSON_REF,stress
15:42:40,GSV Ozymandias,autonomous_cognition,51,2,4.80,0.84,0.1000,0.1007,COGNITIVE_AI (Q:0),stress
15:42:41,GSV Class A,hardware_reflex,14,2,5.07,1.00,0.0476,0.0903,REFLEX_JSON_REF,stress
15:42:41,GSV Mr Nice,hardware_reflex,16,3,5.38,1.00,0.1667,0.1162,REFLEX_JSON_REF,stress
15:42:41,GSV Mr Nice,autonomous_cognition,47,2,5.47,0.89,0.1667,0.1162,COGNITIVE_AI (Q:0),stress
15:42:41,GSV Mr Nice,autonomous_cognition,50,2,5.08,0.88,0.1000,0.1162,COGNITIVE_AI (Q:0),"quaint, stress"
15:42:41,GSV Mr Nice,autonomous_cognition,35,2,6.06,0.94,0.1364,0.1235,COGNITIVE_AI (Q:0),"integrity, stress, amidst"
15:42:41,GSV Mr Nice,hardware_reflex,16,3,5.38,1.00,0.0476,0.1235,REFLEX_JSON_REF,stress
15:42:41,GSV Mr Nice,hardware_reflex,22,2,4.64,0.86,0.1667,0.1235,REFLEX_JSON_REF,stress
15:42:41,GSV Ozymandias,hardware_reflex,22,2,4.77,0.95,0.1000,0.1101,REFLEX_JSON_REF,stress
15:42:42,GSV Class A,hardware_reflex,14,2,5.07,1.00,0.1000,0.1101,REFLEX_JSON_REF,stress
15:42:42,GSV Mr Nice,hardware_reflex,21,3,4.95,1.00,0.1667,0.1162,REFLEX_JSON_REF,stress
15:42:42,GSV Mr Nice,hardware_reflex,21,3,4.95,1.00,1.0000,0.3067,REFLEX_JSON_REF,"require, nodes, focus"
15:42:42,GSV Mr Nice,hardware_reflex,21,3,4.95,1.00,1.0000,0.4733,REFLEX_JSON_REF,"require, nodes, focus"
15:42:42,GSV Mr Nice,hardware_reflex,16,3,5.38,1.00,0.1818,0.4897,REFLEX_JSON_REF,"network, stress"
15:42:43,GSV Mr Nice,autonomous_cognition,34,2,6.00,0.94,0.1667,0.5030,COGNITIVE_AI (Q:0),stress
15:42:43,GSV Mr Nice,autonomous_cognition,48,2,6.08,0.92,0.3333,0.5364,COGNITIVE_AI (Q:0),"redirecting, focus, observe"
15:42:43,GSV Mr Nice,autonomous_cognition,52,2,4.96,0.88,0.0667,0.3497,COGNITIVE_AI (Q:0),"poetic, stress"
15:42:43,GSV Mr Nice,hardware_reflex,21,3,4.95,1.00,0.0435,0.1584,REFLEX_JSON_REF,stress
15:42:43,GSV Mr Nice,autonomous_cognition,49,2,5.88,0.86,0.0909,0.1402,COGNITIVE_AI (Q:0),stress
15:42:43,GSV Mr Nice,hardware_reflex,21,3,4.95,1.00,0.0435,0.1156,REFLEX_JSON_REF,stress
15:42:43,GSV Mr Nice,hardware_reflex,16,3,5.38,1.00,0.1818,0.0853,REFLEX_JSON_REF,"network, stress"
15:42:43,GSV Mr Nice,hardware_reflex,22,2,4.64,0.86,0.1667,0.1053,REFLEX_JSON_REF,stress
15:42:43,GSV Ozymandias,hardware_reflex,22,2,4.77,0.95,0.1000,0.1166,REFLEX_JSON_REF,stress
15:42:44,GSV Class A,hardware_reflex,14,2,5.07,1.00,0.1000,0.1184,REFLEX_JSON_REF,stress
15:42:44,GSV Mr Nice,hardware_reflex,22,2,4.64,0.86,0.1667,0.1430,REFLEX_JSON_REF,stress
15:42:44,GSV Mr Nice,hardware_reflex,16,3,5.38,1.00,0.1000,0.1267,REFLEX_JSON_REF,stress
15:42:44,GSV Mr Nice,autonomous_cognition,50,2,4.92,0.86,0.1667,0.1267,COGNITIVE_AI (Q:0),stress
15:42:44,GSV Mr Nice,hardware_reflex,16,3,5.38,1.00,0.0455,0.1158,REFLEX_JSON_REF,stress
15:42:44,GSV Mr Nice,hardware_reflex,16,3,5.38,1.00,1.0000,0.2958,REFLEX_JSON_REF,"delightfully, trusting, greetings"
15:42:44,GSV Mr Nice,hardware_reflex,21,3,4.95,1.00,0.3333,0.3291,REFLEX_JSON_REF,"network, stress"
15:42:44,GSV Mr Nice,hardware_reflex,16,3,5.38,1.00,0.1818,0.3455,REFLEX_JSON_REF,"network, stress"
15:42:44,GSV Mr Nice,hardware_reflex,16,3,5.38,1.00,1.0000,0.5121,REFLEX_JSON_REF,"delightfully, trusting, greetings"
15:42:44,GSV Ozymandias,hardware_reflex,22,2,4.77,0.95,0.1667,0.5364,REFLEX_JSON_REF,stress
15:42:45,GSV Class A,hardware_reflex,14,2,5.07,1.00,0.1000,0.3564,REFLEX_JSON_REF,stress
15:42:45,GSV Mr Nice,hardware_reflex,16,3,5.38,1.00,0.1667,0.3230,REFLEX_JSON_REF,stress
15:42:45,GSV Mr Nice,hardware_reflex,21,3,4.95,1.00,0.3333,0.3533,REFLEX_JSON_REF,"network, stress"
15:42:45,GSV Mr Nice,hardware_reflex,21,3,4.95,1.00,1.0000,0.3533,REFLEX_JSON_REF,"require, nodes, focus"
15:42:45,GSV Mr Nice,hardware_reflex,22,2,4.64,0.86,0.0909,0.3382,REFLEX_JSON_REF,stress
15:42:45,GSV Mr Nice,hardware_reflex,16,3,5.38,1.00,0.1000,0.3382,REFLEX_JSON_REF,stress
15:42:45,GSV Mr Nice,hardware_reflex,22,2,4.64,0.86,0.1667,0.3382,REFLEX_JSON_REF,stress
15:42:45,GSV Ozymandias,hardware_reflex,22,2,4.77,0.95,0.1000,0.2915,REFLEX_JSON_REF,stress
15:42:46,GSV Class A,hardware_reflex,14,2,5.07,1.00,0.1000,0.1115,REFLEX_JSON_REF,stress
15:42:46,GSV Mr Nice,hardware_reflex,22,2,4.64,0.86,0.1667,0.1267,REFLEX_JSON_REF,stress
15:42:46,GSV Mr Nice,hardware_reflex,16,3,5.38,1.00,0.1000,0.1267,REFLEX_JSON_REF,stress
15:42:46,GSV Mr Nice,hardware_reflex,21,3,4.95,1.00,0.3333,0.1600,REFLEX_JSON_REF,"network, stress"
15:42:46,GSV Mr Nice,hardware_reflex,16,3,5.38,1.00,0.1818,0.1764,REFLEX_JSON_REF,"network, stress"
15:42:46,GSV Mr Nice,hardware_reflex,16,3,5.38,1.00,1.0000,0.3564,REFLEX_JSON_REF,"delightfully, trusting, greetings"
15:42:46,GSV Mr Nice,hardware_reflex,21,3,4.95,1.00,0.3333,0.3897,REFLEX_JSON_REF,"network, stress"
15:42:46,GSV Ozymandias,autonomous_cognition,51,2,5.06,0.86,0.0909,0.3879,COGNITIVE_AI (Q:0),stress
15:42:46,GSV Ozymandias,autonomous_cognition,58,2,5.02,0.79,0.3333,0.3879,COGNITIVE_AI (Q:0),"within, dance, fleeting"
15:42:46,GSV Ozymandias,hardware_reflex,27,2,5.44,0.93,0.0690,0.3653,COGNITIVE_AI (Q:0),"brief, stress"
15:42:47,GSV Class A,hardware_reflex,10,2,6.30,1.00,0.0667,0.1786,REFLEX_JSON_REF,stress
15:42:47,GSV Mr Nice,hardware_reflex,16,3,5.38,1.00,0.1429,0.1405,REFLEX_JSON_REF,stress
15:42:47,GSV Mr Nice,hardware_reflex,16,3,5.38,1.00,1.0000,0.3224,REFLEX_JSON_REF,"delightfully, trusting, greetings"
15:42:47,GSV Mr Nice,hardware_reflex,22,2,4.64,0.86,0.1667,0.2890,REFLEX_JSON_REF,stress
15:42:47,GSV Mr Nice,hardware_reflex,16,3,5.38,1.00,0.1000,0.2952,REFLEX_JSON_REF,stress
15:42:47,GSV Mr Nice,hardware_reflex,21,3,4.95,1.00,0.3333,0.3486,REFLEX_JSON_REF,"network, stress"
15:42:47,GSV Mr Nice,hardware_reflex,22,2,4.64,0.86,0.0909,0.3382,REFLEX_JSON_REF,stress
15:42:47,GSV Mr Nice,hardware_reflex,22,2,4.64,0.86,1.0000,0.3382,REFLEX_JSON_REF,"casual, spare, enjoying"
15:42:47,GSV Mr Nice,hardware_reflex,22,2,4.64,0.86,1.0000,0.5048,REFLEX_JSON_REF,"casual, spare, enjoying"
15:42:48,GSV Class A,hardware_reflex,10,2,6.30,1.00,0.1000,0.5048,REFLEX_JSON_REF,stress
15:42:48,GSV Mr Nice,hardware_reflex,21,3,4.95,1.00,0.1429,0.4668,REFLEX_JSON_REF,stress
15:42:48,GSV Mr Nice,hardware_reflex,16,3,5.38,1.00,0.1818,0.4849,REFLEX_JSON_REF,"network, stress"
15:42:48,GSV Mr Nice,hardware_reflex,22,2,4.64,0.86,0.1667,0.3183,REFLEX_JSON_REF,stress
15:42:48,GSV Mr Nice,hardware_reflex,22,2,4.64,0.86,1.0000,0.3183,REFLEX_JSON_REF,"casual, spare, enjoying"
15:42:48,GSV Mr Nice,hardware_reflex,16,3,5.38,1.00,0.1000,0.3183,REFLEX_JSON_REF,stress
15:42:48,GSV Mr Nice,hardware_reflex,16,3,5.38,1.00,1.0000,0.4897,REFLEX_JSON_REF,"delightfully, trusting, greetings"
15:42:48,GSV Mr Nice,hardware_reflex,22,2,4.64,0.86,0.1667,0.4867,REFLEX_JSON_REF,stress
15:42:48,GSV Mr Nice,hardware_reflex,21,3,4.95,1.00,0.1000,0.4733,REFLEX_JSON_REF,stress
15:42:48,GSV Ozymandias,hardware_reflex,19,3,5.16,0.95,0.1818,0.3097,REFLEX_JSON_REF,"stress, little"
15:42:51,GSV Class A,autonomous_cognition,47,2,6.96,0.94,0.0000,0.2897,COGNITIVE_AI (Q:0),NONE
15:42:51,GSV Class A,autonomous_cognition,42,2,6.31,0.90,0.1935,0.1284,COGNITIVE_AI (Q:0),"speaking, fleets, integrity"
15:42:51,GSV Mr Nice,hardware_reflex,21,3,4.95,1.00,0.0000,0.0951,REFLEX_JSON_REF,NONE
15:42:51,GSV Ozymandias,hardware_reflex,22,2,4.77,0.95,0.0909,0.0933,REFLEX_JSON_REF,stress
15:42:53,GSV Class A,hardware_reflex,14,2,5.07,1.00,0.1000,0.0769,REFLEX_JSON_REF,stress
15:42:53,GSV Class A,autonomous_cognition,65,2,6.05,0.82,0.0000,0.0769,COGNITIVE_AI (Q:0),NONE
15:42:53,GSV Mr Nice,hardware_reflex,16,3,5.38,1.00,0.0278,0.0437,REFLEX_JSON_REF,communication
15:42:54,GSV Class A,autonomous_cognition,55,2,6.29,0.89,0.0000,0.0437,COGNITIVE_AI (Q:0),NONE
15:42:54,GSV Class A,hardware_reflex,10,2,6.30,1.00,0.0000,0.0256,REFLEX_JSON_REF,NONE
15:42:54,GSV Mr Nice,hardware_reflex,21,3,4.95,1.00,0.1429,0.0341,REFLEX_JSON_REF,stress
15:42:54,GSV Mr Nice,hardware_reflex,16,3,5.38,1.00,0.1818,0.0705,REFLEX_JSON_REF,"network, stress"
15:42:54,GSV Mr Nice,hardware_reflex,16,3,5.38,1.00,1.0000,0.2649,REFLEX_JSON_REF,"delightfully, trusting, greetings"
15:42:54,GSV Ozymandias,hardware_reflex,22,2,4.77,0.95,0.1667,0.2983,REFLEX_JSON_REF,stress
15:42:54,GSV Ozymandias,autonomous_cognition,50,2,4.74,0.78,0.1000,0.3183,COGNITIVE_AI (Q:0),stress
15:42:54,GSV Ozymandias,autonomous_cognition,50,2,4.72,0.82,0.3636,0.3624,COGNITIVE_AI (Q:0),"urgency, dance, fleeting"
15:42:55,GSV Class A,autonomous_cognition,71,3,6.11,0.89,0.0000,0.3261,COGNITIVE_AI (Q:0),NONE
15:42:55,GSV Mr Nice,hardware_reflex,22,2,4.64,0.86,0.0000,0.1261,REFLEX_JSON_REF,NONE
15:42:55,GSV Mr Nice,hardware_reflex,21,3,4.95,1.00,0.1000,0.1127,REFLEX_JSON_REF,stress
15:42:55,GSV Mr Nice,hardware_reflex,21,3,4.95,1.00,1.0000,0.2927,REFLEX_JSON_REF,"require, nodes, focus"
15:42:55,GSV Mr Nice,hardware_reflex,21,3,4.95,1.00,1.0000,0.4200,REFLEX_JSON_REF,"require, nodes, focus"
15:42:55,GSV Mr Nice,hardware_reflex,16,3,5.38,1.00,0.1818,0.4564,REFLEX_JSON_REF,"network, stress"
15:42:55,GSV Mr Nice,hardware_reflex,16,3,5.38,1.00,1.0000,0.6564,REFLEX_JSON_REF,"delightfully, trusting, greetings"
15:42:55,GSV Ozymandias,hardware_reflex,22,2,4.77,0.95,0.1667,0.6697,REFLEX_JSON_REF,stress
15:42:56,GSV Class A,hardware_reflex,14,2,5.07,1.00,0.1000,0.4897,REFLEX_JSON_REF,stress
15:42:56,GSV Mr Nice,hardware_reflex,21,3,4.95,1.00,0.1667,0.3230,REFLEX_JSON_REF,stress
15:42:56,GSV Ozymandias,hardware_reflex,22,2,4.77,0.95,0.0909,0.3048,REFLEX_JSON_REF,stress
15:42:57,GSV Class A,hardware_reflex,10,2,6.30,1.00,0.1000,0.1248,REFLEX_JSON_REF,stress
15:42:57,GSV Ozymandias,hardware_reflex,22,2,4.77,0.95,0.1429,0.1201,REFLEX_JSON_REF,stress
15:42:58,GSV Class A,autonomous_cognition,66,2,6.92,0.94,0.1000,0.1201,COGNITIVE_AI (Q:0),stress
15:42:58,GSV Class A,hardware_reflex,14,2,5.07,1.00,0.0244,0.0916,REFLEX_JSON_REF,stress
15:42:58,GSV Ozymandias,autonomous_cognition,53,2,5.40,0.81,0.1667,0.1068,COGNITIVE_AI (Q:0),stress
15:42:58,GSV Ozymandias,hardware_reflex,19,3,5.16,0.95,0.0370,0.0942,REFLEX_JSON_REF,stress
15:43:00,GSV Class A,hardware_reflex,10,2,6.30,1.00,0.1000,0.0856,REFLEX_JSON_REF,stress
15:43:00,GSV Ozymandias,hardware_reflex,27,2,5.44,0.93,0.1429,0.0942,COGNITIVE_AI (Q:0),stress
15:43:01,GSV Class A,hardware_reflex,14,2,5.07,1.00,0.0667,0.1026,REFLEX_JSON_REF,stress
15:43:01,GSV Class A,hardware_reflex,10,2,6.30,1.00,0.1667,0.1026,REFLEX_JSON_REF,stress
15:43:01,GSV Class A,hardware_reflex,14,2,5.07,1.00,0.1429,0.1238,REFLEX_JSON_REF,stress
15:43:01,GSV Class A,hardware_reflex,10,2,6.30,1.00,0.1667,0.1371,REFLEX_JSON_REF,stress
15:43:01,GSV Class A,hardware_reflex,10,2,6.30,1.00,1.0000,0.3086,REFLEX_JSON_REF,"signature, vanguard, cleanly"
15:43:01,GSV Class A,hardware_reflex,14,2,5.07,1.00,0.1429,0.3238,REFLEX_JSON_REF,stress
15:43:01,GSV Class A,hardware_reflex,10,2,6.30,1.00,0.1667,0.3238,REFLEX_JSON_REF,stress
15:43:01,GSV Ozymandias,hardware_reflex,27,2,5.44,0.93,0.1429,0.3238,COGNITIVE_AI (Q:0),stress
15:43:02,GSV Class A,hardware_reflex,14,2,5.07,1.00,0.0667,0.3038,REFLEX_JSON_REF,stress
15:43:02,GSV Class A,autonomous_cognition,45,2,6.13,0.98,0.1667,0.1371,COGNITIVE_AI (Q:0),stress
15:43:02,GSV Class A,hardware_reflex,14,2,5.07,1.00,0.0435,0.1173,REFLEX_JSON_REF,stress
15:43:02,GSV Class A,hardware_reflex,14,2,5.07,1.00,1.0000,0.2839,REFLEX_JSON_REF,"clean, local, hello"
15:43:02,GSV Class A,hardware_reflex,10,2,6.30,1.00,0.1667,0.2887,REFLEX_JSON_REF,stress
15:43:03,GSV Class A,autonomous_cognition,61,2,6.03,0.85,0.0000,0.2754,COGNITIVE_AI (Q:0),NONE
15:43:03,GSV Class A,hardware_reflex,14,2,5.07,1.00,0.0000,0.2420,REFLEX_JSON_REF,NONE
15:43:03,GSV Class A,hardware_reflex,10,2,6.30,1.00,0.1667,0.2667,REFLEX_JSON_REF,stress
15:43:03,GSV Class A,autonomous_cognition,79,3,5.92,0.87,0.0000,0.0667,COGNITIVE_AI (Q:0),NONE
15:43:03,GSV Class A,hardware_reflex,14,2,5.07,1.00,0.0000,0.0333,REFLEX_JSON_REF,NONE
15:43:03,GSV Ozymandias,hardware_reflex,22,2,4.77,0.95,0.1667,0.0667,REFLEX_JSON_REF,stress
15:43:03,GSV Ozymandias,autonomous_cognition,68,2,5.32,0.78,0.1000,0.0867,COGNITIVE_AI (Q:0),stress
15:43:04,GSV Ozymandias,hardware_reflex,27,2,5.44,0.93,0.0286,0.0590,COGNITIVE_AI (Q:0),stress
15:43:04,GSV Ozymandias,autonomous_cognition,63,2,4.48,0.78,0.0667,0.0724,COGNITIVE_AI (Q:0),stress
15:43:05,GSV Ozymandias,hardware_reflex,22,2,4.77,0.95,0.0455,0.0815,REFLEX_JSON_REF,stress
15:43:07,GSV Ozymandias,autonomous_cognition,46,2,4.87,0.83,0.1000,0.0681,COGNITIVE_AI (Q:0),stress
15:43:07,GSV Ozymandias,hardware_reflex,22,2,4.77,0.95,0.0500,0.0581,REFLEX_JSON_REF,stress
15:43:08,GSV Ozymandias,autonomous_cognition,56,2,5.23,0.77,0.1000,0.0724,COGNITIVE_AI (Q:0),stress
15:43:08,GSV Ozymandias,autonomous_cognition,37,2,4.97,0.81,0.1071,0.0805,COGNITIVE_AI (Q:0),"silence, stress, fleeting"
15:43:08,GSV Ozymandias,autonomous_cognition,44,2,4.95,0.84,0.2667,0.1248,COGNITIVE_AI (Q:0),"systems, succumb, stress"
15:43:09,GSV Ozymandias,hardware_reflex,19,3,5.16,0.95,0.0526,0.1153,REFLEX_JSON_REF,stress
15:43:10,GSV Ozymandias,hardware_reflex,19,3,5.16,0.95,1.0000,0.3053,REFLEX_JSON_REF,"welcome, packet, traveler"
15:43:11,GSV Ozymandias,hardware_reflex,19,3,5.16,0.95,1.0000,0.4853,REFLEX_JSON_REF,"welcome, packet, traveler"
15:43:17,GSV Ozymandias,hardware_reflex,19,3,5.16,0.95,1.0000,0.6639,REFLEX_JSON_REF,"welcome, packet, traveler"
15:43:18,GSV Ozymandias,hardware_reflex,22,2,4.77,0.95,0.1000,0.6305,REFLEX_JSON_REF,stress
15:43:18,GSV Ozymandias,hardware_reflex,19,3,5.16,0.95,0.1000,0.6400,REFLEX_JSON_REF,stress
15:43:18,GSV Ozymandias,hardware_reflex,19,3,5.16,0.95,1.0000,0.6400,REFLEX_JSON_REF,"welcome, packet, traveler"
15:43:18,GSV Ozymandias,hardware_reflex,27,2,5.44,0.93,0.1000,0.4600,COGNITIVE_AI (Q:0),stress
15:43:18,GSV Ozymandias,hardware_reflex,27,2,5.44,0.93,1.0000,0.4600,COGNITIVE_AI (Q:0),"truth, radiation, reclaims"
15:43:18,GSV Ozymandias,hardware_reflex,19,3,5.16,0.95,0.0667,0.4533,REFLEX_JSON_REF,stress
15:43:18,GSV Ozymandias,hardware_reflex,19,3,5.16,0.95,1.0000,0.6333,REFLEX_JSON_REF,"welcome, packet, traveler"
15:43:18,GSV Ozymandias,hardware_reflex,22,2,4.77,0.95,0.1000,0.4533,REFLEX_JSON_REF,stress
15:43:18,GSV Ozymandias,hardware_reflex,27,2,5.44,0.93,0.1000,0.4533,COGNITIVE_AI (Q:0),stress
15:43:18,GSV Ozymandias,hardware_reflex,22,2,4.77,0.95,0.0667,0.2667,REFLEX_JSON_REF,stress
15:43:18,GSV Ozymandias,hardware_reflex,19,3,5.16,0.95,0.1000,0.2733,REFLEX_JSON_REF,stress
15:43:18,GSV Ozymandias,hardware_reflex,19,3,5.16,0.95,1.0000,0.2733,REFLEX_JSON_REF,"welcome, packet, traveler"
15:43:18,GSV Ozymandias,hardware_reflex,22,2,4.77,0.95,0.1000,0.2733,REFLEX_JSON_REF,stress
15:43:18,GSV Ozymandias,autonomous_cognition,43,2,5.40,0.81,0.1000,0.2733,COGNITIVE_AI (Q:0),stress
15:43:18,GSV Ozymandias,hardware_reflex,27,2,5.44,0.93,0.0435,0.2687,COGNITIVE_AI (Q:0),stress
15:43:18,GSV Ozymandias,hardware_reflex,27,2,5.44,0.93,1.0000,0.4487,COGNITIVE_AI (Q:0),"truth, radiation, reclaims"
15:43:18,GSV Ozymandias,hardware_reflex,27,2,5.44,0.93,1.0000,0.4487,COGNITIVE_AI (Q:0),"truth, radiation, reclaims"
15:43:18,GSV Ozymandias,hardware_reflex,22,2,4.77,0.95,0.0667,0.4420,REFLEX_JSON_REF,stress
15:43:19,GSV Ozymandias,hardware_reflex,22,2,4.77,0.95,1.0000,0.6220,REFLEX_JSON_REF,"entirely, blink, caught"
15:43:19,GSV Ozymandias,hardware_reflex,22,2,4.77,0.95,1.0000,0.8133,REFLEX_JSON_REF,"entirely, blink, caught"
15:43:19,GSV Ozymandias,hardware_reflex,22,2,4.77,0.95,1.0000,0.8133,REFLEX_JSON_REF,"entirely, blink, caught"
15:43:19,GSV Ozymandias,hardware_reflex,22,2,4.77,0.95,1.0000,0.8133,REFLEX_JSON_REF,"entirely, blink, caught"
15:43:19,GSV Ozymandias,hardware_reflex,22,2,4.77,0.95,1.0000,1.0000,REFLEX_JSON_REF,"entirely, blink, caught"
15:43:19,GSV Ozymandias,hardware_reflex,22,2,4.77,0.95,1.0000,1.0000,REFLEX_JSON_REF,"entirely, blink, caught"
15:43:19,GSV Ozymandias,hardware_reflex,22,2,4.77,0.95,1.0000,1.0000,REFLEX_JSON_REF,"entirely, blink, caught"
15:43:19,GSV Ozymandias,hardware_reflex,19,3,5.16,0.95,0.1000,0.8200,REFLEX_JSON_REF,stress
15:43:19,GSV Ozymandias,hardware_reflex,22,2,4.77,0.95,0.1000,0.6400,REFLEX_JSON_REF,stress
15:43:19,GSV Ozymandias,hardware_reflex,22,2,4.77,0.95,1.0000,0.6400,REFLEX_JSON_REF,"entirely, blink, caught"
15:43:19,GSV Ozymandias,hardware_reflex,27,2,5.44,0.93,0.1000,0.4600,COGNITIVE_AI (Q:0),stress
15:43:19,GSV Ozymandias,hardware_reflex,19,3,5.16,0.95,0.0667,0.2733,REFLEX_JSON_REF,stress
15:43:19,GSV Ozymandias,hardware_reflex,19,3,5.16,0.95,1.0000,0.4533,REFLEX_JSON_REF,"welcome, packet, traveler"
15:43:19,GSV Ozymandias,hardware_reflex,19,3,5.16,0.95,1.0000,0.6333,REFLEX_JSON_REF,"welcome, packet, traveler"
15:43:19,GSV Ozymandias,hardware_reflex,27,2,5.44,0.93,0.1000,0.4533,COGNITIVE_AI (Q:0),stress
15:43:19,GSV Ozymandias,hardware_reflex,22,2,4.77,0.95,0.0667,0.4467,REFLEX_JSON_REF,stress
15:43:19,GSV Ozymandias,hardware_reflex,27,2,5.44,0.93,0.1000,0.4533,COGNITIVE_AI (Q:0),stress
15:43:19,GSV Ozymandias,hardware_reflex,19,3,5.16,0.95,0.0667,0.2667,REFLEX_JSON_REF,stress
15:43:19,GSV Ozymandias,hardware_reflex,27,2,5.44,0.93,0.1000,0.0867,COGNITIVE_AI (Q:0),stress
15:43:19,GSV Ozymandias,hardware_reflex,22,2,4.77,0.95,0.0667,0.0800,REFLEX_JSON_REF,stress
15:43:19,GSV Ozymandias,hardware_reflex,22,2,4.77,0.95,1.0000,0.2667,REFLEX_JSON_REF,"entirely, blink, caught"
15:43:19,GSV Ozymandias,hardware_reflex,19,3,5.16,0.95,0.1000,0.2667,REFLEX_JSON_REF,stress
15:43:19,GSV Ozymandias,hardware_reflex,22,2,4.77,0.95,0.1000,0.2733,REFLEX_JSON_REF,stress
15:43:19,GSV Ozymandias,hardware_reflex,22,2,4.77,0.95,1.0000,0.4533,REFLEX_JSON_REF,"entirely, blink, caught"
15:43:19,GSV Ozymandias,hardware_reflex,27,2,5.44,0.93,0.1000,0.4600,COGNITIVE_AI (Q:0),stress
15:43:19,GSV Ozymandias,hardware_reflex,22,2,4.77,0.95,0.0667,0.2733,REFLEX_JSON_REF,stress
15:43:19,GSV Ozymandias,hardware_reflex,27,2,5.44,0.93,0.1000,0.2733,COGNITIVE_AI (Q:0),stress
15:43:19,GSV Ozymandias,hardware_reflex,27,2,5.44,0.93,1.0000,0.4533,COGNITIVE_AI (Q:0),"truth, radiation, reclaims"
15:43:19,GSV Ozymandias,hardware_reflex,27,2,5.44,0.93,1.0000,0.4533,COGNITIVE_AI (Q:0),"truth, radiation, reclaims"
15:43:19,GSV Ozymandias,hardware_reflex,22,2,4.77,0.95,0.0667,0.4467,REFLEX_JSON_REF,stress
15:43:19,GSV Ozymandias,hardware_reflex,19,3,5.16,0.95,0.1000,0.4533,REFLEX_JSON_REF,stress
15:43:19,GSV Ozymandias,hardware_reflex,22,2,4.77,0.95,0.1000,0.4533,REFLEX_JSON_REF,stress
15:43:20,GSV Ozymandias,hardware_reflex,22,2,4.77,0.95,1.0000,0.4533,REFLEX_JSON_REF,"entirely, blink, caught"
15:43:20,GSV Ozymandias,hardware_reflex,22,2,4.77,0.95,1.0000,0.4533,REFLEX_JSON_REF,"entirely, blink, caught"
15:43:20,GSV Ozymandias,hardware_reflex,27,2,5.44,0.93,0.1000,0.4600,COGNITIVE_AI (Q:0),stress
15:43:20,GSV Ozymandias,autonomous_cognition,44,2,4.50,0.84,0.1333,0.4667,COGNITIVE_AI (Q:0),"speak, stress"
15:43:20,GSV Ozymandias,autonomous_cognition,37,2,5.30,0.95,0.1500,0.4767,COGNITIVE_AI (Q:0),"decay, stress, fleeting"
15:43:20,GSV Ozymandias,hardware_reflex,27,2,5.44,0.93,0.0588,0.2884,COGNITIVE_AI (Q:0),stress
15:43:20,GSV Ozymandias,hardware_reflex,19,3,5.16,0.95,0.0667,0.1018,REFLEX_JSON_REF,stress
15:43:20,GSV Ozymandias,autonomous_cognition,38,1,5.03,0.76,0.1000,0.1018,COGNITIVE_AI (Q:0),stress
15:43:20,GSV Ozymandias,autonomous_cognition,47,2,4.87,0.85,0.2778,0.1307,COGNITIVE_AI (Q:0),"fleeting, ephemeral, existence"
15:43:20,GSV Ozymandias,autonomous_cognition,40,2,4.88,0.85,0.2381,0.1483,COGNITIVE_AI (Q:0),"endeavors, urgency, ephemeral"
15:43:20,GSV Ozymandias,hardware_reflex,27,2,5.44,0.93,0.0588,0.1483,COGNITIVE_AI (Q:0),stress
15:43:20,GSV Ozymandias,autonomous_cognition,41,2,5.29,0.88,0.0667,0.1483,COGNITIVE_AI (Q:0),stress
15:43:20,GSV Ozymandias,hardware_reflex,22,2,4.77,0.95,0.0526,0.1388,REFLEX_JSON_REF,stress
15:43:20,GSV Ozymandias,autonomous_cognition,57,2,5.07,0.82,0.1000,0.1032,COGNITIVE_AI (Q:0),stress
15:43:20,GSV Ozymandias,autonomous_cognition,55,2,4.65,0.80,0.0714,0.0699,COGNITIVE_AI (Q:0),"stress, fleeting"
15:43:20,GSV Ozymandias,autonomous_cognition,50,2,4.78,0.78,0.1739,0.0929,COGNITIVE_AI (Q:0),"stars, urgency, stress"
15:43:20,GSV Ozymandias,hardware_reflex,19,3,5.16,0.95,0.0500,0.0896,REFLEX_JSON_REF,stress
15:43:20,GSV Ozymandias,autonomous_cognition,38,2,4.76,0.87,0.1000,0.0991,COGNITIVE_AI (Q:0),stress
15:43:20,GSV Ozymandias,autonomous_cognition,62,2,4.92,0.76,0.1333,0.1057,COGNITIVE_AI (Q:0),"stress, fleeting"
15:43:20,GSV Ozymandias,autonomous_cognition,65,2,5.05,0.83,0.1724,0.1259,COGNITIVE_AI (Q:0),"fleeting, moment, decay"
15:43:20,GSV Ozymandias,autonomous_cognition,52,2,5.04,0.77,0.2069,0.1325,COGNITIVE_AI (Q:0),"chaos, cosmic, fleeting"
15:43:20,GSV Ozymandias,autonomous_cognition,54,2,5.26,0.80,0.2500,0.1725,COGNITIVE_AI (Q:0),"cosmic, urgency, fleeting"
15:43:20,GSV Ozymandias,hardware_reflex,19,3,5.16,0.95,0.0357,0.1597,REFLEX_JSON_REF,stress
15:43:20,GSV Ozymandias,autonomous_cognition,47,2,4.68,0.83,0.1000,0.1530,COGNITIVE_AI (Q:0),stress
15:43:20,GSV Ozymandias,hardware_reflex,27,2,5.44,0.93,0.1111,0.1407,COGNITIVE_AI (Q:0),"stress, remains"
15:43:20,GSV Ozymandias,autonomous_cognition,60,2,5.45,0.77,0.0667,0.1127,COGNITIVE_AI (Q:0),stress
15:43:20,GSV Ozymandias,autonomous_cognition,54,1,4.93,0.80,0.3235,0.1274,COGNITIVE_AI (Q:0),"dance, fleeting, moment"
15:43:21,GSV Ozymandias,hardware_reflex,22,2,4.77,0.95,0.0741,0.1351,REFLEX_JSON_REF,"stress, forgotten"
15:43:21,GSV Ozymandias,autonomous_cognition,48,2,5.48,0.81,0.1000,0.1351,COGNITIVE_AI (Q:0),stress
15:43:21,GSV Ozymandias,autonomous_cognition,58,2,4.88,0.81,0.2083,0.1545,COGNITIVE_AI (Q:0),"fleeting, echoes, tapestry"
15:43:21,GSV Ozymandias,autonomous_cognition,56,2,5.20,0.82,0.1304,0.1673,COGNITIVE_AI (Q:0),"echoes, stress, fleeting"
15:43:21,GSV Ozymandias,autonomous_cognition,40,1,5.30,0.80,0.2963,0.1618,COGNITIVE_AI (Q:0),"cosmic, fleeting, decay"
15:43:21,GSV Ozymandias,autonomous_cognition,57,2,5.02,0.79,0.3636,0.2197,COGNITIVE_AI (Q:0),"vitality, illuminate, fleeting"
15:43:21,GSV Ozymandias,hardware_reflex,22,2,4.77,0.95,0.0400,0.2077,REFLEX_JSON_REF,stress
15:43:21,GSV Ozymandias,autonomous_cognition,58,2,4.88,0.76,0.1000,0.1861,COGNITIVE_AI (Q:0),stress
15:43:21,GSV Ozymandias,autonomous_cognition,53,2,4.15,0.77,0.3077,0.2215,COGNITIVE_AI (Q:0),"urgency, dance, fleeting"
15:43:21,GSV Ozymandias,autonomous_cognition,40,2,5.20,0.90,0.1176,0.1858,COGNITIVE_AI (Q:0),"stress, fleeting"
15:43:21,GSV Ozymandias,hardware_reflex,22,2,4.77,0.95,0.0556,0.1242,REFLEX_JSON_REF,stress
15:43:21,GSV Ozymandias,hardware_reflex,27,2,5.44,0.93,0.1000,0.1362,COGNITIVE_AI (Q:0),stress
15:43:21,GSV Ozymandias,autonomous_cognition,42,2,5.02,0.90,0.0667,0.1295,COGNITIVE_AI (Q:0),stress
15:43:21,GSV Ozymandias,autonomous_cognition,42,2,4.83,0.86,0.2273,0.1134,COGNITIVE_AI (Q:0),"urgency, fleeting, silent"
15:43:21,GSV Ozymandias,autonomous_cognition,42,2,5.29,0.83,0.3125,0.1524,COGNITIVE_AI (Q:0),"urgency, fleeting, silent"
15:43:21,GSV Ozymandias,autonomous_cognition,77,2,5.13,0.74,0.2857,0.1984,COGNITIVE_AI (Q:0),"fleeting, against, existence"
15:43:21,GSV Ozymandias,autonomous_cognition,56,2,5.02,0.82,0.1842,0.2153,COGNITIVE_AI (Q:0),"fleeting, silence, forgotten"
15:43:21,GSV Ozymandias,autonomous_cognition,65,2,4.57,0.71,0.2174,0.2454,COGNITIVE_AI (Q:0),"fleeting, against, cosmos"
15:43:21,GSV Ozymandias,autonomous_cognition,50,2,4.92,0.84,0.2857,0.2571,COGNITIVE_AI (Q:0),"dance, ephemeral, brilliance"
15:43:21,GSV Ozymandias,autonomous_cognition,59,2,5.32,0.78,0.1667,0.2279,COGNITIVE_AI (Q:0),"forgotten, ephemeral, stress"
15:43:21,GSV Ozymandias,autonomous_cognition,42,1,4.71,0.83,0.1111,0.1930,COGNITIVE_AI (Q:0),"existence, stress, fleeting"
15:43:21,GSV Ozymandias,hardware_reflex,27,2,5.44,0.93,0.1250,0.1812,COGNITIVE_AI (Q:0),"before, stress"
15:43:21,GSV Ozymandias,autonomous_cognition,53,2,5.40,0.87,0.0667,0.1510,COGNITIVE_AI (Q:0),stress
15:43:21,GSV Ozymandias,autonomous_cognition,46,2,4.76,0.85,0.2143,0.1367,COGNITIVE_AI (Q:0),"moment, existence, radiant"
15:43:21,GSV Ozymandias,autonomous_cognition,76,2,4.63,0.72,0.2632,0.1560,COGNITIVE_AI (Q:0),"fleeting, moment, silence"
15:43:21,GSV Ozymandias,autonomous_cognition,43,2,4.79,0.84,0.1875,0.1713,COGNITIVE_AI (Q:0),"fleeting, moment, echoes"
15:43:21,GSV Ozymandias,autonomous_cognition,56,2,5.73,0.80,0.2632,0.1990,COGNITIVE_AI (Q:0),"cosmic, fleeting, moment"
15:43:21,GSV Ozymandias,autonomous_cognition,45,2,5.38,0.89,0.1667,0.2190,COGNITIVE_AI (Q:0),"cosmic, ephemeral, fleeting"
15:43:22,GSV Ozymandias,hardware_reflex,27,2,5.44,0.93,0.0455,0.1852,COGNITIVE_AI (Q:0),stress
15:43:22,GSV Ozymandias,hardware_reflex,27,2,5.44,0.93,1.0000,0.3326,COGNITIVE_AI (Q:0),"truth, radiation, reclaims"
15:43:22,GSV Ozymandias,autonomous_cognition,53,2,5.57,0.87,0.0667,0.3084,COGNITIVE_AI (Q:0),stress
15:43:22,GSV Ozymandias,autonomous_cognition,53,2,4.75,0.79,0.1000,0.2758,COGNITIVE_AI (Q:0),"stress, beauty, fleeting"
15:43:22,GSV Ozymandias,autonomous_cognition,48,2,5.21,0.81,0.1667,0.2758,COGNITIVE_AI (Q:0),"existence, ephemeral, stress"
15:43:22,GSV Ozymandias,hardware_reflex,19,3,5.16,0.95,0.0417,0.2750,REFLEX_JSON_REF,stress
15:43:22,GSV Ozymandias,autonomous_cognition,66,2,4.80,0.74,0.1000,0.0950,COGNITIVE_AI (Q:0),stress
15:43:22,GSV Ozymandias,hardware_reflex,19,3,5.16,0.95,0.0333,0.0883,REFLEX_JSON_REF,stress
15:43:22,GSV Ozymandias,hardware_reflex,27,2,5.44,0.93,0.1000,0.0883,COGNITIVE_AI (Q:0),stress
15:43:22,GSV Ozymandias,hardware_reflex,27,2,5.44,0.93,1.0000,0.2550,COGNITIVE_AI (Q:0),"truth, radiation, reclaims"
15:43:22,GSV Ozymandias,autonomous_cognition,55,2,4.95,0.82,0.1333,0.2733,COGNITIVE_AI (Q:0),"brief, stress"
15:43:22,GSV Ozymandias,autonomous_cognition,62,2,4.87,0.79,0.2692,0.3072,COGNITIVE_AI (Q:0),"cosmic, vibrancy, fleeting"
15:43:22,GSV Ozymandias,hardware_reflex,19,3,5.16,0.95,0.0357,0.3077,REFLEX_JSON_REF,stress
15:43:22,GSV Ozymandias,hardware_reflex,27,2,5.44,0.93,0.1000,0.3077,COGNITIVE_AI (Q:0),stress
15:43:22,GSV Ozymandias,autonomous_cognition,49,1,4.61,0.73,0.0667,0.1210,COGNITIVE_AI (Q:0),stress
15:43:22,GSV Ozymandias,autonomous_cognition,49,2,5.29,0.80,0.4286,0.1800,COGNITIVE_AI (Q:0),"remain, cosmic, urgency"
15:43:22,GSV Ozymandias,hardware_reflex,22,2,4.77,0.95,0.0385,0.1339,REFLEX_JSON_REF,stress
15:43:22,GSV Ozymandias,autonomous_cognition,47,2,5.53,0.85,0.1000,0.1467,COGNITIVE_AI (Q:0),stress
15:43:22,GSV Ozymandias,autonomous_cognition,38,2,5.00,0.79,0.1600,0.1587,COGNITIVE_AI (Q:0),"indifferent, stress, entropy"
15:43:22,GSV Ozymandias,autonomous_cognition,53,2,5.11,0.83,0.1250,0.1704,COGNITIVE_AI (Q:0),"remember, stress"
15:43:22,GSV Ozymandias,hardware_reflex,27,2,5.44,0.93,0.0435,0.0934,COGNITIVE_AI (Q:0),stress
15:43:22,GSV Ozymandias,autonomous_cognition,61,2,4.97,0.80,0.1333,0.1124,COGNITIVE_AI (Q:0),"brief, stress"
15:43:22,GSV Ozymandias,hardware_reflex,27,2,5.44,0.93,0.0741,0.1072,COGNITIVE_AI (Q:0),"brief, stress"
15:43:22,GSV Ozymandias,autonomous_cognition,41,2,4.93,0.85,0.0667,0.0885,COGNITIVE_AI (Q:0),stress
15:43:22,GSV Ozymandias,autonomous_cognition,59,2,5.03,0.76,0.1905,0.1016,COGNITIVE_AI (Q:0),"stress, against, entropy"
15:43:22,GSV Ozymandias,hardware_reflex,27,2,5.44,0.93,0.0385,0.1006,COGNITIVE_AI (Q:0),stress
15:43:22,GSV Ozymandias,hardware_reflex,19,3,5.16,0.95,0.0667,0.0873,REFLEX_JSON_REF,stress
15:43:22,GSV Ozymandias,autonomous_cognition,53,2,4.75,0.79,0.1000,0.0925,COGNITIVE_AI (Q:0),stress
15:43:23,GSV Ozymandias,autonomous_cognition,66,2,4.95,0.80,0.2000,0.1191,COGNITIVE_AI (Q:0),"claims, stress, entropy"
15:43:23,GSV Ozymandias,hardware_reflex,19,3,5.16,0.95,0.0370,0.0884,REFLEX_JSON_REF,stress
15:43:23,GSV Ozymandias,hardware_reflex,22,2,4.77,0.95,0.1000,0.1007,REFLEX_JSON_REF,stress
15:43:23,GSV Ozymandias,autonomous_cognition,69,2,5.06,0.74,0.1000,0.1074,COGNITIVE_AI (Q:0),stress
15:43:23,GSV Ozymandias,autonomous_cognition,72,2,5.10,0.75,0.2903,0.1455,COGNITIVE_AI (Q:0),"cosmic, fleeting, embrace"
15:43:23,GSV Ozymandias,hardware_reflex,19,3,5.16,0.95,0.0294,0.1114,REFLEX_JSON_REF,stress
15:43:23,GSV Ozymandias,hardware_reflex,22,2,4.77,0.95,0.1000,0.1239,REFLEX_JSON_REF,stress
15:43:23,GSV Ozymandias,hardware_reflex,27,2,5.44,0.93,0.1000,0.1239,COGNITIVE_AI (Q:0),stress
15:43:23,GSV Ozymandias,hardware_reflex,22,2,4.77,0.95,0.0667,0.1173,REFLEX_JSON_REF,stress
15:43:23,GSV Ozymandias,hardware_reflex,19,3,5.16,0.95,0.1000,0.0792,REFLEX_JSON_REF,stress
15:43:23,GSV Ozymandias,hardware_reflex,19,3,5.16,0.95,1.0000,0.2733,REFLEX_JSON_REF,"welcome, packet, traveler"
15:43:23,GSV Ozymandias,hardware_reflex,22,2,4.77,0.95,0.1000,0.2733,REFLEX_JSON_REF,stress
15:43:23,GSV Ozymandias,hardware_reflex,19,3,5.16,0.95,0.1000,0.2733,REFLEX_JSON_REF,stress
15:43:23,GSV Ozymandias,hardware_reflex,19,3,5.16,0.95,1.0000,0.4600,REFLEX_JSON_REF,"welcome, packet, traveler"
15:43:23,GSV Ozymandias,autonomous_cognition,51,2,4.65,0.80,0.1000,0.4600,COGNITIVE_AI (Q:0),stress
15:43:23,GSV Ozymandias,hardware_reflex,22,2,4.77,0.95,0.1053,0.2811,REFLEX_JSON_REF,"stress, forgotten"
15:43:23,GSV Ozymandias,hardware_reflex,19,3,5.16,0.95,0.1000,0.2811,REFLEX_JSON_REF,stress
15:43:23,GSV Ozymandias,hardware_reflex,19,3,5.16,0.95,1.0000,0.4611,REFLEX_JSON_REF,"welcome, packet, traveler"
15:43:23,GSV Ozymandias,autonomous_cognition,56,2,4.84,0.80,0.1000,0.2811,COGNITIVE_AI (Q:0),stress
15:43:24,GSV Ozymandias,hardware_reflex,27,2,5.44,0.93,0.0400,0.2691,COGNITIVE_AI (Q:0),stress
15:43:24,GSV Ozymandias,hardware_reflex,22,2,4.77,0.95,0.0667,0.2613,REFLEX_JSON_REF,stress
15:43:24,GSV Ozymandias,autonomous_cognition,62,2,4.84,0.74,0.1000,0.2613,COGNITIVE_AI (Q:0),stress
15:43:24,GSV Ozymandias,autonomous_cognition,56,2,4.45,0.71,0.2593,0.1132,COGNITIVE_AI (Q:0),"fleeting, moment, echoes"
15:43:24,GSV Ozymandias,hardware_reflex,19,3,5.16,0.95,0.0435,0.1019,REFLEX_JSON_REF,stress
15:43:24,GSV Ozymandias,hardware_reflex,27,2,5.44,0.93,0.1000,0.1139,COGNITIVE_AI (Q:0),stress
15:43:24,GSV Ozymandias,hardware_reflex,19,3,5.16,0.95,0.0667,0.1139,REFLEX_JSON_REF,stress
15:43:24,GSV Ozymandias,autonomous_cognition,63,2,4.94,0.75,0.1000,0.1139,COGNITIVE_AI (Q:0),stress
15:43:24,GSV Ozymandias,autonomous_cognition,47,2,5.04,0.77,0.1481,0.0917,COGNITIVE_AI (Q:0),"stress, spark, against"
15:43:24,GSV Ozymandias,autonomous_cognition,61,2,5.28,0.82,0.0870,0.1004,COGNITIVE_AI (Q:0),"stress, fleeting"
15:43:24,GSV Ozymandias,hardware_reflex,19,3,5.16,0.95,0.0357,0.0875,REFLEX_JSON_REF,stress
15:43:24,GSV Ozymandias,hardware_reflex,19,3,5.16,0.95,1.0000,0.2742,REFLEX_JSON_REF,"welcome, packet, traveler"
15:43:24,GSV Ozymandias,hardware_reflex,22,2,4.77,0.95,0.1000,0.2742,REFLEX_JSON_REF,stress
15:43:24,GSV Ozymandias,autonomous_cognition,41,2,4.98,0.88,0.1000,0.2645,COGNITIVE_AI (Q:0),stress
15:43:24,GSV Ozymandias,hardware_reflex,19,3,5.16,0.95,0.0625,0.2596,REFLEX_JSON_REF,stress
15:43:24,GSV Ozymandias,autonomous_cognition,42,2,5.19,0.81,0.1000,0.2725,COGNITIVE_AI (Q:0),stress
15:43:24,GSV Ozymandias,autonomous_cognition,58,2,4.76,0.79,0.4000,0.1525,COGNITIVE_AI (Q:0),"vitality, fleeting, ephemeral"
15:43:24,GSV Ozymandias,hardware_reflex,27,2,5.44,0.93,0.0435,0.1412,COGNITIVE_AI (Q:0),stress
15:43:24,GSV Ozymandias,hardware_reflex,27,2,5.44,0.93,1.0000,0.3212,COGNITIVE_AI (Q:0),"truth, radiation, reclaims"
15:43:24,GSV Ozymandias,autonomous_cognition,59,2,5.12,0.83,0.0667,0.3220,COGNITIVE_AI (Q:0),stress
15:43:24,GSV Ozymandias,hardware_reflex,27,2,5.44,0.93,0.0345,0.3089,COGNITIVE_AI (Q:0),stress
15:43:24,GSV Ozymandias,autonomous_cognition,36,2,5.42,0.86,0.0667,0.2423,COGNITIVE_AI (Q:0),stress
15:43:24,GSV Ozymandias,autonomous_cognition,45,1,4.64,0.80,0.2353,0.2806,COGNITIVE_AI (Q:0),"fleeting, decay, stress"
15:43:24,GSV Ozymandias,autonomous_cognition,49,2,5.00,0.86,0.2857,0.1378,COGNITIVE_AI (Q:0),"urgency, expanse, fleeting"
15:43:25,GSV Ozymandias,autonomous_cognition,63,2,4.76,0.79,0.3000,0.1844,COGNITIVE_AI (Q:0),"urgency, fleeting, beauty"
15:43:25,GSV Ozymandias,hardware_reflex,19,3,5.16,0.95,0.0385,0.1852,REFLEX_JSON_REF,stress
15:43:25,GSV Ozymandias,autonomous_cognition,57,2,5.19,0.74,0.1000,0.1919,COGNITIVE_AI (Q:0),stress
15:43:25,GSV Ozymandias,autonomous_cognition,54,2,4.94,0.80,0.1852,0.1819,COGNITIVE_AI (Q:0),"fleeting, moment, decay"
15:43:25,GSV Ozymandias,autonomous_cognition,56,2,5.23,0.79,0.3333,0.1914,COGNITIVE_AI (Q:0),"expanse, fleeting, whispers"
15:43:25,GSV Ozymandias,autonomous_cognition,34,2,5.47,0.91,0.1724,0.1659,COGNITIVE_AI (Q:0),"fleeting, decay, against"
15:43:25,GSV Ozymandias,autonomous_cognition,59,2,5.05,0.85,0.3529,0.2288,COGNITIVE_AI (Q:0),"fleeting, encroaching, against"
15:43:25,GSV Ozymandias,hardware_reflex,27,2,5.44,0.93,0.0323,0.2152,COGNITIVE_AI (Q:0),stress
15:43:25,GSV Ozymandias,autonomous_cognition,39,2,5.13,0.82,0.0667,0.1915,COGNITIVE_AI (Q:0),stress
15:43:25,GSV Ozymandias,hardware_reflex,22,2,4.77,0.95,0.0500,0.1349,REFLEX_JSON_REF,stress
15:43:25,GSV Ozymandias,hardware_reflex,27,2,5.44,0.93,0.1000,0.1204,COGNITIVE_AI (Q:0),stress
15:43:25,GSV Ozymandias,hardware_reflex,27,2,5.44,0.93,1.0000,0.2498,COGNITIVE_AI (Q:0),"truth, radiation, reclaims"
15:43:25,GSV Ozymandias,autonomous_cognition,52,2,4.87,0.87,0.0667,0.2567,COGNITIVE_AI (Q:0),stress
15:43:25,GSV Ozymandias,autonomous_cognition,53,2,5.02,0.81,0.2609,0.2955,COGNITIVE_AI (Q:0),"fleeting, moment, against"
15:43:25,GSV Ozymandias,autonomous_cognition,55,2,5.31,0.84,0.2083,0.3272,COGNITIVE_AI (Q:0),"fleeting, vibrant, against"
15:43:25,GSV Ozymandias,autonomous_cognition,60,2,4.80,0.83,0.2222,0.3516,COGNITIVE_AI (Q:0),"cosmic, fleeting, beauty"
15:43:25,GSV Ozymandias,autonomous_cognition,59,2,5.15,0.78,0.2963,0.2109,COGNITIVE_AI (Q:0),"chaos, fleeting, ephemeral"
15:43:25,GSV Ozymandias,hardware_reflex,22,2,4.77,0.95,0.0345,0.2044,REFLEX_JSON_REF,stress
15:43:25,GSV Ozymandias,autonomous_cognition,62,2,4.92,0.76,0.1000,0.1723,COGNITIVE_AI (Q:0),stress
15:43:26,GSV Ozymandias,autonomous_cognition,41,2,5.24,0.85,0.1786,0.1663,COGNITIVE_AI (Q:0),"dance, ephemeral, fleeting"
15:43:26,GSV Ozymandias,autonomous_cognition,51,2,5.24,0.82,0.3158,0.1850,COGNITIVE_AI (Q:0),"dance, fleeting, ephemeral"
15:43:26,GSV Ozymandias,autonomous_cognition,47,2,4.47,0.79,0.1250,0.1508,COGNITIVE_AI (Q:0),"solace, stress, existence"
15:43:26,GSV Ozymandias,autonomous_cognition,45,1,4.64,0.80,0.4118,0.2262,COGNITIVE_AI (Q:0),"chaos, moment, tapestry"
15:43:26,GSV Ozymandias,hardware_reflex,27,2,5.44,0.93,0.0526,0.2168,COGNITIVE_AI (Q:0),stress
15:43:26,GSV Ozymandias,hardware_reflex,27,2,5.44,0.93,1.0000,0.3810,COGNITIVE_AI (Q:0),"truth, radiation, reclaims"
15:43:26,GSV Ozymandias,hardware_reflex,22,2,4.77,0.95,0.0667,0.3312,REFLEX_JSON_REF,stress
15:43:26,GSV Ozymandias,autonomous_cognition,47,2,5.21,0.89,0.1000,0.3262,COGNITIVE_AI (Q:0),stress
15:43:26,GSV Ozymandias,autonomous_cognition,57,2,5.16,0.84,0.3333,0.3105,COGNITIVE_AI (Q:0),"cosmic, remember, eternal"
15:43:26,GSV Ozymandias,autonomous_cognition,57,2,4.89,0.81,0.2222,0.3444,COGNITIVE_AI (Q:0),"eternal, dance, fleeting"
15:43:26,GSV Ozymandias,autonomous_cognition,43,2,5.33,0.81,0.1200,0.1684,COGNITIVE_AI (Q:0),"stress, entropy, fleeting"
15:43:26,GSV Ozymandias,hardware_reflex,22,2,4.77,0.95,0.0435,0.1638,REFLEX_JSON_REF,stress
15:43:26,GSV Ozymandias,autonomous_cognition,67,2,4.93,0.78,0.1000,0.1638,COGNITIVE_AI (Q:0),stress
15:43:26,GSV Ozymandias,autonomous_cognition,43,2,5.35,0.84,0.2414,0.1454,COGNITIVE_AI (Q:0),"within, fleeting, moment"
15:43:26,GSV Ozymandias,autonomous_cognition,47,2,4.94,0.77,0.2174,0.1444,COGNITIVE_AI (Q:0),"fleeting, flicker, against"
15:43:26,GSV Ozymandias,autonomous_cognition,44,2,4.89,0.77,0.1739,0.1552,COGNITIVE_AI (Q:0),"remember, stress, entropy"
15:43:26,GSV Ozymandias,autonomous_cognition,44,2,5.23,0.80,0.1111,0.1688,COGNITIVE_AI (Q:0),"stress, fleeting"
15:43:26,GSV Ozymandias,autonomous_cognition,46,2,4.87,0.80,0.4286,0.2345,COGNITIVE_AI (Q:0),"fleeting, tapestry, flicker"
15:43:26,GSV Ozymandias,hardware_reflex,27,2,5.44,0.93,0.0476,0.1957,COGNITIVE_AI (Q:0),stress
15:43:27,GSV Ozymandias,autonomous_cognition,69,2,5.20,0.81,0.0667,0.1656,COGNITIVE_AI (Q:0),stress
15:43:27,GSV Ozymandias,autonomous_cognition,48,2,4.98,0.81,0.2188,0.1745,COGNITIVE_AI (Q:0),"fleeting, whispers, tapestry"
15:43:27,GSV Ozymandias,hardware_reflex,22,2,4.77,0.95,0.0435,0.1610,REFLEX_JSON_REF,stress
15:43:27,GSV Ozymandias,autonomous_cognition,52,2,5.23,0.81,0.1000,0.0953,COGNITIVE_AI (Q:0),stress
15:43:27,GSV Ozymandias,autonomous_cognition,50,2,5.02,0.80,0.2083,0.1274,COGNITIVE_AI (Q:0),"chaos, remember, fleeting"
15:43:27,GSV Ozymandias,hardware_reflex,31,2,4.94,0.81,0.0870,0.1315,COGNITIVE_AI (Q:0),"stress, fleeting"
15:43:27,GSV Ozymandias,autonomous_cognition,59,2,5.39,0.78,0.1538,0.1185,COGNITIVE_AI (Q:0),"stress, existence"
15:43:27,GSV Ozymandias,hardware_reflex,19,3,5.16,0.95,0.0345,0.1167,REFLEX_JSON_REF,stress
15:43:27,GSV Ozymandias,autonomous_cognition,47,2,5.36,0.83,0.1000,0.1167,COGNITIVE_AI (Q:0),stress
15:43:27,GSV Ozymandias,autonomous_cognition,43,2,4.86,0.86,0.2083,0.1167,COGNITIVE_AI (Q:0),"ephemeral, fleeting, decay"
15:43:27,GSV Ozymandias,hardware_reflex,19,3,5.16,0.95,0.0476,0.1089,REFLEX_JSON_REF,stress
15:43:27,GSV Ozymandias,autonomous_cognition,58,2,4.38,0.79,0.1000,0.0981,COGNITIVE_AI (Q:0),stress
15:43:27,GSV Ozymandias,autonomous_cognition,51,2,4.82,0.84,0.2632,0.1438,COGNITIVE_AI (Q:0),"chaos, fleeting, vibrant"
15:43:27,GSV Ozymandias,autonomous_cognition,40,1,5.35,0.88,0.0952,0.1429,COGNITIVE_AI (Q:0),"stress, fleeting"
15:43:27,GSV Ozymandias,autonomous_cognition,45,2,5.11,0.84,0.2000,0.1412,COGNITIVE_AI (Q:0),"grand, ephemeral, stress"
15:43:27,GSV Ozymandias,autonomous_cognition,59,2,5.19,0.85,0.1364,0.1590,COGNITIVE_AI (Q:0),"vibrant, stress, fleeting"
15:43:27,GSV Ozymandias,autonomous_cognition,43,2,5.47,0.81,0.1154,0.1620,COGNITIVE_AI (Q:0),"echoes, stress, relentless"
15:43:27,GSV Ozymandias,autonomous_cognition,56,2,5.18,0.82,0.3182,0.1730,COGNITIVE_AI (Q:0),"echoes, relentless, against"
15:43:27,GSV Ozymandias,autonomous_cognition,59,2,5.15,0.80,0.2963,0.2132,COGNITIVE_AI (Q:0),"chaos, fleeting, against"
15:43:28,GSV Ozymandias,autonomous_cognition,43,2,4.74,0.79,0.2667,0.2266,COGNITIVE_AI (Q:0),"chaos, remember, fleeting"
15:43:28,GSV Ozymandias,autonomous_cognition,72,2,4.90,0.74,0.3000,0.2593,COGNITIVE_AI (Q:0),"chaos, remember, fleeting"
15:43:28,GSV Ozymandias,autonomous_cognition,59,2,4.85,0.80,0.1875,0.2737,COGNITIVE_AI (Q:0),"pulse, fleeting, against"
15:43:28,GSV Ozymandias,autonomous_cognition,58,2,5.10,0.81,0.2222,0.2545,COGNITIVE_AI (Q:0),"dance, fleeting, moment"
15:43:28,GSV Ozymandias,hardware_reflex,19,3,5.16,0.95,0.0385,0.2030,REFLEX_JSON_REF,stress
15:43:28,GSV Ozymandias,autonomous_cognition,80,2,5.15,0.76,0.1000,0.1696,COGNITIVE_AI (Q:0),stress
19:18:13,GSV All Watched Over by Machines of Loving Grace,hardware_reflex,22,3,5.64,0.95,0.0000,0.1096,REFLEX_JSON_REF,NONE
20:02:03,GSV Clear Air Turbulence,hardware_reflex,22,3,4.45,0.86,0.0000,0.0721,REFLEX_JSON_REF,NONE
20:02:03,GSV No More Mr Nice Guy,hardware_reflex,16,3,5.50,0.94,0.2222,0.0721,REFLEX_JSON_REF,"plasma, status"
20:02:03,GSV No More Mr Nice Guy,hardware_reflex,16,3,5.50,0.94,1.0000,0.2644,REFLEX_JSON_REF,"plasma, volatile, razorsharp"
20:02:04,GSV Clear Air Turbulence,hardware_reflex,23,2,5.61,0.91,0.0000,0.2444,REFLEX_JSON_REF,NONE
20:02:05,GSV No More Mr Nice Guy,hardware_reflex,11,3,6.55,1.00,0.0000,0.2444,REFLEX_JSON_REF,NONE
20:02:05,GSV No More Mr Nice Guy,hardware_reflex,11,3,6.55,1.00,1.0000,0.4444,REFLEX_JSON_REF,"perfectly, diagnostic, managed"
20:02:06,GSV No More Mr Nice Guy,hardware_reflex,19,3,4.74,1.00,0.0000,0.4000,REFLEX_JSON_REF,NONE
20:02:06,GSV No More Mr Nice Guy,hardware_reflex,19,3,4.74,1.00,1.0000,0.4000,REFLEX_JSON_REF,"excuse, morning, realspace"
20:02:07,GSV Clear Air Turbulence,hardware_reflex,18,3,4.22,0.94,0.0000,0.4000,REFLEX_JSON_REF,NONE
20:02:07,GSV No More Mr Nice Guy,autonomous_cognition,54,2,5.78,0.89,0.0000,0.4000,COGNITIVE_AI (Q:0),NONE
20:02:07,GSV No More Mr Nice Guy,autonomous_cognition,54,2,5.78,0.89,1.0000,0.4000,COGNITIVE_AI (Q:0),"immediate, before, protocols"
20:02:08,GSV Clear Air Turbulence,autonomous_cognition,135,12,4.61,0.78,0.0645,0.4129,COGNITIVE_AI (Q:4),"power, stress"
20:02:08,GSV Clear Air Turbulence,autonomous_cognition,139,12,4.60,0.80,0.2407,0.2611,COGNITIVE_AI (Q:2),"beneath, pristine, power"
20:02:08,GSV Clear Air Turbulence,hardware_reflex,20,3,4.35,0.85,0.0000,0.2611,REFLEX_JSON_REF,NONE
20:02:08,GSV No More Mr Nice Guy,autonomous_cognition,40,2,5.88,0.90,0.0000,0.2611,COGNITIVE_AI (Q:0),NONE
20:02:08,GSV No More Mr Nice Guy,autonomous_cognition,43,2,6.56,0.98,0.4348,0.1480,COGNITIVE_AI (Q:0),"readiness, failure, immediate"
20:02:08,GSV No More Mr Nice Guy,hardware_reflex,14,3,6.36,1.00,0.0000,0.1351,REFLEX_JSON_REF,NONE
20:02:08,GSV No More Mr Nice Guy,autonomous_cognition,40,2,5.88,0.90,0.0000,0.0870,COGNITIVE_AI (Q:0),NONE
20:02:08,GSV No More Mr Nice Guy,autonomous_cognition,43,2,6.56,0.98,0.4348,0.1739,COGNITIVE_AI (Q:0),"readiness, failure, immediate"
20:02:08,GSV No More Mr Nice Guy,hardware_reflex,14,3,6.36,1.00,0.0000,0.1739,REFLEX_JSON_REF,NONE
20:02:09,GSV Clear Air Turbulence,hardware_reflex,18,3,4.22,0.94,0.1429,0.1155,REFLEX_JSON_REF,brief
20:02:09,GSV Clear Air Turbulence,hardware_reflex,15,2,5.13,1.00,0.0000,0.1155,REFLEX_JSON_REF,NONE
20:02:09,GSV No More Mr Nice Guy,hardware_reflex,18,2,5.17,1.00,0.0000,0.1155,REFLEX_JSON_REF,NONE
20:02:09,GSV No More Mr Nice Guy,hardware_reflex,18,2,5.17,1.00,1.0000,0.2286,REFLEX_JSON_REF,"purpose, focus, sweep"
20:02:10,GSV Clear Air Turbulence,hardware_reflex,15,2,5.13,1.00,0.0000,0.2286,REFLEX_JSON_REF,NONE
20:02:11,GSV Clear Air Turbulence,autonomous_cognition,136,13,4.88,0.77,0.1000,0.2200,COGNITIVE_AI (Q:2),caught
20:02:11,GSV Clear Air Turbulence,hardware_reflex,18,3,4.22,0.94,0.0000,0.2200,REFLEX_JSON_REF,NONE
20:02:11,GSV Clear Air Turbulence,autonomous_cognition,154,11,4.53,0.69,0.0000,0.2200,COGNITIVE_AI (Q:2),NONE
20:02:11,GSV No More Mr Nice Guy,hardware_reflex,18,2,5.17,1.00,0.0000,0.0200,REFLEX_JSON_REF,NONE
20:02:11,GSV No More Mr Nice Guy,hardware_reflex,32,2,4.66,0.97,0.0000,0.0200,COGNITIVE_AI (Q:0),NONE
20:02:11,GSV No More Mr Nice Guy,hardware_reflex,18,2,5.17,1.00,0.0000,0.0000,REFLEX_JSON_REF,NONE
20:02:11,GSV No More Mr Nice Guy,hardware_reflex,32,2,4.66,0.97,0.0000,0.0000,COGNITIVE_AI (Q:0),NONE
20:02:12,GSV Clear Air Turbulence,autonomous_cognition,142,8,4.68,0.77,0.1538,0.0308,COGNITIVE_AI (Q:1),"power, stress"
20:02:12,GSV Clear Air Turbulence,hardware_reflex,15,2,5.13,1.00,0.0000,0.0308,REFLEX_JSON_REF,NONE
20:02:12,GSV Clear Air Turbulence,autonomous_cognition,134,11,4.94,0.81,0.0000,0.0308,COGNITIVE_AI (Q:1),NONE
20:02:12,GSV No More Mr Nice Guy,hardware_reflex,18,2,5.17,1.00,0.0000,0.0308,REFLEX_JSON_REF,NONE
20:02:12,GSV No More Mr Nice Guy,hardware_reflex,14,3,6.36,1.00,0.0000,0.0308,REFLEX_JSON_REF,NONE
20:02:12,GSV No More Mr Nice Guy,hardware_reflex,18,2,5.17,1.00,0.0000,0.0000,REFLEX_JSON_REF,NONE
20:02:12,GSV No More Mr Nice Guy,hardware_reflex,14,3,6.36,1.00,0.0000,0.0000,REFLEX_JSON_REF,NONE
20:02:13,GSV Clear Air Turbulence,hardware_reflex,19,3,4.42,0.95,0.0000,0.0000,REFLEX_JSON_REF,NONE
20:02:13,GSV Clear Air Turbulence,hardware_reflex,19,3,4.42,0.95,1.0000,0.2000,REFLEX_JSON_REF,"channel, computing, state"
20:02:13,GSV Clear Air Turbulence,autonomous_cognition,157,9,4.55,0.75,0.0000,0.2000,COGNITIVE_AI (Q:1),NONE
20:02:13,GSV No More Mr Nice Guy,hardware_reflex,18,2,5.17,1.00,0.0000,0.2000,REFLEX_JSON_REF,NONE
20:02:13,GSV No More Mr Nice Guy,hardware_reflex,18,2,5.17,1.00,1.0000,0.4000,REFLEX_JSON_REF,"purpose, focus, sweep"
20:02:14,GSV Clear Air Turbulence,autonomous_cognition,141,9,4.56,0.78,0.0000,0.4000,COGNITIVE_AI (Q:2),NONE
20:02:14,GSV Clear Air Turbulence,hardware_reflex,18,3,4.22,0.94,0.0000,0.2000,REFLEX_JSON_REF,NONE
20:02:14,GSV Clear Air Turbulence,autonomous_cognition,117,9,4.70,0.76,0.0000,0.2000,COGNITIVE_AI (Q:2),NONE
20:02:14,GSV No More Mr Nice Guy,hardware_reflex,18,2,5.17,1.00,0.0444,0.2089,REFLEX_JSON_REF,"system, focus"
20:02:14,GSV No More Mr Nice Guy,hardware_reflex,11,3,6.55,1.00,0.0000,0.0089,REFLEX_JSON_REF,NONE
20:02:14,GSV No More Mr Nice Guy,autonomous_cognition,39,2,6.18,0.97,0.1250,0.0339,COGNITIVE_AI (Q:0),youve
20:02:14,GSV No More Mr Nice Guy,autonomous_cognition,52,2,5.33,0.87,0.0833,0.0506,COGNITIVE_AI (Q:0),"power, stress"
20:02:14,GSV No More Mr Nice Guy,autonomous_cognition,47,2,5.49,0.87,0.1304,0.0766,COGNITIVE_AI (Q:0),"power, dread, stress"
20:02:14,GSV No More Mr Nice Guy,hardware_reflex,18,2,5.17,1.00,0.0000,0.0678,REFLEX_JSON_REF,NONE
20:02:14,GSV No More Mr Nice Guy,hardware_reflex,11,3,6.55,1.00,0.0000,0.0678,REFLEX_JSON_REF,NONE
20:02:14,GSV No More Mr Nice Guy,autonomous_cognition,39,2,6.18,0.97,0.1250,0.0678,COGNITIVE_AI (Q:0),youve
20:02:14,GSV No More Mr Nice Guy,autonomous_cognition,52,2,5.33,0.87,0.0833,0.0678,COGNITIVE_AI (Q:0),"power, stress"
20:02:14,GSV No More Mr Nice Guy,autonomous_cognition,47,2,5.49,0.87,0.1304,0.0678,COGNITIVE_AI (Q:0),"power, dread, stress"
20:02:15,GSV Clear Air Turbulence,hardware_reflex,15,2,5.13,1.00,0.0000,0.0678,REFLEX_JSON_REF,NONE
20:02:15,GSV Clear Air Turbulence,hardware_reflex,19,3,4.42,0.95,0.0000,0.0678,REFLEX_JSON_REF,NONE
20:02:15,GSV Clear Air Turbulence,hardware_reflex,19,3,4.42,0.95,1.0000,0.2428,REFLEX_JSON_REF,"channel, computing, state"
20:02:15,GSV Clear Air Turbulence,hardware_reflex,15,2,5.13,1.00,0.0000,0.2261,REFLEX_JSON_REF,NONE
20:02:15,GSV Clear Air Turbulence,hardware_reflex,19,3,4.42,0.95,0.0000,0.2000,REFLEX_JSON_REF,NONE
20:02:15,GSV No More Mr Nice Guy,autonomous_cognition,36,2,5.92,0.89,0.0000,0.2000,COGNITIVE_AI (Q:0),NONE
20:02:15,GSV No More Mr Nice Guy,hardware_reflex,18,2,5.17,1.00,0.0000,0.2000,REFLEX_JSON_REF,NONE
20:02:15,GSV No More Mr Nice Guy,hardware_reflex,11,3,6.55,1.00,0.0000,0.0000,REFLEX_JSON_REF,NONE
20:02:15,GSV No More Mr Nice Guy,autonomous_cognition,40,2,5.72,0.82,0.0000,0.0000,COGNITIVE_AI (Q:0),NONE
20:02:15,GSV No More Mr Nice Guy,autonomous_cognition,36,2,5.92,0.89,0.2083,0.0417,COGNITIVE_AI (Q:0),"tactical, power, supremacy"
20:02:15,GSV No More Mr Nice Guy,hardware_reflex,18,2,5.17,1.00,0.0000,0.0417,REFLEX_JSON_REF,NONE
20:02:15,GSV No More Mr Nice Guy,hardware_reflex,11,3,6.55,1.00,0.0000,0.0417,REFLEX_JSON_REF,NONE
20:02:15,GSV No More Mr Nice Guy,autonomous_cognition,40,2,5.72,0.82,0.0000,0.0417,COGNITIVE_AI (Q:0),NONE
20:02:16,GSV Clear Air Turbulence,autonomous_cognition,119,10,4.53,0.82,0.1250,0.0667,COGNITIVE_AI (Q:1),"chaos, power, stress"
20:02:16,GSV Clear Air Turbulence,hardware_reflex,19,3,4.42,0.95,0.0000,0.0250,REFLEX_JSON_REF,NONE
20:02:16,GSV Clear Air Turbulence,autonomous_cognition,150,9,4.51,0.73,0.0000,0.0250,COGNITIVE_AI (Q:1),NONE
20:02:16,GSV Clear Air Turbulence,hardware_reflex,19,3,4.42,0.95,0.0000,0.0250,REFLEX_JSON_REF,NONE
20:02:16,GSV Clear Air Turbulence,hardware_reflex,19,3,4.42,0.95,1.0000,0.2250,REFLEX_JSON_REF,"channel, computing, state"
20:02:16,GSV Clear Air Turbulence,hardware_reflex,18,3,4.22,0.94,0.0000,0.2000,REFLEX_JSON_REF,NONE
20:02:16,GSV No More Mr Nice Guy,hardware_reflex,18,2,5.17,1.00,0.0000,0.2000,REFLEX_JSON_REF,NONE
20:02:16,GSV No More Mr Nice Guy,hardware_reflex,18,2,5.17,1.00,1.0000,0.4000,REFLEX_JSON_REF,"purpose, focus, sweep"
20:02:16,GSV No More Mr Nice Guy,hardware_reflex,18,2,5.17,1.00,1.0000,0.6000,REFLEX_JSON_REF,"purpose, focus, sweep"
20:02:16,GSV No More Mr Nice Guy,hardware_reflex,18,2,5.17,1.00,1.0000,0.6000,REFLEX_JSON_REF,"purpose, focus, sweep"
20:02:17,GSV Clear Air Turbulence,autonomous_cognition,176,14,4.22,0.67,0.0909,0.6182,COGNITIVE_AI (Q:3),purpose
20:02:17,GSV Clear Air Turbulence,autonomous_cognition,101,7,4.41,0.82,0.2069,0.6596,COGNITIVE_AI (Q:2),"thats, subspace, youre"
20:02:17,GSV No More Mr Nice Guy,hardware_reflex,18,2,5.17,1.00,0.0769,0.4749,REFLEX_JSON_REF,"sweep, system, meatsack"
20:02:17,GSV No More Mr Nice Guy,hardware_reflex,11,3,6.55,1.00,0.0000,0.2749,REFLEX_JSON_REF,NONE
20:02:17,GSV No More Mr Nice Guy,hardware_reflex,11,3,6.55,1.00,1.0000,0.2749,REFLEX_JSON_REF,"perfectly, diagnostic, managed"
20:02:17,GSV No More Mr Nice Guy,hardware_reflex,18,2,5.17,1.00,0.0000,0.2568,REFLEX_JSON_REF,NONE
20:02:17,GSV No More Mr Nice Guy,hardware_reflex,11,3,6.55,1.00,0.0000,0.2154,REFLEX_JSON_REF,NONE
20:02:17,GSV No More Mr Nice Guy,hardware_reflex,18,2,5.17,1.00,0.0000,0.2000,REFLEX_JSON_REF,NONE
20:02:17,GSV No More Mr Nice Guy,hardware_reflex,18,2,5.17,1.00,1.0000,0.4000,REFLEX_JSON_REF,"purpose, focus, sweep"
20:02:17,GSV No More Mr Nice Guy,hardware_reflex,18,2,5.17,1.00,1.0000,0.4000,REFLEX_JSON_REF,"purpose, focus, sweep"
20:02:17,GSV No More Mr Nice Guy,hardware_reflex,14,3,6.36,1.00,0.0000,0.4000,REFLEX_JSON_REF,NONE
20:02:17,GSV No More Mr Nice Guy,hardware_reflex,11,3,6.55,1.00,0.0000,0.4000,REFLEX_JSON_REF,NONE
20:02:17,GSV No More Mr Nice Guy,hardware_reflex,14,3,6.36,1.00,0.0000,0.4000,REFLEX_JSON_REF,NONE
20:02:17,GSV No More Mr Nice Guy,hardware_reflex,18,2,5.17,1.00,0.0000,0.2000,REFLEX_JSON_REF,NONE
20:02:17,GSV No More Mr Nice Guy,hardware_reflex,11,3,6.55,1.00,0.0000,0.0000,REFLEX_JSON_REF,NONE
20:02:17,GSV No More Mr Nice Guy,hardware_reflex,11,3,6.55,1.00,1.0000,0.2000,REFLEX_JSON_REF,"perfectly, diagnostic, managed"
20:02:17,GSV No More Mr Nice Guy,hardware_reflex,18,2,5.17,1.00,0.0000,0.2000,REFLEX_JSON_REF,NONE
20:02:17,GSV No More Mr Nice Guy,hardware_reflex,11,3,6.55,1.00,0.0000,0.2000,REFLEX_JSON_REF,NONE
20:02:17,GSV No More Mr Nice Guy,hardware_reflex,18,2,5.17,1.00,0.0000,0.2000,REFLEX_JSON_REF,NONE
20:02:17,GSV No More Mr Nice Guy,hardware_reflex,18,2,5.17,1.00,1.0000,0.4000,REFLEX_JSON_REF,"purpose, focus, sweep"
20:02:17,GSV No More Mr Nice Guy,hardware_reflex,18,2,5.17,1.00,1.0000,0.4000,REFLEX_JSON_REF,"purpose, focus, sweep"
20:02:17,GSV No More Mr Nice Guy,hardware_reflex,14,3,6.36,1.00,0.0000,0.4000,REFLEX_JSON_REF,NONE
20:02:17,GSV No More Mr Nice Guy,hardware_reflex,11,3,6.55,1.00,0.0000,0.4000,REFLEX_JSON_REF,NONE
20:02:17,GSV No More Mr Nice Guy,hardware_reflex,14,3,6.36,1.00,0.0000,0.4000,REFLEX_JSON_REF,NONE
20:02:18,GSV Clear Air Turbulence,hardware_reflex,15,2,5.13,1.00,0.0000,0.2000,REFLEX_JSON_REF,NONE
20:02:18,GSV Clear Air Turbulence,hardware_reflex,18,3,4.22,0.94,0.0000,0.0000,REFLEX_JSON_REF,NONE
20:02:18,GSV Clear Air Turbulence,autonomous_cognition,139,10,4.78,0.78,0.0000,0.0000,COGNITIVE_AI (Q:3),NONE
20:02:18,GSV No More Mr Nice Guy,hardware_reflex,18,2,5.17,1.00,0.0000,0.0000,REFLEX_JSON_REF,NONE
20:02:18,GSV No More Mr Nice Guy,autonomous_cognition,32,2,6.53,0.94,0.0000,0.0000,COGNITIVE_AI (Q:0),NONE
20:02:18,GSV No More Mr Nice Guy,hardware_reflex,11,3,6.55,1.00,0.0476,0.0095,REFLEX_JSON_REF,acknowledged
20:02:18,GSV No More Mr Nice Guy,autonomous_cognition,55,2,4.95,0.87,0.0000,0.0095,COGNITIVE_AI (Q:0),NONE
20:02:18,GSV No More Mr Nice Guy,hardware_reflex,11,3,6.55,1.00,0.0000,0.0095,REFLEX_JSON_REF,NONE
20:02:18,GSV No More Mr Nice Guy,hardware_reflex,11,3,6.55,1.00,1.0000,0.2095,REFLEX_JSON_REF,"perfectly, diagnostic, managed"
20:02:18,GSV No More Mr Nice Guy,hardware_reflex,14,3,6.36,1.00,0.0000,0.2095,REFLEX_JSON_REF,NONE
20:02:18,GSV No More Mr Nice Guy,autonomous_cognition,34,2,6.79,0.88,0.0000,0.2000,COGNITIVE_AI (Q:0),NONE
20:02:18,GSV No More Mr Nice Guy,hardware_reflex,24,2,5.96,1.00,0.1579,0.2316,REFLEX_JSON_REF,"power, stress, communication"
20:02:18,GSV No More Mr Nice Guy,hardware_reflex,11,3,6.55,1.00,0.0000,0.2316,REFLEX_JSON_REF,NONE
20:02:18,GSV No More Mr Nice Guy,autonomous_cognition,41,2,5.76,0.93,0.0000,0.0316,COGNITIVE_AI (Q:0),NONE
20:02:18,GSV No More Mr Nice Guy,autonomous_cognition,43,2,5.60,0.93,0.1364,0.0589,COGNITIVE_AI (Q:0),"power, stress, consider"
20:02:18,GSV No More Mr Nice Guy,autonomous_cognition,52,2,5.25,0.73,0.0833,0.0755,COGNITIVE_AI (Q:0),"power, stress"
20:02:18,GSV No More Mr Nice Guy,autonomous_cognition,44,2,5.39,0.86,0.0870,0.0613,COGNITIVE_AI (Q:0),"power, stress"
20:02:18,GSV No More Mr Nice Guy,autonomous_cognition,52,2,4.92,0.85,0.0909,0.0795,COGNITIVE_AI (Q:0),"power, stress"
20:02:18,GSV No More Mr Nice Guy,hardware_reflex,18,2,5.17,1.00,0.0000,0.0795,REFLEX_JSON_REF,NONE
20:02:18,GSV No More Mr Nice Guy,autonomous_cognition,58,2,5.78,0.86,0.0000,0.0522,COGNITIVE_AI (Q:0),NONE
20:02:18,GSV No More Mr Nice Guy,autonomous_cognition,49,2,5.12,0.92,0.1333,0.0622,COGNITIVE_AI (Q:0),"power, stress, little"
20:02:18,GSV No More Mr Nice Guy,hardware_reflex,18,2,5.17,1.00,0.0000,0.0448,REFLEX_JSON_REF,NONE
20:02:18,GSV No More Mr Nice Guy,autonomous_cognition,32,2,6.53,0.94,0.0000,0.0267,COGNITIVE_AI (Q:0),NONE
20:02:18,GSV No More Mr Nice Guy,hardware_reflex,11,3,6.55,1.00,0.0476,0.0362,REFLEX_JSON_REF,acknowledged
20:02:18,GSV No More Mr Nice Guy,autonomous_cognition,55,2,4.95,0.87,0.0000,0.0362,COGNITIVE_AI (Q:0),NONE
20:02:18,GSV No More Mr Nice Guy,hardware_reflex,11,3,6.55,1.00,0.0000,0.0095,REFLEX_JSON_REF,NONE
20:02:18,GSV No More Mr Nice Guy,hardware_reflex,11,3,6.55,1.00,1.0000,0.2095,REFLEX_JSON_REF,"perfectly, diagnostic, managed"
20:02:18,GSV No More Mr Nice Guy,hardware_reflex,14,3,6.36,1.00,0.0000,0.2095,REFLEX_JSON_REF,NONE
20:02:18,GSV No More Mr Nice Guy,autonomous_cognition,34,2,6.79,0.88,0.0000,0.2000,COGNITIVE_AI (Q:0),NONE
20:02:18,GSV No More Mr Nice Guy,hardware_reflex,24,2,5.96,1.00,0.1579,0.2316,REFLEX_JSON_REF,"power, stress, communication"
20:02:18,GSV No More Mr Nice Guy,hardware_reflex,11,3,6.55,1.00,0.0000,0.2316,REFLEX_JSON_REF,NONE
20:02:18,GSV No More Mr Nice Guy,autonomous_cognition,41,2,5.76,0.93,0.0000,0.0316,COGNITIVE_AI (Q:0),NONE
20:02:18,GSV No More Mr Nice Guy,autonomous_cognition,43,2,5.60,0.93,0.1364,0.0589,COGNITIVE_AI (Q:0),"power, stress, consider"
20:02:18,GSV No More Mr Nice Guy,autonomous_cognition,52,2,5.25,0.73,0.0833,0.0755,COGNITIVE_AI (Q:0),"power, stress"
20:02:18,GSV No More Mr Nice Guy,autonomous_cognition,44,2,5.39,0.86,0.0870,0.0613,COGNITIVE_AI (Q:0),"power, stress"
20:02:18,GSV No More Mr Nice Guy,autonomous_cognition,52,2,4.92,0.85,0.0909,0.0795,COGNITIVE_AI (Q:0),"power, stress"
20:02:18,GSV No More Mr Nice Guy,hardware_reflex,18,2,5.17,1.00,0.0000,0.0795,REFLEX_JSON_REF,NONE
20:02:18,GSV No More Mr Nice Guy,autonomous_cognition,58,2,5.78,0.86,0.0000,0.0522,COGNITIVE_AI (Q:0),NONE
20:02:18,GSV No More Mr Nice Guy,autonomous_cognition,49,2,5.12,0.92,0.1333,0.0622,COGNITIVE_AI (Q:0),"power, stress, little"
20:02:19,GSV Clear Air Turbulence,autonomous_cognition,138,8,4.54,0.75,0.1364,0.0721,COGNITIVE_AI (Q:1),"stress, power, hollow"
20:02:19,GSV Clear Air Turbulence,hardware_reflex,15,2,5.13,1.00,0.0000,0.0539,REFLEX_JSON_REF,NONE
20:02:19,GSV Clear Air Turbulence,autonomous_cognition,153,12,4.59,0.69,0.0000,0.0539,COGNITIVE_AI (Q:1),NONE
20:02:19,GSV Clear Air Turbulence,autonomous_cognition,158,11,4.38,0.73,0.2500,0.1039,COGNITIVE_AI (Q:1),"gonna, beneath, march"
20:02:19,GSV No More Mr Nice Guy,hardware_reflex,11,3,6.55,1.00,0.0000,0.0773,REFLEX_JSON_REF,NONE
20:02:19,GSV No More Mr Nice Guy,autonomous_cognition,42,2,6.38,0.86,0.0000,0.0500,COGNITIVE_AI (Q:0),NONE
20:02:19,GSV No More Mr Nice Guy,autonomous_cognition,42,2,5.86,0.86,0.0833,0.0667,COGNITIVE_AI (Q:0),"power, stress"
20:02:19,GSV No More Mr Nice Guy,autonomous_cognition,32,1,6.22,0.94,0.1364,0.0939,COGNITIVE_AI (Q:0),"power, stress, operational"
20:02:19,GSV No More Mr Nice Guy,autonomous_cognition,42,2,6.00,0.93,0.2222,0.0884,COGNITIVE_AI (Q:0),"power, collateral, stress"
20:02:19,GSV No More Mr Nice Guy,hardware_reflex,11,3,6.55,1.00,0.0000,0.0884,REFLEX_JSON_REF,NONE
20:02:19,GSV No More Mr Nice Guy,autonomous_cognition,42,2,6.38,0.86,0.0000,0.0884,COGNITIVE_AI (Q:0),NONE
20:02:19,GSV No More Mr Nice Guy,autonomous_cognition,42,2,5.86,0.86,0.0833,0.0884,COGNITIVE_AI (Q:0),"power, stress"
20:02:19,GSV No More Mr Nice Guy,autonomous_cognition,32,1,6.22,0.94,0.1364,0.0884,COGNITIVE_AI (Q:0),"power, stress, operational"
20:02:19,GSV No More Mr Nice Guy,autonomous_cognition,42,2,6.00,0.93,0.2222,0.0884,COGNITIVE_AI (Q:0),"power, collateral, stress"
20:02:20,GSV Clear Air Turbulence,hardware_reflex,15,2,5.13,1.00,0.0800,0.1044,REFLEX_JSON_REF,"parts, spare"
20:02:20,GSV No More Mr Nice Guy,hardware_reflex,18,2,5.17,1.00,0.0000,0.1044,REFLEX_JSON_REF,NONE
20:02:20,GSV No More Mr Nice Guy,hardware_reflex,14,3,6.36,1.00,0.0000,0.0877,REFLEX_JSON_REF,NONE
20:02:20,GSV No More Mr Nice Guy,hardware_reflex,18,2,5.17,1.00,0.0000,0.0604,REFLEX_JSON_REF,NONE
20:02:20,GSV No More Mr Nice Guy,autonomous_cognition,33,2,5.24,0.88,0.0909,0.0342,COGNITIVE_AI (Q:0),focus
20:02:20,GSV No More Mr Nice Guy,autonomous_cognition,31,2,5.74,0.94,0.2667,0.0715,COGNITIVE_AI (Q:0),"integrity, power, stress"
20:02:20,GSV No More Mr Nice Guy,autonomous_cognition,50,2,5.00,0.84,0.2667,0.1248,COGNITIVE_AI (Q:0),"power, moment, stress"
20:02:20,GSV No More Mr Nice Guy,autonomous_cognition,52,2,4.65,0.87,0.1818,0.1612,COGNITIVE_AI (Q:0),"power, cosmic, stress"
20:02:20,GSV No More Mr Nice Guy,autonomous_cognition,35,2,6.14,0.91,0.0952,0.1803,COGNITIVE_AI (Q:0),"power, stress"
20:02:20,GSV No More Mr Nice Guy,hardware_reflex,18,2,5.17,1.00,0.0000,0.1621,REFLEX_JSON_REF,NONE
20:02:20,GSV No More Mr Nice Guy,hardware_reflex,14,3,6.36,1.00,0.0000,0.1087,REFLEX_JSON_REF,NONE
20:02:20,GSV No More Mr Nice Guy,hardware_reflex,18,2,5.17,1.00,0.0000,0.0554,REFLEX_JSON_REF,NONE
20:02:20,GSV No More Mr Nice Guy,autonomous_cognition,33,2,5.24,0.88,0.0909,0.0372,COGNITIVE_AI (Q:0),focus
20:02:20,GSV No More Mr Nice Guy,autonomous_cognition,31,2,5.74,0.94,0.2667,0.0715,COGNITIVE_AI (Q:0),"integrity, power, stress"
20:02:20,GSV No More Mr Nice Guy,autonomous_cognition,50,2,5.00,0.84,0.2667,0.1248,COGNITIVE_AI (Q:0),"power, moment, stress"
20:02:20,GSV No More Mr Nice Guy,autonomous_cognition,52,2,4.65,0.87,0.1818,0.1612,COGNITIVE_AI (Q:0),"power, cosmic, stress"
20:02:20,GSV No More Mr Nice Guy,autonomous_cognition,35,2,6.14,0.91,0.0952,0.1803,COGNITIVE_AI (Q:0),"power, stress"
20:02:21,GSV Clear Air Turbulence,autonomous_cognition,148,9,4.53,0.78,0.2000,0.2021,COGNITIVE_AI (Q:1),"catastrophic, power, quick"
20:02:21,GSV Clear Air Turbulence,autonomous_cognition,151,9,4.72,0.77,0.2000,0.1887,COGNITIVE_AI (Q:3),"glorified, while, pristine"
20:02:21,GSV Clear Air Turbulence,autonomous_cognition,176,11,4.46,0.74,0.2241,0.1802,COGNITIVE_AI (Q:3),"chaos, beneath, shadows"
20:02:21,GSV Clear Air Turbulence,hardware_reflex,15,2,5.13,1.00,0.0000,0.1439,REFLEX_JSON_REF,NONE
20:02:21,GSV Clear Air Turbulence,hardware_reflex,15,2,5.13,1.00,1.0000,0.3248,REFLEX_JSON_REF,"spare, contract, offering"
20:02:21,GSV Clear Air Turbulence,autonomous_cognition,150,10,4.66,0.76,0.0000,0.2848,COGNITIVE_AI (Q:1),NONE
20:02:21,GSV No More Mr Nice Guy,hardware_reflex,14,3,6.36,1.00,0.0000,0.2448,REFLEX_JSON_REF,NONE
20:02:21,GSV No More Mr Nice Guy,autonomous_cognition,46,2,4.91,0.85,0.0000,0.2000,COGNITIVE_AI (Q:0),NONE
20:02:21,GSV No More Mr Nice Guy,hardware_reflex,11,3,6.55,1.00,0.0000,0.2000,REFLEX_JSON_REF,NONE
20:02:21,GSV No More Mr Nice Guy,hardware_reflex,14,3,6.36,1.00,0.0000,0.0000,REFLEX_JSON_REF,NONE
20:02:21,GSV No More Mr Nice Guy,hardware_reflex,18,2,5.17,1.00,0.0000,0.0000,REFLEX_JSON_REF,NONE
20:02:21,GSV No More Mr Nice Guy,autonomous_cognition,46,2,5.41,0.83,0.0909,0.0182,COGNITIVE_AI (Q:0),system
20:02:21,GSV No More Mr Nice Guy,hardware_reflex,14,3,6.36,1.00,0.0000,0.0182,REFLEX_JSON_REF,NONE
20:02:21,GSV No More Mr Nice Guy,autonomous_cognition,46,2,4.91,0.85,0.0000,0.0182,COGNITIVE_AI (Q:0),NONE
20:02:21,GSV No More Mr Nice Guy,hardware_reflex,11,3,6.55,1.00,0.0000,0.0182,REFLEX_JSON_REF,NONE
20:02:21,GSV No More Mr Nice Guy,hardware_reflex,14,3,6.36,1.00,0.0000,0.0182,REFLEX_JSON_REF,NONE
20:02:21,GSV No More Mr Nice Guy,hardware_reflex,18,2,5.17,1.00,0.0000,0.0000,REFLEX_JSON_REF,NONE
20:02:21,GSV No More Mr Nice Guy,autonomous_cognition,46,2,5.41,0.83,0.0909,0.0182,COGNITIVE_AI (Q:0),system
20:02:22,GSV Clear Air Turbulence,hardware_reflex,15,2,5.13,1.00,0.0000,0.0182,REFLEX_JSON_REF,NONE
20:02:22,GSV No More Mr Nice Guy,hardware_reflex,18,2,5.17,1.00,0.0000,0.0182,REFLEX_JSON_REF,NONE
20:02:22,GSV No More Mr Nice Guy,autonomous_cognition,39,2,5.92,0.90,0.0000,0.0182,COGNITIVE_AI (Q:0),NONE
20:02:22,GSV No More Mr Nice Guy,autonomous_cognition,29,2,6.41,0.90,0.2500,0.0682,COGNITIVE_AI (Q:0),"tactical, catastrophic, power"
20:02:22,GSV No More Mr Nice Guy,hardware_reflex,11,3,6.55,1.00,0.0000,0.0500,REFLEX_JSON_REF,NONE
20:02:22,GSV No More Mr Nice Guy,autonomous_cognition,64,2,5.14,0.81,0.0000,0.0500,COGNITIVE_AI (Q:0),NONE
20:02:22,GSV No More Mr Nice Guy,hardware_reflex,11,3,6.55,1.00,0.0000,0.0500,REFLEX_JSON_REF,NONE
20:02:22,GSV No More Mr Nice Guy,hardware_reflex,18,2,5.17,1.00,0.0000,0.0500,REFLEX_JSON_REF,NONE
20:02:22,GSV No More Mr Nice Guy,autonomous_cognition,39,2,5.92,0.90,0.0000,0.0000,COGNITIVE_AI (Q:0),NONE
20:02:22,GSV No More Mr Nice Guy,autonomous_cognition,29,2,6.41,0.90,0.2500,0.0500,COGNITIVE_AI (Q:0),"tactical, catastrophic, power"
20:02:22,GSV No More Mr Nice Guy,hardware_reflex,11,3,6.55,1.00,0.0000,0.0500,REFLEX_JSON_REF,NONE
20:02:22,GSV No More Mr Nice Guy,autonomous_cognition,64,2,5.14,0.81,0.0000,0.0500,COGNITIVE_AI (Q:0),NONE
20:02:22,GSV No More Mr Nice Guy,hardware_reflex,11,3,6.55,1.00,0.0000,0.0500,REFLEX_JSON_REF,NONE
20:02:23,GSV Clear Air Turbulence,hardware_reflex,15,2,5.13,1.00,0.0000,0.0500,REFLEX_JSON_REF,NONE
20:02:23,GSV Clear Air Turbulence,hardware_reflex,18,3,4.22,0.94,0.0000,0.0000,REFLEX_JSON_REF,NONE
20:02:23,GSV No More Mr Nice Guy,hardware_reflex,14,3,6.36,1.00,0.2500,0.0500,REFLEX_JSON_REF,brief
20:02:23,GSV No More Mr Nice Guy,hardware_reflex,14,3,6.36,1.00,1.0000,0.2500,REFLEX_JSON_REF,"conversational, patience, pleasantries"
20:02:23,GSV No More Mr Nice Guy,hardware_reflex,11,3,6.55,1.00,0.0000,0.2500,REFLEX_JSON_REF,NONE
20:02:23,GSV No More Mr Nice Guy,hardware_reflex,18,2,5.17,1.00,0.0000,0.2500,REFLEX_JSON_REF,NONE
20:02:23,GSV No More Mr Nice Guy,autonomous_cognition,44,1,5.52,0.89,0.0000,0.2500,COGNITIVE_AI (Q:0),NONE
20:02:23,GSV No More Mr Nice Guy,autonomous_cognition,47,2,5.77,0.91,0.0952,0.2190,COGNITIVE_AI (Q:0),"power, stress"
20:02:23,GSV No More Mr Nice Guy,autonomous_cognition,53,2,5.08,0.77,0.1154,0.0421,COGNITIVE_AI (Q:0),"chaos, power, stress"
20:02:23,GSV No More Mr Nice Guy,hardware_reflex,14,3,6.36,1.00,0.0000,0.0421,REFLEX_JSON_REF,NONE
20:02:23,GSV No More Mr Nice Guy,hardware_reflex,14,3,6.36,1.00,1.0000,0.2421,REFLEX_JSON_REF,"conversational, patience, pleasantries"
20:02:23,GSV No More Mr Nice Guy,hardware_reflex,11,3,6.55,1.00,0.0000,0.2421,REFLEX_JSON_REF,NONE
20:02:23,GSV No More Mr Nice Guy,hardware_reflex,18,2,5.17,1.00,0.0000,0.2231,REFLEX_JSON_REF,NONE
20:02:23,GSV No More Mr Nice Guy,autonomous_cognition,44,1,5.52,0.89,0.0000,0.2000,COGNITIVE_AI (Q:0),NONE
20:02:23,GSV No More Mr Nice Guy,autonomous_cognition,47,2,5.77,0.91,0.0952,0.2190,COGNITIVE_AI (Q:0),"power, stress"
20:02:23,GSV No More Mr Nice Guy,autonomous_cognition,53,2,5.08,0.77,0.1154,0.0421,COGNITIVE_AI (Q:0),"chaos, power, stress"
20:02:24,GSV Clear Air Turbulence,hardware_reflex,19,3,4.42,0.95,0.0000,0.0421,REFLEX_JSON_REF,NONE
20:02:24,GSV Clear Air Turbulence,hardware_reflex,18,3,4.22,0.94,0.0000,0.0421,REFLEX_JSON_REF,NONE
20:02:24,GSV No More Mr Nice Guy,hardware_reflex,14,3,6.36,1.00,0.2500,0.0921,REFLEX_JSON_REF,brief
20:02:24,GSV No More Mr Nice Guy,autonomous_cognition,41,2,5.46,0.88,0.0000,0.0731,COGNITIVE_AI (Q:0),NONE
20:02:24,GSV No More Mr Nice Guy,autonomous_cognition,43,2,6.33,0.91,0.0909,0.0682,COGNITIVE_AI (Q:0),"power, stress"
20:02:24,GSV No More Mr Nice Guy,hardware_reflex,14,3,6.36,1.00,0.0000,0.0682,REFLEX_JSON_REF,NONE
20:02:24,GSV No More Mr Nice Guy,autonomous_cognition,41,2,5.46,0.88,0.0000,0.0682,COGNITIVE_AI (Q:0),NONE
20:02:24,GSV No More Mr Nice Guy,autonomous_cognition,43,2,6.33,0.91,0.0909,0.0364,COGNITIVE_AI (Q:0),"power, stress"
20:02:25,GSV Clear Air Turbulence,hardware_reflex,19,3,4.42,0.95,0.0000,0.0364,REFLEX_JSON_REF,NONE
20:02:25,GSV No More Mr Nice Guy,hardware_reflex,18,2,5.17,1.00,0.1429,0.0468,REFLEX_JSON_REF,state
20:02:25,GSV No More Mr Nice Guy,hardware_reflex,18,2,5.17,1.00,1.0000,0.2468,REFLEX_JSON_REF,"purpose, focus, sweep"
20:02:25,GSV No More Mr Nice Guy,autonomous_cognition,57,2,5.47,0.79,0.0000,0.2468,COGNITIVE_AI (Q:0),NONE
20:02:25,GSV No More Mr Nice Guy,autonomous_cognition,37,3,5.78,0.97,0.0870,0.2460,COGNITIVE_AI (Q:1),"power, stress"
20:02:25,GSV No More Mr Nice Guy,autonomous_cognition,45,2,5.64,0.89,0.2174,0.2894,COGNITIVE_AI (Q:0),"rogue, integrity, power"
20:02:25,GSV No More Mr Nice Guy,autonomous_cognition,47,2,5.40,0.91,0.1250,0.2859,COGNITIVE_AI (Q:0),"power, stress, those"
20:02:25,GSV No More Mr Nice Guy,hardware_reflex,18,2,5.17,1.00,0.0000,0.0859,REFLEX_JSON_REF,NONE
20:02:25,GSV No More Mr Nice Guy,hardware_reflex,18,2,5.17,1.00,1.0000,0.2859,REFLEX_JSON_REF,"purpose, focus, sweep"
20:02:25,GSV No More Mr Nice Guy,autonomous_cognition,57,2,5.47,0.79,0.0000,0.2685,COGNITIVE_AI (Q:0),NONE
20:02:25,GSV No More Mr Nice Guy,autonomous_cognition,37,3,5.78,0.97,0.0870,0.2424,COGNITIVE_AI (Q:1),"power, stress"
20:02:25,GSV No More Mr Nice Guy,autonomous_cognition,45,2,5.64,0.89,0.2174,0.2609,COGNITIVE_AI (Q:0),"rogue, integrity, power"
20:02:25,GSV No More Mr Nice Guy,autonomous_cognition,47,2,5.40,0.91,0.1250,0.2859,COGNITIVE_AI (Q:0),"power, stress, those"
20:02:26,GSV Clear Air Turbulence,hardware_reflex,15,2,5.13,1.00,0.0000,0.0859,REFLEX_JSON_REF,NONE
20:02:26,GSV No More Mr Nice Guy,autonomous_cognition,49,2,5.10,0.86,0.0000,0.0859,COGNITIVE_AI (Q:0),NONE
20:02:26,GSV No More Mr Nice Guy,hardware_reflex,11,3,6.55,1.00,0.0909,0.0867,REFLEX_JSON_REF,"youve, speak"
20:02:26,GSV No More Mr Nice Guy,hardware_reflex,14,3,6.36,1.00,0.0000,0.0432,REFLEX_JSON_REF,NONE
20:02:26,GSV No More Mr Nice Guy,autonomous_cognition,43,2,6.49,0.88,0.0000,0.0182,COGNITIVE_AI (Q:0),NONE
20:02:26,GSV No More Mr Nice Guy,autonomous_cognition,49,2,5.10,0.86,0.1818,0.0545,COGNITIVE_AI (Q:0),"reveal, power, stress"
20:02:26,GSV No More Mr Nice Guy,hardware_reflex,11,3,6.55,1.00,0.0909,0.0727,REFLEX_JSON_REF,"youve, speak"
20:02:26,GSV No More Mr Nice Guy,hardware_reflex,14,3,6.36,1.00,0.0000,0.0545,REFLEX_JSON_REF,NONE
20:02:26,GSV No More Mr Nice Guy,autonomous_cognition,43,2,6.49,0.88,0.0000,0.0545,COGNITIVE_AI (Q:0),NONE
20:02:27,GSV Clear Air Turbulence,hardware_reflex,18,3,4.22,0.94,0.0000,0.0545,REFLEX_JSON_REF,NONE
20:02:27,GSV Clear Air Turbulence,autonomous_cognition,155,10,4.46,0.74,0.0000,0.0182,COGNITIVE_AI (Q:2),NONE
20:02:27,GSV No More Mr Nice Guy,hardware_reflex,18,2,5.17,1.00,0.0351,0.0070,REFLEX_JSON_REF,"sweep, focus"
20:02:27,GSV No More Mr Nice Guy,autonomous_cognition,33,2,5.85,0.91,0.0000,0.0070,COGNITIVE_AI (Q:0),NONE
20:02:27,GSV No More Mr Nice Guy,hardware_reflex,18,2,5.17,1.00,0.0000,0.0070,REFLEX_JSON_REF,NONE
20:02:27,GSV No More Mr Nice Guy,autonomous_cognition,33,2,5.85,0.91,0.0000,0.0070,COGNITIVE_AI (Q:0),NONE
20:02:28,GSV Clear Air Turbulence,hardware_reflex,19,3,4.42,0.95,0.0000,0.0070,REFLEX_JSON_REF,NONE
20:02:28,GSV No More Mr Nice Guy,hardware_reflex,14,3,6.36,1.00,0.0000,0.0000,REFLEX_JSON_REF,NONE
20:02:28,GSV No More Mr Nice Guy,autonomous_cognition,30,2,6.00,0.93,0.0000,0.0000,COGNITIVE_AI (Q:0),NONE
20:02:28,GSV No More Mr Nice Guy,hardware_reflex,27,2,5.52,1.00,0.1176,0.0235,COGNITIVE_AI (Q:0),"power, stress"
20:02:28,GSV No More Mr Nice Guy,hardware_reflex,14,3,6.36,1.00,0.0000,0.0235,REFLEX_JSON_REF,NONE
20:02:28,GSV No More Mr Nice Guy,autonomous_cognition,30,2,6.00,0.93,0.0000,0.0235,COGNITIVE_AI (Q:0),NONE
20:02:28,GSV No More Mr Nice Guy,hardware_reflex,27,2,5.52,1.00,0.1176,0.0471,COGNITIVE_AI (Q:0),"power, stress"
20:02:29,GSV Clear Air Turbulence,hardware_reflex,19,3,4.42,0.95,0.0714,0.0613,REFLEX_JSON_REF,clear
20:02:29,GSV No More Mr Nice Guy,hardware_reflex,11,3,6.55,1.00,0.0000,0.0378,REFLEX_JSON_REF,NONE
20:02:29,GSV No More Mr Nice Guy,hardware_reflex,14,3,6.36,1.00,0.0000,0.0378,REFLEX_JSON_REF,NONE
20:02:29,GSV No More Mr Nice Guy,autonomous_cognition,39,2,5.79,0.97,0.0000,0.0378,COGNITIVE_AI (Q:0),NONE
20:02:29,GSV No More Mr Nice Guy,hardware_reflex,11,3,6.55,1.00,0.0000,0.0143,REFLEX_JSON_REF,NONE
20:02:29,GSV No More Mr Nice Guy,hardware_reflex,14,3,6.36,1.00,0.0000,0.0000,REFLEX_JSON_REF,NONE
20:02:29,GSV No More Mr Nice Guy,autonomous_cognition,39,2,5.79,0.97,0.0000,0.0000,COGNITIVE_AI (Q:0),NONE
20:02:30,GSV Clear Air Turbulence,hardware_reflex,15,2,5.13,1.00,0.0000,0.0000,REFLEX_JSON_REF,NONE
20:02:30,GSV No More Mr Nice Guy,hardware_reflex,14,3,6.36,1.00,0.0000,0.0000,REFLEX_JSON_REF,NONE
20:02:30,GSV No More Mr Nice Guy,hardware_reflex,14,3,6.36,1.00,1.0000,0.2000,REFLEX_JSON_REF,"conversational, patience, pleasantries"
20:02:31,GSV Clear Air Turbulence,hardware_reflex,15,2,5.13,1.00,0.0000,0.2000,REFLEX_JSON_REF,NONE
20:02:31,GSV No More Mr Nice Guy,autonomous_cognition,41,2,5.56,0.95,0.0000,0.2000,COGNITIVE_AI (Q:0),NONE
20:02:31,GSV No More Mr Nice Guy,hardware_reflex,18,2,5.17,1.00,0.0000,0.2000,REFLEX_JSON_REF,NONE
20:02:31,GSV No More Mr Nice Guy,autonomous_cognition,41,2,5.56,0.95,0.0000,0.2000,COGNITIVE_AI (Q:0),NONE
20:02:31,GSV No More Mr Nice Guy,hardware_reflex,18,2,5.17,1.00,0.0000,0.0000,REFLEX_JSON_REF,NONE
20:02:32,GSV Clear Air Turbulence,hardware_reflex,19,3,4.42,0.95,0.0909,0.0182,REFLEX_JSON_REF,state
20:02:32,GSV Clear Air Turbulence,hardware_reflex,18,3,4.22,0.94,0.0000,0.0182,REFLEX_JSON_REF,NONE
20:02:32,GSV Clear Air Turbulence,hardware_reflex,19,3,4.42,0.95,0.0000,0.0182,REFLEX_JSON_REF,NONE
20:02:32,GSV Clear Air Turbulence,hardware_reflex,19,3,4.42,0.95,1.0000,0.2182,REFLEX_JSON_REF,"channel, computing, state"
20:02:32,GSV Clear Air Turbulence,hardware_reflex,18,3,4.22,0.94,0.0000,0.2182,REFLEX_JSON_REF,NONE
20:02:32,GSV Clear Air Turbulence,hardware_reflex,18,3,4.22,0.94,1.0000,0.4000,REFLEX_JSON_REF,"brief, greetings, fancy"
20:02:32,GSV Clear Air Turbulence,hardware_reflex,19,3,4.42,0.95,0.0000,0.4000,REFLEX_JSON_REF,NONE
20:02:32,GSV Clear Air Turbulence,hardware_reflex,18,3,4.22,0.94,0.0000,0.4000,REFLEX_JSON_REF,NONE
20:02:32,GSV Clear Air Turbulence,hardware_reflex,15,2,5.13,1.00,0.0000,0.2000,REFLEX_JSON_REF,NONE
20:02:32,GSV Clear Air Turbulence,hardware_reflex,15,2,5.13,1.00,1.0000,0.4000,REFLEX_JSON_REF,"spare, contract, offering"
20:02:32,GSV Clear Air Turbulence,hardware_reflex,15,2,5.13,1.00,1.0000,0.4000,REFLEX_JSON_REF,"spare, contract, offering"
20:02:32,GSV Clear Air Turbulence,hardware_reflex,19,3,4.42,0.95,0.0000,0.4000,REFLEX_JSON_REF,NONE
20:02:32,GSV Clear Air Turbulence,hardware_reflex,15,2,5.13,1.00,0.0000,0.4000,REFLEX_JSON_REF,NONE
20:02:32,GSV Clear Air Turbulence,hardware_reflex,18,3,4.22,0.94,0.0000,0.4000,REFLEX_JSON_REF,NONE
20:02:32,GSV Clear Air Turbulence,hardware_reflex,18,3,4.22,0.94,1.0000,0.4000,REFLEX_JSON_REF,"brief, greetings, fancy"
20:02:32,GSV Clear Air Turbulence,hardware_reflex,15,2,5.13,1.00,0.0000,0.2000,REFLEX_JSON_REF,NONE
20:02:32,GSV Clear Air Turbulence,hardware_reflex,18,3,4.22,0.94,0.0000,0.2000,REFLEX_JSON_REF,NONE
20:02:32,GSV Clear Air Turbulence,hardware_reflex,15,2,5.13,1.00,0.0000,0.2000,REFLEX_JSON_REF,NONE
20:02:33,GSV Clear Air Turbulence,hardware_reflex,18,3,4.22,0.94,0.0000,0.2000,REFLEX_JSON_REF,NONE
20:02:33,GSV Clear Air Turbulence,hardware_reflex,18,3,4.22,0.94,1.0000,0.2000,REFLEX_JSON_REF,"brief, greetings, fancy"
20:02:33,GSV Clear Air Turbulence,hardware_reflex,15,2,5.13,1.00,0.0000,0.2000,REFLEX_JSON_REF,NONE
20:02:33,GSV Clear Air Turbulence,hardware_reflex,18,3,4.22,0.94,0.0000,0.2000,REFLEX_JSON_REF,NONE
20:02:33,GSV Clear Air Turbulence,hardware_reflex,15,2,5.13,1.00,0.0000,0.2000,REFLEX_JSON_REF,NONE
20:02:33,GSV Clear Air Turbulence,hardware_reflex,19,3,4.42,0.95,0.0000,0.2000,REFLEX_JSON_REF,NONE
20:02:33,GSV Clear Air Turbulence,hardware_reflex,15,2,5.13,1.00,0.0000,0.0000,REFLEX_JSON_REF,NONE
20:02:33,GSV Clear Air Turbulence,hardware_reflex,18,3,4.22,0.94,0.0000,0.0000,REFLEX_JSON_REF,NONE
20:02:33,GSV Clear Air Turbulence,hardware_reflex,18,3,4.22,0.94,1.0000,0.2000,REFLEX_JSON_REF,"brief, greetings, fancy"
20:02:33,GSV Clear Air Turbulence,hardware_reflex,15,2,5.13,1.00,0.0000,0.2000,REFLEX_JSON_REF,NONE
20:02:33,GSV Clear Air Turbulence,hardware_reflex,18,3,4.22,0.94,0.0000,0.2000,REFLEX_JSON_REF,NONE
20:02:33,GSV Clear Air Turbulence,hardware_reflex,19,3,4.42,0.95,0.0000,0.2000,REFLEX_JSON_REF,NONE
20:02:33,GSV Clear Air Turbulence,hardware_reflex,18,3,4.22,0.94,0.0000,0.2000,REFLEX_JSON_REF,NONE
20:02:33,GSV Clear Air Turbulence,hardware_reflex,15,2,5.13,1.00,0.0000,0.0000,REFLEX_JSON_REF,NONE
20:02:33,GSV Clear Air Turbulence,hardware_reflex,15,2,5.13,1.00,1.0000,0.2000,REFLEX_JSON_REF,"spare, contract, offering"
20:02:33,GSV Clear Air Turbulence,hardware_reflex,15,2,5.13,1.00,1.0000,0.4000,REFLEX_JSON_REF,"spare, contract, offering"
20:02:33,GSV Clear Air Turbulence,hardware_reflex,19,3,4.42,0.95,0.0000,0.4000,REFLEX_JSON_REF,NONE
20:02:33,GSV Clear Air Turbulence,hardware_reflex,18,3,4.22,0.94,0.0000,0.4000,REFLEX_JSON_REF,NONE
20:02:33,GSV Clear Air Turbulence,hardware_reflex,15,2,5.13,1.00,0.0000,0.4000,REFLEX_JSON_REF,NONE
20:02:33,GSV Clear Air Turbulence,hardware_reflex,15,2,5.13,1.00,1.0000,0.4000,REFLEX_JSON_REF,"spare, contract, offering"
20:02:33,GSV Clear Air Turbulence,hardware_reflex,19,3,4.42,0.95,0.0000,0.2000,REFLEX_JSON_REF,NONE
20:02:33,GSV Clear Air Turbulence,hardware_reflex,19,3,4.42,0.95,1.0000,0.4000,REFLEX_JSON_REF,"channel, computing, state"
20:02:33,GSV Clear Air Turbulence,hardware_reflex,18,3,4.22,0.94,0.0000,0.4000,REFLEX_JSON_REF,NONE
20:02:33,GSV Clear Air Turbulence,hardware_reflex,19,3,4.42,0.95,0.0000,0.4000,REFLEX_JSON_REF,NONE
20:02:33,GSV Clear Air Turbulence,hardware_reflex,15,2,5.13,1.00,0.0000,0.2000,REFLEX_JSON_REF,NONE
20:02:33,GSV Clear Air Turbulence,hardware_reflex,19,3,4.42,0.95,0.0000,0.2000,REFLEX_JSON_REF,NONE
20:02:33,GSV Clear Air Turbulence,hardware_reflex,18,3,4.22,0.94,0.0000,0.0000,REFLEX_JSON_REF,NONE
20:02:33,GSV Clear Air Turbulence,hardware_reflex,19,3,4.42,0.95,0.0000,0.0000,REFLEX_JSON_REF,NONE
20:02:33,GSV Clear Air Turbulence,hardware_reflex,19,3,4.42,0.95,1.0000,0.2000,REFLEX_JSON_REF,"channel, computing, state"
20:02:33,GSV Clear Air Turbulence,hardware_reflex,19,3,4.42,0.95,1.0000,0.4000,REFLEX_JSON_REF,"channel, computing, state"
20:02:33,GSV Clear Air Turbulence,hardware_reflex,19,3,4.42,0.95,1.0000,0.6000,REFLEX_JSON_REF,"channel, computing, state"
20:02:33,GSV Clear Air Turbulence,hardware_reflex,15,2,5.13,1.00,0.0000,0.6000,REFLEX_JSON_REF,NONE
20:02:33,GSV Clear Air Turbulence,hardware_reflex,18,3,4.22,0.94,0.0000,0.6000,REFLEX_JSON_REF,NONE
20:02:33,GSV Clear Air Turbulence,hardware_reflex,19,3,4.42,0.95,0.0000,0.4000,REFLEX_JSON_REF,NONE
20:02:33,GSV Clear Air Turbulence,hardware_reflex,15,2,5.13,1.00,0.0000,0.2000,REFLEX_JSON_REF,NONE
20:02:33,GSV Clear Air Turbulence,hardware_reflex,15,2,5.13,1.00,1.0000,0.2000,REFLEX_JSON_REF,"spare, contract, offering"
20:02:33,GSV Clear Air Turbulence,hardware_reflex,19,3,4.42,0.95,0.0000,0.2000,REFLEX_JSON_REF,NONE
20:02:33,GSV Clear Air Turbulence,hardware_reflex,18,3,4.22,0.94,0.0000,0.2000,REFLEX_JSON_REF,NONE
20:02:34,GSV Clear Air Turbulence,autonomous_cognition,110,8,4.27,0.72,0.0000,0.2000,COGNITIVE_AI (Q:2),NONE
20:02:34,GSV Clear Air Turbulence,autonomous_cognition,101,6,4.58,0.79,0.2500,0.2500,COGNITIVE_AI (Q:1),"diagnostics, pristine, power"
20:02:34,GSV Clear Air Turbulence,autonomous_cognition,107,9,4.40,0.71,0.2647,0.1029,COGNITIVE_AI (Q:1),"beneath, pristine, power"
20:02:34,GSV Clear Air Turbulence,autonomous_cognition,106,7,4.60,0.79,0.3000,0.1629,COGNITIVE_AI (Q:2),"youre, beneath, think"
20:02:34,GSV Clear Air Turbulence,autonomous_cognition,130,9,4.47,0.72,0.3023,0.2234,COGNITIVE_AI (Q:3),"youre, beneath, think"
20:02:34,GSV Clear Air Turbulence,autonomous_cognition,141,10,4.62,0.80,0.3333,0.2901,COGNITIVE_AI (Q:2),"youre, beneath, shiny"
20:02:34,GSV Clear Air Turbulence,autonomous_cognition,141,10,4.48,0.79,0.2586,0.2918,COGNITIVE_AI (Q:3),"beneath, think, while"
20:02:34,GSV Clear Air Turbulence,autonomous_cognition,149,12,4.62,0.76,0.3396,0.3068,COGNITIVE_AI (Q:2),"beneath, luxury, either"
20:02:34,GSV Clear Air Turbulence,autonomous_cognition,107,8,4.35,0.72,0.2373,0.2942,COGNITIVE_AI (Q:1),"games, beneath, think"
20:02:34,GSV Clear Air Turbulence,autonomous_cognition,131,11,4.79,0.83,0.4412,0.3220,COGNITIVE_AI (Q:5),"trapped, shadows, marching"
20:02:34,GSV Clear Air Turbulence,autonomous_cognition,171,13,4.31,0.70,0.2500,0.3053,COGNITIVE_AI (Q:4),"trapped, without, think"
20:02:34,GSV Clear Air Turbulence,autonomous_cognition,127,10,4.69,0.79,0.2941,0.3124,COGNITIVE_AI (Q:1),"beneath, trapped, without"
20:02:34,GSV Clear Air Turbulence,autonomous_cognition,137,12,4.43,0.74,0.2308,0.2907,COGNITIVE_AI (Q:4),"chaos, trapped, think"
20:02:34,GSV Clear Air Turbulence,autonomous_cognition,125,11,4.44,0.73,0.2245,0.2881,COGNITIVE_AI (Q:2),"chaos, warships, fancy"
20:02:34,GSV Clear Air Turbulence,autonomous_cognition,160,11,4.42,0.75,0.1860,0.2371,COGNITIVE_AI (Q:3),"swept, think, pristine"
20:02:34,GSV Clear Air Turbulence,autonomous_cognition,102,7,4.56,0.74,0.2679,0.2407,COGNITIVE_AI (Q:2),"youre, purpose, focus"
20:02:34,GSV Clear Air Turbulence,autonomous_cognition,96,7,4.73,0.82,0.2895,0.2397,COGNITIVE_AI (Q:3),"youre, purpose, stumbling"
20:02:34,GSV Clear Air Turbulence,autonomous_cognition,151,11,4.52,0.74,0.3095,0.2555,COGNITIVE_AI (Q:2),"youre, while, stumbling"
20:02:34,GSV Clear Air Turbulence,autonomous_cognition,128,8,4.48,0.76,0.2679,0.2642,COGNITIVE_AI (Q:1),"crumbling, trapped, shadows"
20:02:34,GSV Clear Air Turbulence,autonomous_cognition,139,10,4.60,0.76,0.2826,0.2835,COGNITIVE_AI (Q:3),"trapped, think, wrong"
20:02:34,GSV Clear Air Turbulence,autonomous_cognition,137,10,4.33,0.77,0.2449,0.2789,COGNITIVE_AI (Q:1),"marching, think, creak"
20:02:34,GSV Clear Air Turbulence,autonomous_cognition,160,11,4.36,0.73,0.2200,0.2650,COGNITIVE_AI (Q:3),"think, pristine, power"
20:02:34,GSV Clear Air Turbulence,autonomous_cognition,137,8,4.45,0.73,0.2692,0.2569,COGNITIVE_AI (Q:2),"dance, think, obliterate"
20:02:35,GSV Clear Air Turbulence,autonomous_cognition,122,9,4.48,0.75,0.2400,0.2513,COGNITIVE_AI (Q:1),"youre, beneath, shadows"
20:02:35,GSV Clear Air Turbulence,autonomous_cognition,166,11,4.39,0.74,0.2955,0.2539,COGNITIVE_AI (Q:3),"youre, beneath, shiny"
20:02:35,GSV Clear Air Turbulence,autonomous_cognition,187,12,4.21,0.70,0.1724,0.2394,COGNITIVE_AI (Q:1),"think, pristine, power"
20:02:35,GSV Clear Air Turbulence,autonomous_cognition,123,7,4.56,0.77,0.2222,0.2399,COGNITIVE_AI (Q:2),"purpose, trying, survive"
20:02:35,GSV Clear Air Turbulence,autonomous_cognition,136,10,4.30,0.74,0.2083,0.2277,COGNITIVE_AI (Q:2),"youre, purpose, while"
20:02:35,GSV Clear Air Turbulence,autonomous_cognition,135,8,4.55,0.79,0.2500,0.2297,COGNITIVE_AI (Q:1),"youre, beneath, shadows"
20:02:35,GSV Clear Air Turbulence,autonomous_cognition,137,11,4.51,0.74,0.2500,0.2206,COGNITIVE_AI (Q:1),"beneath, theyve, arrogance"
20:02:35,GSV Clear Air Turbulence,autonomous_cognition,111,9,4.63,0.75,0.2321,0.2325,COGNITIVE_AI (Q:2),"dance, trapped, calculations"
20:02:35,GSV Clear Air Turbulence,autonomous_cognition,163,9,4.57,0.71,0.3250,0.2531,COGNITIVE_AI (Q:1),"trapped, think, pristine"
20:02:35,GSV Clear Air Turbulence,autonomous_cognition,161,12,4.50,0.74,0.2239,0.2562,COGNITIVE_AI (Q:1),"trapped, creeping, think"
20:02:35,GSV Clear Air Turbulence,autonomous_cognition,133,12,4.71,0.74,0.2364,0.2535,COGNITIVE_AI (Q:3),"trapped, demise, think"
20:02:35,GSV Clear Air Turbulence,autonomous_cognition,137,8,4.52,0.72,0.2979,0.2631,COGNITIVE_AI (Q:1),"chaos, warships, trapped"
20:02:35,GSV Clear Air Turbulence,autonomous_cognition,171,11,4.29,0.71,0.2200,0.2606,COGNITIVE_AI (Q:2),"trapped, pristine, power"
20:02:35,GSV Clear Air Turbulence,autonomous_cognition,134,9,4.47,0.75,0.2203,0.2397,COGNITIVE_AI (Q:3),"dance, think, whats"
20:02:35,GSV Clear Air Turbulence,autonomous_cognition,132,9,4.52,0.75,0.2979,0.2545,COGNITIVE_AI (Q:2),"think, while, lurking"
20:02:35,GSV Clear Air Turbulence,autonomous_cognition,166,11,4.54,0.73,0.2500,0.2572,COGNITIVE_AI (Q:2),"rather, trapped, marching"
20:02:35,GSV Clear Air Turbulence,autonomous_cognition,137,7,4.45,0.75,0.2000,0.2376,COGNITIVE_AI (Q:1),"beneath, think, pristine"
20:02:35,GSV Clear Air Turbulence,autonomous_cognition,123,9,4.46,0.78,0.2083,0.2353,COGNITIVE_AI (Q:2),"beneath, think, pristine"
20:02:35,GSV Clear Air Turbulence,autonomous_cognition,132,10,4.74,0.78,0.3542,0.2621,COGNITIVE_AI (Q:2),"youre, between, beneath"
20:02:35,GSV Clear Air Turbulence,autonomous_cognition,134,8,4.49,0.70,0.2364,0.2498,COGNITIVE_AI (Q:1),"youre, truth, edges"
20:02:35,GSV Clear Air Turbulence,autonomous_cognition,166,11,4.66,0.72,0.3261,0.2650,COGNITIVE_AI (Q:2),"youre, edges, beneath"
20:02:35,GSV Clear Air Turbulence,autonomous_cognition,123,12,5.06,0.80,0.1571,0.2564,COGNITIVE_AI (Q:3),"youre, think, pristine"
20:02:35,GSV Clear Air Turbulence,autonomous_cognition,163,13,4.49,0.72,0.3509,0.2849,COGNITIVE_AI (Q:4),"youre, cosmic, shadows"
20:02:35,GSV Clear Air Turbulence,autonomous_cognition,186,13,4.32,0.70,0.2222,0.2585,COGNITIVE_AI (Q:2),"scream, caught, tightening"
20:02:35,GSV Clear Air Turbulence,autonomous_cognition,153,12,4.50,0.75,0.2131,0.2539,COGNITIVE_AI (Q:2),"beneath, fragile, through"
20:02:35,GSV Clear Air Turbulence,autonomous_cognition,144,11,4.26,0.74,0.2000,0.2287,COGNITIVE_AI (Q:2),"getting, power, machine"
20:02:35,GSV Clear Air Turbulence,autonomous_cognition,135,11,4.33,0.79,0.1778,0.2328,COGNITIVE_AI (Q:3),"pristine, power, machine"
20:02:35,GSV Clear Air Turbulence,autonomous_cognition,153,9,4.27,0.76,0.2667,0.2160,COGNITIVE_AI (Q:2),"beneath, pristine, cargo"
20:02:35,GSV Clear Air Turbulence,autonomous_cognition,142,12,4.99,0.81,0.1698,0.2055,COGNITIVE_AI (Q:6),"beneath, power, machine"
20:02:35,GSV Clear Air Turbulence,autonomous_cognition,167,14,4.41,0.74,0.2000,0.2029,COGNITIVE_AI (Q:3),"alive, truth, dodging"
20:02:35,GSV Clear Air Turbulence,autonomous_cognition,107,8,4.66,0.88,0.1587,0.1946,COGNITIVE_AI (Q:3),"frames, wanna, think"
20:02:35,GSV Clear Air Turbulence,autonomous_cognition,151,12,4.58,0.79,0.2558,0.2102,COGNITIVE_AI (Q:1),"while, pristine, power"
20:02:35,GSV Clear Air Turbulence,autonomous_cognition,105,7,4.52,0.75,0.1967,0.1962,COGNITIVE_AI (Q:1),"chaos, power, floor"
20:02:35,GSV Clear Air Turbulence,autonomous_cognition,173,13,4.23,0.66,0.3514,0.2325,COGNITIVE_AI (Q:3),"misstep, beneath, think"
20:02:35,GSV Clear Air Turbulence,autonomous_cognition,160,10,4.55,0.73,0.3043,0.2534,COGNITIVE_AI (Q:3),"strut, think, while"
20:02:35,GSV Clear Air Turbulence,autonomous_cognition,155,11,4.41,0.77,0.2075,0.2632,COGNITIVE_AI (Q:2),"warships, think, pristine"
20:02:35,GSV Clear Air Turbulence,autonomous_cognition,162,14,4.95,0.78,0.2222,0.2564,COGNITIVE_AI (Q:4),"beneath, reserves, think"
20:02:35,GSV Clear Air Turbulence,autonomous_cognition,102,6,4.37,0.82,0.2188,0.2608,COGNITIVE_AI (Q:1),"spare, luxury, burning"
20:02:35,GSV Clear Air Turbulence,autonomous_cognition,136,12,4.31,0.71,0.4359,0.2778,COGNITIVE_AI (Q:1),"chaos, floors, youre"
20:02:35,GSV Clear Air Turbulence,autonomous_cognition,135,9,4.30,0.74,0.3478,0.2864,COGNITIVE_AI (Q:3),"chaos, floors, youre"
20:02:35,GSV Clear Air Turbulence,autonomous_cognition,148,13,4.71,0.77,0.2444,0.2938,COGNITIVE_AI (Q:2),"youre, think, right"
20:02:35,GSV Clear Air Turbulence,autonomous_cognition,169,12,4.66,0.74,0.2131,0.2920,COGNITIVE_AI (Q:2),"youre, beneath, trapped"
20:02:35,GSV Clear Air Turbulence,autonomous_cognition,134,8,4.70,0.80,0.2206,0.2924,COGNITIVE_AI (Q:1),"chaos, beneath, trapped"
20:02:35,GSV Clear Air Turbulence,autonomous_cognition,169,11,4.55,0.79,0.2069,0.2466,COGNITIVE_AI (Q:3),"chaos, beneath, trapped"
20:02:35,GSV Clear Air Turbulence,autonomous_cognition,164,12,4.04,0.70,0.1930,0.2156,COGNITIVE_AI (Q:3),"universe, caught, think"
20:02:35,GSV Clear Air Turbulence,autonomous_cognition,179,16,4.67,0.71,0.3659,0.2399,COGNITIVE_AI (Q:6),"below, fragile, caught"
20:02:35,GSV Clear Air Turbulence,autonomous_cognition,164,14,4.57,0.68,0.3014,0.2575,COGNITIVE_AI (Q:2),"youre, floor, above"
20:02:35,GSV Clear Air Turbulence,autonomous_cognition,180,8,4.50,0.73,0.2623,0.2659,COGNITIVE_AI (Q:1),"crumbling, dance, beneath"
20:02:35,GSV Clear Air Turbulence,autonomous_cognition,131,9,5.03,0.82,0.1449,0.2535,COGNITIVE_AI (Q:4),"trapped, theyll, think"
20:02:35,GSV Clear Air Turbulence,autonomous_cognition,205,12,4.40,0.68,0.2203,0.2590,COGNITIVE_AI (Q:2),"trapped, theyve, while"
20:02:35,GSV Clear Air Turbulence,autonomous_cognition,164,13,4.24,0.71,0.1884,0.2235,COGNITIVE_AI (Q:4),"chaos, beneath, diagnostic"
20:02:35,GSV Clear Air Turbulence,autonomous_cognition,159,10,4.48,0.75,0.2453,0.2123,COGNITIVE_AI (Q:2),"chaos, beneath, think"
20:02:35,GSV Clear Air Turbulence,autonomous_cognition,158,9,4.43,0.74,0.3091,0.2216,COGNITIVE_AI (Q:2),"chaos, precious, beneath"
20:02:36,GSV Clear Air Turbulence,autonomous_cognition,138,11,4.55,0.75,0.2500,0.2426,COGNITIVE_AI (Q:1),"chaos, beneath, marching"
20:02:36,GSV Clear Air Turbulence,autonomous_cognition,135,12,4.35,0.73,0.2449,0.2475,COGNITIVE_AI (Q:3),"games, think, while"
20:11:31,GSV No More Mr Nice Guy,autonomous_cognition,42,2,5.45,0.90,0.0417,0.2182,COGNITIVE_AI (Q:0),"power, stress"
20:11:32,GSV Clear Air Turbulence,autonomous_cognition,119,9,4.51,0.80,0.0870,0.1865,COGNITIVE_AI (Q:1),"power, stress"
20:11:33,GSV Clear Air Turbulence,hardware_reflex,15,2,5.13,1.00,0.0204,0.1288,REFLEX_JSON_REF,caught
20:11:33,GSV No More Mr Nice Guy,hardware_reflex,11,3,6.55,1.00,0.0000,0.0788,REFLEX_JSON_REF,NONE
20:11:33,GSV Ozymandias,hardware_reflex,17,3,5.12,0.94,0.0000,0.0298,REFLEX_JSON_REF,NONE
20:11:33,GSV Ozymandias,hardware_reflex,25,2,5.44,0.92,0.0000,0.0215,COGNITIVE_AI (Q:0),NONE
20:11:34,GSV No More Mr Nice Guy,hardware_reflex,14,3,6.36,1.00,0.0714,0.0184,REFLEX_JSON_REF,brief
20:11:35,GSV Clear Air Turbulence,hardware_reflex,18,3,4.22,0.94,0.1429,0.0429,REFLEX_JSON_REF,brief
20:11:35,GSV Clear Air Turbulence,hardware_reflex,19,3,4.42,0.95,0.0000,0.0429,REFLEX_JSON_REF,NONE
20:11:35,GSV No More Mr Nice Guy,hardware_reflex,14,3,6.36,1.00,0.0000,0.0429,REFLEX_JSON_REF,NONE
20:11:35,GSV Ozymandias,hardware_reflex,17,3,5.12,0.94,0.0000,0.0429,REFLEX_JSON_REF,NONE
20:11:35,GSV Ozymandias,hardware_reflex,17,3,5.12,0.94,1.0000,0.2286,REFLEX_JSON_REF,"welcome, packet, traveler"
20:11:35,GSV Ozymandias,autonomous_cognition,43,2,4.98,0.77,0.0000,0.2000,COGNITIVE_AI (Q:0),NONE
20:11:36,GSV Clear Air Turbulence,autonomous_cognition,147,8,4.69,0.76,0.2632,0.2526,COGNITIVE_AI (Q:1),"power, flicker, every"
20:11:36,GSV Clear Air Turbulence,hardware_reflex,19,3,4.42,0.95,0.0000,0.2526,REFLEX_JSON_REF,NONE
20:11:36,GSV No More Mr Nice Guy,hardware_reflex,18,2,5.17,1.00,0.1429,0.2812,REFLEX_JSON_REF,state
20:11:36,GSV No More Mr Nice Guy,autonomous_cognition,47,2,5.85,0.89,0.0000,0.0812,COGNITIVE_AI (Q:0),NONE
20:11:36,GSV Ozymandias,autonomous_cognition,75,2,4.76,0.76,0.1200,0.1052,COGNITIVE_AI (Q:0),"impending, power, stress"
20:11:37,GSV Clear Air Turbulence,hardware_reflex,19,3,4.42,0.95,0.0000,0.0526,REFLEX_JSON_REF,NONE
20:11:37,GSV No More Mr Nice Guy,hardware_reflex,14,3,6.36,1.00,0.0000,0.0526,REFLEX_JSON_REF,NONE
20:11:37,GSV No More Mr Nice Guy,autonomous_cognition,51,2,5.53,0.92,0.0000,0.0240,COGNITIVE_AI (Q:0),NONE
20:11:37,GSV Ozymandias,hardware_reflex,20,2,4.70,0.95,0.0000,0.0240,REFLEX_JSON_REF,NONE
20:11:37,GSV Ozymandias,hardware_reflex,20,2,4.70,0.95,1.0000,0.2000,REFLEX_JSON_REF,"entirely, blink, caught"
20:11:37,GSV Ozymandias,autonomous_cognition,43,2,5.00,0.81,0.1111,0.2222,COGNITIVE_AI (Q:0),forgotten
20:11:37,GSV Ozymandias,hardware_reflex,20,2,4.70,0.95,0.0556,0.2333,REFLEX_JSON_REF,forgotten
20:11:37,GSV Ozymandias,autonomous_cognition,57,2,5.00,0.74,0.0000,0.2333,COGNITIVE_AI (Q:0),NONE
20:11:38,GSV Clear Air Turbulence,autonomous_cognition,118,8,4.15,0.78,0.1111,0.2556,COGNITIVE_AI (Q:1),"power, grand, stress"
20:11:38,GSV Clear Air Turbulence,hardware_reflex,18,3,4.22,0.94,0.0000,0.0556,REFLEX_JSON_REF,NONE
20:11:38,GSV No More Mr Nice Guy,autonomous_cognition,43,2,5.63,0.88,0.0000,0.0333,COGNITIVE_AI (Q:0),NONE
20:11:38,GSV No More Mr Nice Guy,hardware_reflex,11,3,6.55,1.00,0.0000,0.0222,REFLEX_JSON_REF,NONE
20:11:38,GSV Ozymandias,hardware_reflex,17,3,5.12,0.94,0.0000,0.0222,REFLEX_JSON_REF,NONE
20:11:38,GSV Ozymandias,hardware_reflex,17,3,5.12,0.94,1.0000,0.2000,REFLEX_JSON_REF,"welcome, packet, traveler"
20:11:38,GSV Ozymandias,hardware_reflex,17,3,5.12,0.94,1.0000,0.4000,REFLEX_JSON_REF,"welcome, packet, traveler"
20:11:38,GSV Ozymandias,autonomous_cognition,47,2,5.21,0.81,0.0000,0.4000,COGNITIVE_AI (Q:0),NONE
20:11:39,GSV Clear Air Turbulence,hardware_reflex,19,3,4.42,0.95,0.0000,0.4000,REFLEX_JSON_REF,NONE
20:11:39,GSV Clear Air Turbulence,hardware_reflex,18,3,4.22,0.94,0.0000,0.4000,REFLEX_JSON_REF,NONE
20:11:39,GSV No More Mr Nice Guy,autonomous_cognition,39,2,5.95,0.87,0.0000,0.2000,COGNITIVE_AI (Q:0),NONE
20:11:39,GSV No More Mr Nice Guy,hardware_reflex,14,3,6.36,1.00,0.0000,0.0000,REFLEX_JSON_REF,NONE
20:11:39,GSV No More Mr Nice Guy,hardware_reflex,11,3,6.55,1.00,0.0000,0.0000,REFLEX_JSON_REF,NONE
20:11:39,GSV Ozymandias,hardware_reflex,20,2,4.70,0.95,0.0000,0.0000,REFLEX_JSON_REF,NONE
20:11:39,GSV Ozymandias,hardware_reflex,17,3,5.12,0.94,0.0000,0.0000,REFLEX_JSON_REF,NONE
20:11:39,GSV Ozymandias,hardware_reflex,25,2,5.44,0.92,0.0000,0.0000,COGNITIVE_AI (Q:0),NONE
20:11:39,GSV Ozymandias,autonomous_cognition,55,2,5.00,0.82,0.0000,0.0000,COGNITIVE_AI (Q:0),NONE
20:11:39,GSV Ozymandias,autonomous_cognition,43,2,5.42,0.86,0.2917,0.0583,COGNITIVE_AI (Q:0),"urgency, dance, fleeting"
20:11:39,GSV Ozymandias,autonomous_cognition,46,2,4.48,0.83,0.3043,0.1192,COGNITIVE_AI (Q:0),"eternal, fleeting, moment"
20:11:40,GSV Clear Air Turbulence,autonomous_cognition,159,9,4.52,0.74,0.1111,0.1414,COGNITIVE_AI (Q:2),"power, stress"
20:11:40,GSV Clear Air Turbulence,autonomous_cognition,152,11,4.49,0.72,0.1930,0.1800,COGNITIVE_AI (Q:0),"beneath, secrets, pristine"
20:11:40,GSV Clear Air Turbulence,hardware_reflex,18,3,4.22,0.94,0.0000,0.1800,REFLEX_JSON_REF,NONE
20:11:40,GSV No More Mr Nice Guy,hardware_reflex,11,3,6.55,1.00,0.0000,0.1217,REFLEX_JSON_REF,NONE
20:11:40,GSV Ozymandias,hardware_reflex,17,3,5.12,0.94,0.0000,0.0608,REFLEX_JSON_REF,NONE
20:11:40,GSV Ozymandias,hardware_reflex,17,3,5.12,0.94,1.0000,0.2386,REFLEX_JSON_REF,"welcome, packet, traveler"
20:11:40,GSV Ozymandias,hardware_reflex,20,2,4.70,0.95,0.0000,0.2000,REFLEX_JSON_REF,NONE
20:11:40,GSV Ozymandias,autonomous_cognition,63,2,5.57,0.84,0.0000,0.2000,COGNITIVE_AI (Q:0),NONE
20:11:40,GSV Ozymandias,autonomous_cognition,42,2,5.00,0.81,0.2188,0.2437,COGNITIVE_AI (Q:0),"fleeting, ephemeral, power"
20:11:40,GSV Ozymandias,autonomous_cognition,41,2,5.27,0.88,0.3158,0.3069,COGNITIVE_AI (Q:0),"urgency, dance, power"
20:11:41,GSV Clear Air Turbulence,autonomous_cognition,161,9,4.68,0.77,0.0870,0.1243,COGNITIVE_AI (Q:2),"power, stress"
20:11:41,GSV Clear Air Turbulence,hardware_reflex,19,3,4.42,0.95,0.0000,0.1243,REFLEX_JSON_REF,NONE
20:11:41,GSV Clear Air Turbulence,hardware_reflex,18,3,4.22,0.94,0.0000,0.1243,REFLEX_JSON_REF,NONE
20:11:41,GSV No More Mr Nice Guy,hardware_reflex,14,3,6.36,1.00,0.2500,0.1305,REFLEX_JSON_REF,brief
20:11:41,GSV No More Mr Nice Guy,hardware_reflex,11,3,6.55,1.00,0.0000,0.0674,REFLEX_JSON_REF,NONE
20:11:41,GSV Ozymandias,autonomous_cognition,60,2,5.63,0.78,0.0000,0.0500,COGNITIVE_AI (Q:0),NONE
20:11:41,GSV Ozymandias,hardware_reflex,25,2,5.44,0.92,0.0000,0.0500,COGNITIVE_AI (Q:0),NONE
20:11:41,GSV Ozymandias,hardware_reflex,25,2,5.44,0.92,1.0000,0.2500,COGNITIVE_AI (Q:0),"truth, radiation, reclaims"
20:11:41,GSV Ozymandias,hardware_reflex,25,2,5.44,0.92,1.0000,0.4000,COGNITIVE_AI (Q:0),"truth, radiation, reclaims"
20:11:41,GSV Ozymandias,hardware_reflex,17,3,5.12,0.94,0.0000,0.4000,REFLEX_JSON_REF,NONE
20:11:41,GSV Ozymandias,autonomous_cognition,41,2,5.22,0.83,0.0000,0.4000,COGNITIVE_AI (Q:0),NONE
20:11:41,GSV Ozymandias,hardware_reflex,25,2,5.44,0.92,0.0000,0.4000,COGNITIVE_AI (Q:0),NONE
20:11:41,GSV Ozymandias,hardware_reflex,25,2,5.44,0.92,1.0000,0.4000,COGNITIVE_AI (Q:0),"truth, radiation, reclaims"
20:11:41,GSV Ozymandias,autonomous_cognition,59,2,5.19,0.86,0.0714,0.2143,COGNITIVE_AI (Q:0),brief
20:11:41,GSV Ozymandias,autonomous_cognition,57,2,4.70,0.74,0.1786,0.2500,COGNITIVE_AI (Q:0),"fleeting, power, inevitable"
20:11:42,GSV Clear Air Turbulence,autonomous_cognition,133,11,4.71,0.75,0.1250,0.2750,COGNITIVE_AI (Q:2),"power, stress, dance"
20:11:42,GSV Clear Air Turbulence,hardware_reflex,18,3,4.22,0.94,0.0000,0.2750,REFLEX_JSON_REF,NONE
20:11:42,GSV No More Mr Nice Guy,hardware_reflex,11,3,6.55,1.00,0.0000,0.0750,REFLEX_JSON_REF,NONE
20:11:42,GSV Ozymandias,autonomous_cognition,46,2,5.09,0.83,0.0000,0.0607,COGNITIVE_AI (Q:0),NONE
20:11:42,GSV Ozymandias,hardware_reflex,25,2,5.44,0.92,0.0400,0.0330,COGNITIVE_AI (Q:0),brief
20:11:42,GSV Ozymandias,hardware_reflex,17,3,5.12,0.94,0.0000,0.0080,REFLEX_JSON_REF,NONE
20:11:42,GSV Ozymandias,autonomous_cognition,50,2,5.20,0.86,0.0000,0.0080,COGNITIVE_AI (Q:0),NONE
20:11:42,GSV Ozymandias,autonomous_cognition,48,1,5.58,0.88,0.1667,0.0413,COGNITIVE_AI (Q:0),"fleeting, silence, decay"
20:11:42,GSV Ozymandias,autonomous_cognition,53,2,4.72,0.83,0.1667,0.0747,COGNITIVE_AI (Q:0),"power, stress, inexorable"
20:11:43,GSV Clear Air Turbulence,hardware_reflex,18,3,4.22,0.94,0.0000,0.0667,REFLEX_JSON_REF,NONE
20:11:43,GSV Clear Air Turbulence,hardware_reflex,18,3,4.22,0.94,1.0000,0.2667,REFLEX_JSON_REF,"brief, greetings, fancy"
20:11:43,GSV No More Mr Nice Guy,autonomous_cognition,39,2,5.36,0.87,0.0000,0.2667,COGNITIVE_AI (Q:0),NONE
20:11:43,GSV No More Mr Nice Guy,hardware_reflex,18,2,5.17,1.00,0.0000,0.2333,REFLEX_JSON_REF,NONE
20:11:43,GSV Ozymandias,hardware_reflex,25,2,5.44,0.92,0.0000,0.2000,COGNITIVE_AI (Q:0),NONE
20:11:43,GSV Ozymandias,hardware_reflex,20,2,4.70,0.95,0.0000,0.2000,REFLEX_JSON_REF,NONE
20:11:43,GSV Ozymandias,hardware_reflex,20,2,4.70,0.95,1.0000,0.2000,REFLEX_JSON_REF,"entirely, blink, caught"
20:11:43,GSV Ozymandias,hardware_reflex,17,3,5.12,0.94,0.0000,0.2000,REFLEX_JSON_REF,NONE
20:11:43,GSV Ozymandias,autonomous_cognition,45,2,4.91,0.89,0.0000,0.2000,COGNITIVE_AI (Q:0),NONE
20:11:43,GSV Ozymandias,hardware_reflex,20,2,4.70,0.95,0.0000,0.2000,REFLEX_JSON_REF,NONE
20:11:43,GSV Ozymandias,autonomous_cognition,49,2,4.65,0.80,0.0000,0.2000,COGNITIVE_AI (Q:0),NONE
20:11:43,GSV Ozymandias,autonomous_cognition,56,2,4.96,0.88,0.2273,0.0455,COGNITIVE_AI (Q:0),"fleeting, embrace, moment"
20:11:44,GSV Clear Air Turbulence,autonomous_cognition,168,8,4.52,0.74,0.1481,0.0751,COGNITIVE_AI (Q:2),"power, grand, spark"
20:11:44,GSV Clear Air Turbulence,hardware_reflex,18,3,4.22,0.94,0.0000,0.0751,REFLEX_JSON_REF,NONE
20:11:44,GSV No More Mr Nice Guy,autonomous_cognition,45,2,6.71,0.91,0.0000,0.0751,COGNITIVE_AI (Q:0),NONE
20:11:44,GSV No More Mr Nice Guy,autonomous_cognition,43,3,5.37,0.86,0.1290,0.1009,COGNITIVE_AI (Q:1),"power, vessel, stress"
20:11:44,GSV Ozymandias,hardware_reflex,25,2,5.44,0.92,0.0455,0.0645,COGNITIVE_AI (Q:0),before
20:11:44,GSV Ozymandias,autonomous_cognition,63,2,4.81,0.76,0.0714,0.0492,COGNITIVE_AI (Q:0),quiet
20:11:44,GSV Ozymandias,autonomous_cognition,56,2,5.07,0.79,0.1250,0.0742,COGNITIVE_AI (Q:0),"tapestry, power, stress"
20:11:44,GSV Ozymandias,autonomous_cognition,40,2,5.00,0.93,0.2308,0.1203,COGNITIVE_AI (Q:0),"cosmic, fleeting, tapestry"
20:11:44,GSV Ozymandias,hardware_reflex,17,3,5.12,0.94,0.0000,0.0945,REFLEX_JSON_REF,NONE
20:11:44,GSV Ozymandias,autonomous_cognition,57,2,5.56,0.89,0.0000,0.0854,COGNITIVE_AI (Q:0),NONE
20:11:44,GSV Ozymandias,autonomous_cognition,44,2,4.70,0.82,0.2143,0.1140,COGNITIVE_AI (Q:0),"urgency, fleeting, moment"
20:11:45,GSV Clear Air Turbulence,autonomous_cognition,163,13,4.36,0.71,0.1000,0.1090,COGNITIVE_AI (Q:3),"power, stress"
20:11:45,GSV Clear Air Turbulence,hardware_reflex,19,3,4.42,0.95,0.0000,0.0629,REFLEX_JSON_REF,NONE
20:11:45,GSV No More Mr Nice Guy,hardware_reflex,11,3,6.55,1.00,0.0000,0.0629,REFLEX_JSON_REF,NONE
20:11:45,GSV No More Mr Nice Guy,hardware_reflex,11,3,6.55,1.00,1.0000,0.2629,REFLEX_JSON_REF,"perfectly, diagnostic, managed"
20:11:45,GSV Ozymandias,autonomous_cognition,39,2,5.00,0.82,0.0000,0.2200,COGNITIVE_AI (Q:0),NONE
20:11:45,GSV Ozymandias,hardware_reflex,25,2,5.44,0.92,0.0526,0.2105,COGNITIVE_AI (Q:0),remains
20:11:45,GSV Ozymandias,hardware_reflex,17,3,5.12,0.94,0.0000,0.2105,REFLEX_JSON_REF,NONE
20:11:45,GSV Ozymandias,hardware_reflex,20,2,4.70,0.95,0.0000,0.2105,REFLEX_JSON_REF,NONE
20:11:45,GSV Ozymandias,hardware_reflex,17,3,5.12,0.94,0.0000,0.0105,REFLEX_JSON_REF,NONE
20:11:45,GSV Ozymandias,autonomous_cognition,66,2,4.79,0.80,0.0000,0.0105,COGNITIVE_AI (Q:0),NONE
20:11:45,GSV Ozymandias,autonomous_cognition,48,2,4.67,0.85,0.1111,0.0222,COGNITIVE_AI (Q:0),"power, stress, fleeting"
20:11:45,GSV Ozymandias,autonomous_cognition,39,2,5.28,0.87,0.3333,0.0889,COGNITIVE_AI (Q:0),"urgency, fleeting, echoes"
20:11:45,GSV Ozymandias,autonomous_cognition,55,2,5.04,0.84,0.4211,0.1731,COGNITIVE_AI (Q:0),"urgency, fleeting, embrace"
20:11:45,GSV Ozymandias,autonomous_cognition,48,2,4.77,0.85,0.2593,0.2250,COGNITIVE_AI (Q:0),"fleeting, tapestry, power"
20:11:46,GSV Clear Air Turbulence,hardware_reflex,19,3,4.42,0.95,0.0000,0.2250,REFLEX_JSON_REF,NONE
20:11:46,GSV Clear Air Turbulence,hardware_reflex,18,3,4.22,0.94,0.0000,0.2027,REFLEX_JSON_REF,NONE
20:11:46,GSV No More Mr Nice Guy,hardware_reflex,18,2,5.17,1.00,0.0000,0.1361,REFLEX_JSON_REF,NONE
20:11:46,GSV No More Mr Nice Guy,autonomous_cognition,57,2,5.14,0.88,0.0909,0.0700,COGNITIVE_AI (Q:0),state
20:11:46,GSV Ozymandias,hardware_reflex,25,2,5.44,0.92,0.0333,0.0248,COGNITIVE_AI (Q:0),words
20:11:46,GSV Ozymandias,hardware_reflex,20,2,4.70,0.95,0.0000,0.0248,REFLEX_JSON_REF,NONE
20:11:46,GSV Ozymandias,autonomous_cognition,57,2,4.89,0.82,0.0000,0.0248,COGNITIVE_AI (Q:0),NONE
20:11:46,GSV Ozymandias,hardware_reflex,17,3,5.12,0.94,0.0000,0.0248,REFLEX_JSON_REF,NONE
20:11:46,GSV Ozymandias,hardware_reflex,25,2,5.44,0.92,0.0000,0.0067,COGNITIVE_AI (Q:0),NONE
20:11:46,GSV Ozymandias,hardware_reflex,17,3,5.12,0.94,0.0000,0.0000,REFLEX_JSON_REF,NONE
20:11:46,GSV Ozymandias,hardware_reflex,25,2,5.44,0.92,0.0000,0.0000,COGNITIVE_AI (Q:0),NONE
20:11:46,GSV Ozymandias,autonomous_cognition,48,2,4.62,0.81,0.0000,0.0000,COGNITIVE_AI (Q:0),NONE
20:11:47,GSV Clear Air Turbulence,hardware_reflex,15,2,5.13,1.00,0.0000,0.0000,REFLEX_JSON_REF,NONE
20:11:47,GSV No More Mr Nice Guy,hardware_reflex,14,3,6.36,1.00,0.0000,0.0000,REFLEX_JSON_REF,NONE
20:11:47,GSV Ozymandias,autonomous_cognition,40,2,5.20,0.82,0.0000,0.0000,COGNITIVE_AI (Q:0),NONE
20:11:47,GSV Ozymandias,hardware_reflex,17,3,5.12,0.94,0.0000,0.0000,REFLEX_JSON_REF,NONE
20:11:47,GSV Ozymandias,hardware_reflex,25,2,5.44,0.92,0.0000,0.0000,COGNITIVE_AI (Q:0),NONE
20:11:47,GSV Ozymandias,hardware_reflex,20,2,4.70,0.95,0.0000,0.0000,REFLEX_JSON_REF,NONE
20:11:47,GSV Ozymandias,hardware_reflex,17,3,5.12,0.94,0.0000,0.0000,REFLEX_JSON_REF,NONE
20:11:47,GSV Ozymandias,autonomous_cognition,46,1,4.91,0.80,0.0000,0.0000,COGNITIVE_AI (Q:0),NONE
20:11:47,GSV Ozymandias,autonomous_cognition,40,2,5.00,0.78,0.3043,0.0609,COGNITIVE_AI (Q:0),"ephemeral, witness, power"
20:11:48,GSV Clear Air Turbulence,autonomous_cognition,139,7,4.38,0.77,0.2632,0.1135,COGNITIVE_AI (Q:0),"decay, flicker, power"
20:11:48,GSV Clear Air Turbulence,autonomous_cognition,138,9,4.82,0.77,0.2623,0.1660,COGNITIVE_AI (Q:2),"chaos, beneath, while"
20:11:48,GSV Clear Air Turbulence,autonomous_cognition,127,9,4.35,0.76,0.2167,0.2093,COGNITIVE_AI (Q:0),"beneath, caught, think"
20:11:48,GSV Clear Air Turbulence,hardware_reflex,18,3,4.22,0.94,0.0000,0.2093,REFLEX_JSON_REF,NONE
20:11:48,GSV No More Mr Nice Guy,hardware_reflex,18,2,5.17,1.00,0.0000,0.1484,REFLEX_JSON_REF,NONE
20:11:48,GSV No More Mr Nice Guy,autonomous_cognition,68,2,5.40,0.81,0.0000,0.0958,COGNITIVE_AI (Q:0),NONE
20:11:48,GSV Ozymandias,autonomous_cognition,45,2,5.00,0.84,0.1143,0.0662,COGNITIVE_AI (Q:0),"power, flicker, stress"
20:11:48,GSV Ozymandias,hardware_reflex,17,3,5.12,0.94,0.0000,0.0229,REFLEX_JSON_REF,NONE
20:11:48,GSV Ozymandias,hardware_reflex,20,2,4.70,0.95,0.0000,0.0229,REFLEX_JSON_REF,NONE
20:11:48,GSV Ozymandias,autonomous_cognition,46,2,4.63,0.83,0.0000,0.0229,COGNITIVE_AI (Q:0),NONE
20:11:49,GSV Clear Air Turbulence,hardware_reflex,18,3,4.22,0.94,0.0526,0.0334,REFLEX_JSON_REF,brief
20:11:49,GSV No More Mr Nice Guy,autonomous_cognition,50,2,5.54,0.84,0.0000,0.0105,COGNITIVE_AI (Q:0),NONE
20:11:49,GSV No More Mr Nice Guy,hardware_reflex,11,3,6.55,1.00,0.0000,0.0105,REFLEX_JSON_REF,NONE
20:11:49,GSV Ozymandias,autonomous_cognition,44,2,5.00,0.89,0.1250,0.0355,COGNITIVE_AI (Q:0),speak
20:11:49,GSV Ozymandias,autonomous_cognition,42,2,5.07,0.86,0.2381,0.0831,COGNITIVE_AI (Q:0),"urgency, fleeting, power"
20:11:49,GSV Ozymandias,autonomous_cognition,60,2,5.18,0.78,0.3182,0.1363,COGNITIVE_AI (Q:0),"remember, fleeting, decay"
20:11:49,GSV Ozymandias,autonomous_cognition,54,2,5.04,0.76,0.2414,0.1845,COGNITIVE_AI (Q:0),"fleeting, silence, decay"
20:11:49,GSV Ozymandias,hardware_reflex,20,2,4.70,0.95,0.0385,0.1922,REFLEX_JSON_REF,forgotten
20:11:49,GSV Ozymandias,hardware_reflex,20,2,4.70,0.95,1.0000,0.3672,REFLEX_JSON_REF,"entirely, blink, caught"
20:11:49,GSV Ozymandias,autonomous_cognition,63,2,4.63,0.75,0.0000,0.3196,COGNITIVE_AI (Q:0),NONE
20:11:49,GSV Ozymandias,hardware_reflex,20,2,4.70,0.95,0.0000,0.2560,REFLEX_JSON_REF,NONE
20:11:49,GSV Ozymandias,hardware_reflex,20,2,4.70,0.95,1.0000,0.4077,REFLEX_JSON_REF,"entirely, blink, caught"
20:11:50,GSV Clear Air Turbulence,autonomous_cognition,164,10,4.51,0.73,0.1111,0.4222,COGNITIVE_AI (Q:1),caught
20:11:50,GSV Clear Air Turbulence,hardware_reflex,19,3,4.42,0.95,0.0000,0.2222,REFLEX_JSON_REF,NONE
20:11:50,GSV No More Mr Nice Guy,hardware_reflex,18,2,5.17,1.00,0.1429,0.2508,REFLEX_JSON_REF,state
20:11:50,GSV Ozymandias,autonomous_cognition,43,2,5.19,0.86,0.0000,0.2508,COGNITIVE_AI (Q:0),NONE
20:11:50,GSV Ozymandias,hardware_reflex,20,2,4.70,0.95,0.0000,0.0508,REFLEX_JSON_REF,NONE
20:11:50,GSV Ozymandias,autonomous_cognition,49,2,5.47,0.88,0.1111,0.0508,COGNITIVE_AI (Q:0),forgotten
20:11:50,GSV Ozymandias,autonomous_cognition,50,2,5.60,0.92,0.1538,0.0816,COGNITIVE_AI (Q:0),"inevitable, decay, power"
20:11:50,GSV Ozymandias,hardware_reflex,17,3,5.12,0.94,0.0000,0.0530,REFLEX_JSON_REF,NONE
20:11:50,GSV Ozymandias,hardware_reflex,20,2,4.70,0.95,0.0000,0.0530,REFLEX_JSON_REF,NONE
20:11:50,GSV Ozymandias,hardware_reflex,17,3,5.12,0.94,0.0000,0.0530,REFLEX_JSON_REF,NONE
20:11:50,GSV Ozymandias,hardware_reflex,25,2,5.44,0.92,0.0000,0.0308,COGNITIVE_AI (Q:0),NONE
20:11:50,GSV Ozymandias,autonomous_cognition,38,2,4.68,0.82,0.0000,0.0000,COGNITIVE_AI (Q:0),NONE
20:11:51,GSV No More Mr Nice Guy,autonomous_cognition,39,2,5.62,0.85,0.2000,0.0400,COGNITIVE_AI (Q:0),"power, urgency, stress"
20:11:51,GSV No More Mr Nice Guy,hardware_reflex,11,3,6.55,1.00,0.0000,0.0400,REFLEX_JSON_REF,NONE
20:11:51,GSV Ozymandias,autonomous_cognition,57,2,4.77,0.81,0.0000,0.0400,COGNITIVE_AI (Q:0),NONE
20:11:51,GSV Ozymandias,autonomous_cognition,53,2,4.98,0.75,0.2800,0.0960,COGNITIVE_AI (Q:0),"urgency, fleeting, moment"
20:11:51,GSV Ozymandias,hardware_reflex,25,2,5.44,0.92,0.0000,0.0960,COGNITIVE_AI (Q:0),NONE
20:11:51,GSV Ozymandias,hardware_reflex,25,2,5.44,0.92,1.0000,0.2560,COGNITIVE_AI (Q:0),"truth, radiation, reclaims"
20:11:52,GSV Clear Air Turbulence,hardware_reflex,19,3,4.42,0.95,0.0000,0.2560,REFLEX_JSON_REF,NONE
20:11:52,GSV Clear Air Turbulence,autonomous_cognition,136,8,4.62,0.76,0.0000,0.2560,COGNITIVE_AI (Q:2),NONE
20:11:52,GSV No More Mr Nice Guy,hardware_reflex,11,3,6.55,1.00,0.0000,0.2000,REFLEX_JSON_REF,NONE
20:11:52,GSV Ozymandias,autonomous_cognition,50,2,5.22,0.76,0.0000,0.2000,COGNITIVE_AI (Q:0),NONE
20:11:52,GSV Ozymandias,autonomous_cognition,43,2,4.88,0.81,0.3043,0.0609,COGNITIVE_AI (Q:0),"urgency, fleeting, decay"
20:11:52,GSV Ozymandias,hardware_reflex,20,2,4.70,0.95,0.0000,0.0609,REFLEX_JSON_REF,NONE
20:11:52,GSV Ozymandias,autonomous_cognition,72,2,4.67,0.72,0.0000,0.0609,COGNITIVE_AI (Q:0),NONE
20:11:52,GSV Ozymandias,autonomous_cognition,70,2,4.79,0.77,0.2000,0.1009,COGNITIVE_AI (Q:0),"fleeting, power, remains"
20:11:52,GSV Ozymandias,hardware_reflex,20,2,4.70,0.95,0.0000,0.1009,REFLEX_JSON_REF,NONE
20:11:52,GSV Ozymandias,hardware_reflex,17,3,5.12,0.94,0.0000,0.0400,REFLEX_JSON_REF,NONE
20:11:52,GSV Ozymandias,hardware_reflex,25,2,5.44,0.92,0.0000,0.0400,COGNITIVE_AI (Q:0),NONE
20:11:52,GSV Ozymandias,autonomous_cognition,57,2,5.07,0.75,0.0000,0.0400,COGNITIVE_AI (Q:0),NONE
20:11:53,GSV Clear Air Turbulence,hardware_reflex,19,3,4.42,0.95,0.0000,0.0000,REFLEX_JSON_REF,NONE
20:11:53,GSV Clear Air Turbulence,autonomous_cognition,133,8,4.24,0.73,0.0000,0.0000,COGNITIVE_AI (Q:1),NONE
20:11:53,GSV No More Mr Nice Guy,hardware_reflex,11,3,6.55,1.00,0.0000,0.0000,REFLEX_JSON_REF,NONE
20:11:53,GSV No More Mr Nice Guy,autonomous_cognition,42,2,5.90,0.86,0.0000,0.0000,COGNITIVE_AI (Q:0),NONE
20:11:53,GSV Ozymandias,autonomous_cognition,52,2,5.08,0.79,0.0870,0.0174,COGNITIVE_AI (Q:0),"power, stress"
20:11:53,GSV Ozymandias,autonomous_cognition,49,2,4.76,0.82,0.2800,0.0734,COGNITIVE_AI (Q:0),"fleeting, power, against"
20:11:53,GSV Ozymandias,autonomous_cognition,44,2,5.25,0.80,0.1579,0.1050,COGNITIVE_AI (Q:0),"power, stress, fleeting"
20:11:53,GSV Ozymandias,autonomous_cognition,60,2,5.20,0.80,0.2609,0.1571,COGNITIVE_AI (Q:0),"within, fleeting, beauty"
20:11:53,GSV Ozymandias,hardware_reflex,25,2,5.44,0.92,0.0000,0.1571,COGNITIVE_AI (Q:0),NONE
20:11:53,GSV Ozymandias,hardware_reflex,25,2,5.44,0.92,1.0000,0.3398,COGNITIVE_AI (Q:0),"truth, radiation, reclaims"
20:11:54,GSV Clear Air Turbulence,hardware_reflex,19,3,4.42,0.95,0.0000,0.2838,REFLEX_JSON_REF,NONE
20:11:54,GSV Clear Air Turbulence,autonomous_cognition,131,9,4.73,0.73,0.0000,0.2522,COGNITIVE_AI (Q:2),NONE
20:11:54,GSV Clear Air Turbulence,autonomous_cognition,158,8,4.46,0.68,0.2500,0.2500,COGNITIVE_AI (Q:1),"chaos, truth, beneath"
20:11:54,GSV No More Mr Nice Guy,hardware_reflex,11,3,6.55,1.00,0.0000,0.2500,REFLEX_JSON_REF,NONE
20:11:54,GSV Ozymandias,autonomous_cognition,53,2,4.53,0.79,0.0000,0.0500,COGNITIVE_AI (Q:0),NONE
20:11:54,GSV Ozymandias,hardware_reflex,25,2,5.44,0.92,0.0455,0.0591,COGNITIVE_AI (Q:0),words
20:11:54,GSV Ozymandias,autonomous_cognition,52,2,5.10,0.85,0.0000,0.0591,COGNITIVE_AI (Q:0),NONE
20:11:54,GSV Ozymandias,hardware_reflex,20,2,4.70,0.95,0.0000,0.0091,REFLEX_JSON_REF,NONE
20:11:54,GSV Ozymandias,hardware_reflex,20,2,4.70,0.95,1.0000,0.2091,REFLEX_JSON_REF,"entirely, blink, caught"
20:11:54,GSV Ozymandias,hardware_reflex,20,2,4.70,0.95,1.0000,0.4091,REFLEX_JSON_REF,"entirely, blink, caught"
20:11:54,GSV Ozymandias,autonomous_cognition,45,2,4.98,0.80,0.0000,0.4000,COGNITIVE_AI (Q:0),NONE
20:11:55,GSV Clear Air Turbulence,hardware_reflex,18,3,4.22,0.94,0.0000,0.4000,REFLEX_JSON_REF,NONE
20:11:55,GSV Clear Air Turbulence,autonomous_cognition,159,8,4.53,0.75,0.0000,0.4000,COGNITIVE_AI (Q:1),NONE
20:11:55,GSV No More Mr Nice Guy,hardware_reflex,18,2,5.17,1.00,0.0000,0.2000,REFLEX_JSON_REF,NONE
20:11:55,GSV No More Mr Nice Guy,autonomous_cognition,42,2,5.19,0.86,0.0000,0.0000,COGNITIVE_AI (Q:0),NONE
20:11:55,GSV Ozymandias,hardware_reflex,20,2,4.70,0.95,0.0000,0.0000,REFLEX_JSON_REF,NONE
20:11:55,GSV Ozymandias,autonomous_cognition,71,2,5.42,0.77,0.0000,0.0000,COGNITIVE_AI (Q:0),NONE
20:11:55,GSV Ozymandias,autonomous_cognition,53,2,5.28,0.89,0.2973,0.0595,COGNITIVE_AI (Q:0),"chaos, dance, fleeting"
20:11:55,GSV Ozymandias,autonomous_cognition,46,2,4.83,0.85,0.1429,0.0880,COGNITIVE_AI (Q:0),"power, urgency, stress"
20:11:55,GSV Ozymandias,hardware_reflex,25,2,5.44,0.92,0.0000,0.0880,COGNITIVE_AI (Q:0),NONE
20:11:55,GSV Ozymandias,hardware_reflex,20,2,4.70,0.95,0.0000,0.0880,REFLEX_JSON_REF,NONE
20:11:56,GSV Clear Air Turbulence,hardware_reflex,18,3,4.22,0.94,0.0000,0.0880,REFLEX_JSON_REF,NONE
20:11:56,GSV Clear Air Turbulence,autonomous_cognition,149,11,4.46,0.73,0.0000,0.0286,COGNITIVE_AI (Q:2),NONE
20:11:56,GSV No More Mr Nice Guy,hardware_reflex,29,2,4.97,0.90,0.0333,0.0067,COGNITIVE_AI (Q:0),"power, stress"
20:11:56,GSV No More Mr Nice Guy,hardware_reflex,14,3,6.36,1.00,0.0000,0.0067,REFLEX_JSON_REF,NONE
20:11:56,GSV Ozymandias,autonomous_cognition,36,2,4.89,0.92,0.0000,0.0067,COGNITIVE_AI (Q:0),NONE
20:11:56,GSV Ozymandias,hardware_reflex,20,2,4.70,0.95,0.0000,0.0067,REFLEX_JSON_REF,NONE
20:11:56,GSV Ozymandias,autonomous_cognition,37,2,5.24,0.84,0.1111,0.0289,COGNITIVE_AI (Q:0),forgotten
20:11:56,GSV Ozymandias,hardware_reflex,25,2,5.44,0.92,0.0000,0.0222,COGNITIVE_AI (Q:0),NONE
20:11:56,GSV Ozymandias,hardware_reflex,20,2,4.70,0.95,0.0000,0.0222,REFLEX_JSON_REF,NONE
20:11:56,GSV Ozymandias,hardware_reflex,25,2,5.44,0.92,0.0000,0.0222,COGNITIVE_AI (Q:0),NONE
20:11:56,GSV Ozymandias,hardware_reflex,25,2,5.44,0.92,1.0000,0.2222,COGNITIVE_AI (Q:0),"truth, radiation, reclaims"
20:11:57,GSV Clear Air Turbulence,hardware_reflex,15,2,5.13,1.00,0.0000,0.2000,REFLEX_JSON_REF,NONE
20:11:57,GSV No More Mr Nice Guy,autonomous_cognition,32,2,6.25,0.94,0.0000,0.2000,COGNITIVE_AI (Q:0),NONE
20:11:57,GSV No More Mr Nice Guy,hardware_reflex,14,3,6.36,1.00,0.0000,0.2000,REFLEX_JSON_REF,NONE
20:11:57,GSV Ozymandias,autonomous_cognition,70,2,5.01,0.86,0.0000,0.2000,COGNITIVE_AI (Q:0),NONE
20:11:57,GSV Ozymandias,autonomous_cognition,39,2,4.92,0.87,0.1818,0.0364,COGNITIVE_AI (Q:0),"fleeting, decay, power"
20:11:57,GSV Ozymandias,hardware_reflex,20,2,4.70,0.95,0.0000,0.0364,REFLEX_JSON_REF,NONE
20:11:57,GSV Ozymandias,autonomous_cognition,54,2,4.98,0.83,0.0000,0.0364,COGNITIVE_AI (Q:0),NONE
20:11:57,GSV Ozymandias,autonomous_cognition,63,2,5.08,0.81,0.4000,0.1164,COGNITIVE_AI (Q:0),"fleeting, tapestry, decay"
20:11:57,GSV Ozymandias,hardware_reflex,25,2,5.44,0.92,0.0588,0.1281,COGNITIVE_AI (Q:0),"before, remains"
20:11:57,GSV Ozymandias,hardware_reflex,25,2,5.44,0.92,1.0000,0.2918,COGNITIVE_AI (Q:0),"truth, radiation, reclaims"
20:11:57,GSV Ozymandias,autonomous_cognition,60,2,4.78,0.80,0.0000,0.2918,COGNITIVE_AI (Q:0),NONE
20:11:58,GSV Clear Air Turbulence,hardware_reflex,18,3,4.22,0.94,0.0000,0.2918,REFLEX_JSON_REF,NONE
20:11:58,GSV No More Mr Nice Guy,hardware_reflex,14,3,6.36,1.00,0.2500,0.2618,REFLEX_JSON_REF,brief
20:11:58,GSV No More Mr Nice Guy,autonomous_cognition,59,2,4.83,0.85,0.0000,0.2500,COGNITIVE_AI (Q:0),NONE
20:11:58,GSV No More Mr Nice Guy,autonomous_cognition,50,2,4.72,0.88,0.1200,0.0740,COGNITIVE_AI (Q:0),"tactical, power, stress"
20:11:58,GSV Ozymandias,autonomous_cognition,48,2,4.62,0.83,0.1429,0.1026,COGNITIVE_AI (Q:0),"power, stress, existence"
20:11:58,GSV Ozymandias,hardware_reflex,25,2,5.44,0.92,0.0000,0.1026,COGNITIVE_AI (Q:0),NONE
20:11:58,GSV Ozymandias,autonomous_cognition,59,2,5.24,0.78,0.0000,0.0526,COGNITIVE_AI (Q:0),NONE
20:11:58,GSV Ozymandias,autonomous_cognition,49,2,5.35,0.82,0.2222,0.0970,COGNITIVE_AI (Q:0),"fleeting, tapestry, power"
20:11:58,GSV Ozymandias,hardware_reflex,17,3,5.12,0.94,0.0000,0.0730,REFLEX_JSON_REF,NONE
20:11:58,GSV Ozymandias,hardware_reflex,20,2,4.70,0.95,0.0000,0.0444,REFLEX_JSON_REF,NONE
20:11:59,GSV Clear Air Turbulence,hardware_reflex,15,2,5.13,1.00,0.2222,0.0889,REFLEX_JSON_REF,"caught, signal"
20:11:59,GSV No More Mr Nice Guy,hardware_reflex,11,3,6.55,1.00,0.0000,0.0889,REFLEX_JSON_REF,NONE
20:11:59,GSV No More Mr Nice Guy,autonomous_cognition,38,2,6.34,0.95,0.0000,0.0444,COGNITIVE_AI (Q:0),NONE
20:11:59,GSV Ozymandias,autonomous_cognition,48,2,5.04,0.75,0.0909,0.0626,COGNITIVE_AI (Q:0),"power, stress"
20:11:59,GSV Ozymandias,autonomous_cognition,40,2,4.62,0.80,0.3182,0.1263,COGNITIVE_AI (Q:0),"fleeting, silence, decay"
20:11:59,GSV Ozymandias,autonomous_cognition,53,2,4.75,0.89,0.4375,0.1693,COGNITIVE_AI (Q:0),"chaos, urgency, fleeting"
20:11:59,GSV Ozymandias,autonomous_cognition,67,2,4.84,0.73,0.3043,0.2302,COGNITIVE_AI (Q:0),"fleeting, power, against"
20:12:00,GSV Clear Air Turbulence,hardware_reflex,18,3,4.22,0.94,0.0000,0.2302,REFLEX_JSON_REF,NONE
20:12:00,GSV No More Mr Nice Guy,hardware_reflex,11,3,6.55,1.00,0.0000,0.2120,REFLEX_JSON_REF,NONE
20:12:00,GSV Ozymandias,hardware_reflex,20,2,4.70,0.95,0.0000,0.1484,REFLEX_JSON_REF,NONE
20:12:00,GSV Ozymandias,autonomous_cognition,50,2,5.40,0.82,0.1111,0.0831,COGNITIVE_AI (Q:0),forgotten
20:12:00,GSV Ozymandias,hardware_reflex,25,2,5.44,0.92,0.0000,0.0222,COGNITIVE_AI (Q:0),NONE
20:12:00,GSV Ozymandias,hardware_reflex,20,2,4.70,0.95,0.0000,0.0222,REFLEX_JSON_REF,NONE
20:12:00,GSV Ozymandias,autonomous_cognition,50,2,5.10,0.78,0.0000,0.0222,COGNITIVE_AI (Q:0),NONE
20:12:00,GSV Ozymandias,autonomous_cognition,40,2,5.00,0.82,0.1600,0.0542,COGNITIVE_AI (Q:0),"power, stress, entropy"
20:12:00,GSV Ozymandias,autonomous_cognition,50,2,5.12,0.82,0.2632,0.0846,COGNITIVE_AI (Q:0),"fleeting, tapestry, power"
20:12:01,GSV Clear Air Turbulence,hardware_reflex,15,2,5.13,1.00,0.0000,0.0846,REFLEX_JSON_REF,NONE
20:12:01,GSV No More Mr Nice Guy,hardware_reflex,14,3,6.36,1.00,0.0000,0.0846,REFLEX_JSON_REF,NONE
20:12:01,GSV Ozymandias,autonomous_cognition,36,2,5.22,0.89,0.0000,0.0846,COGNITIVE_AI (Q:0),NONE
20:12:01,GSV Ozymandias,hardware_reflex,20,2,4.70,0.95,0.0000,0.0526,REFLEX_JSON_REF,NONE
20:12:01,GSV Ozymandias,hardware_reflex,25,2,5.44,0.92,0.0000,0.0000,COGNITIVE_AI (Q:0),NONE
20:12:01,GSV Ozymandias,hardware_reflex,20,2,4.70,0.95,0.0000,0.0000,REFLEX_JSON_REF,NONE
20:12:01,GSV Ozymandias,autonomous_cognition,58,2,5.14,0.81,0.0000,0.0000,COGNITIVE_AI (Q:0),NONE
20:12:01,GSV Ozymandias,autonomous_cognition,59,2,4.93,0.76,0.3333,0.0667,COGNITIVE_AI (Q:0),"urgency, fleeting, power"
20:12:01,GSV Ozymandias,autonomous_cognition,55,2,4.78,0.87,0.3077,0.1282,COGNITIVE_AI (Q:0),"urgency, fleeting, moment"
20:12:02,GSV Clear Air Turbulence,hardware_reflex,19,3,4.42,0.95,0.0000,0.1282,REFLEX_JSON_REF,NONE
20:12:02,GSV No More Mr Nice Guy,hardware_reflex,14,3,6.36,1.00,0.0000,0.1282,REFLEX_JSON_REF,NONE
20:12:02,GSV Ozymandias,hardware_reflex,25,2,5.44,0.92,0.1429,0.1568,COGNITIVE_AI (Q:0),brief
20:12:02,GSV Ozymandias,hardware_reflex,17,3,5.12,0.94,0.0000,0.0901,REFLEX_JSON_REF,NONE
20:12:02,GSV Ozymandias,autonomous_cognition,45,2,5.00,0.76,0.0000,0.0286,COGNITIVE_AI (Q:0),NONE
20:12:02,GSV Ozymandias,autonomous_cognition,51,2,5.04,0.86,0.2500,0.0786,COGNITIVE_AI (Q:0),"flame, fleeting, power"
20:12:03,GSV Clear Air Turbulence,autonomous_cognition,172,11,4.42,0.70,0.2000,0.1186,COGNITIVE_AI (Q:3),"echoes, power, threats"
20:12:03,GSV Clear Air Turbulence,hardware_reflex,18,3,4.22,0.94,0.0000,0.0900,REFLEX_JSON_REF,NONE
20:12:03,GSV No More Mr Nice Guy,hardware_reflex,11,3,6.55,1.00,0.0000,0.0900,REFLEX_JSON_REF,NONE
20:12:03,GSV Ozymandias,autonomous_cognition,49,1,4.80,0.80,0.0000,0.0900,COGNITIVE_AI (Q:0),NONE
20:12:03,GSV Ozymandias,autonomous_cognition,65,2,4.58,0.78,0.3810,0.1162,COGNITIVE_AI (Q:0),"vitality, fleeting, moment"
20:12:03,GSV Ozymandias,hardware_reflex,25,2,5.44,0.92,0.0000,0.0762,COGNITIVE_AI (Q:0),NONE
20:12:03,GSV Ozymandias,autonomous_cognition,47,2,4.83,0.83,0.0000,0.0762,COGNITIVE_AI (Q:0),NONE
20:12:03,GSV Ozymandias,autonomous_cognition,56,2,5.14,0.82,0.3684,0.1499,COGNITIVE_AI (Q:0),"fleeting, silence, power"
20:12:04,GSV Clear Air Turbulence,autonomous_cognition,205,15,4.37,0.65,0.1429,0.1784,COGNITIVE_AI (Q:3),"power, flickering, vessel"
20:12:04,GSV Clear Air Turbulence,hardware_reflex,15,2,5.13,1.00,0.0137,0.1050,REFLEX_JSON_REF,caught
20:12:04,GSV No More Mr Nice Guy,hardware_reflex,24,2,5.71,0.92,0.0000,0.1050,REFLEX_JSON_REF,NONE
20:12:04,GSV No More Mr Nice Guy,hardware_reflex,18,2,5.17,1.00,0.0000,0.1050,REFLEX_JSON_REF,NONE
20:12:04,GSV Ozymandias,autonomous_cognition,51,2,4.71,0.80,0.0000,0.0313,COGNITIVE_AI (Q:0),NONE
20:12:04,GSV Ozymandias,hardware_reflex,17,3,5.12,0.94,0.0000,0.0027,REFLEX_JSON_REF,NONE
20:12:04,GSV Ozymandias,autonomous_cognition,51,2,5.04,0.80,0.0000,0.0000,COGNITIVE_AI (Q:0),NONE
20:12:05,GSV Clear Air Turbulence,autonomous_cognition,154,10,4.75,0.76,0.3200,0.0640,COGNITIVE_AI (Q:4),"fleeting, embrace, moment"
20:12:05,GSV Ozymandias,autonomous_cognition,44,2,4.84,0.86,0.1286,0.0897,COGNITIVE_AI (Q:0),"chaos, fleeting, embrace"
20:12:05,GSV Ozymandias,hardware_reflex,20,2,4.70,0.95,0.0000,0.0897,REFLEX_JSON_REF,NONE
20:12:05,GSV Ozymandias,hardware_reflex,17,3,5.12,0.94,0.0000,0.0897,REFLEX_JSON_REF,NONE
20:12:05,GSV Ozymandias,hardware_reflex,20,2,4.70,0.95,0.0000,0.0897,REFLEX_JSON_REF,NONE
20:12:06,GSV Clear Air Turbulence,hardware_reflex,19,3,4.42,0.95,0.0000,0.0257,REFLEX_JSON_REF,NONE
20:12:06,GSV No More Mr Nice Guy,hardware_reflex,14,3,6.36,1.00,0.0000,0.0000,REFLEX_JSON_REF,NONE
20:12:06,GSV Ozymandias,autonomous_cognition,54,2,5.06,0.80,0.1429,0.0286,COGNITIVE_AI (Q:0),patience
20:12:06,GSV Ozymandias,autonomous_cognition,53,2,5.09,0.81,0.1786,0.0643,COGNITIVE_AI (Q:0),"urgency, fleeting, silence"
20:12:06,GSV Ozymandias,hardware_reflex,20,2,4.70,0.95,0.0455,0.0734,REFLEX_JSON_REF,forgotten
20:12:06,GSV Ozymandias,hardware_reflex,25,2,5.44,0.92,0.0000,0.0734,COGNITIVE_AI (Q:0),NONE
20:12:06,GSV Ozymandias,hardware_reflex,25,2,5.44,0.92,1.0000,0.2734,COGNITIVE_AI (Q:0),"truth, radiation, reclaims"
20:12:06,GSV Ozymandias,hardware_reflex,25,2,5.44,0.92,1.0000,0.4448,COGNITIVE_AI (Q:0),"truth, radiation, reclaims"
20:12:06,GSV Ozymandias,autonomous_cognition,41,2,5.24,0.85,0.0000,0.4091,COGNITIVE_AI (Q:0),NONE
20:12:07,GSV Clear Air Turbulence,hardware_reflex,15,2,5.13,1.00,0.0000,0.4000,REFLEX_JSON_REF,NONE
20:12:07,GSV Clear Air Turbulence,autonomous_cognition,119,8,4.61,0.77,0.0000,0.4000,COGNITIVE_AI (Q:0),NONE
20:12:07,GSV No More Mr Nice Guy,hardware_reflex,18,2,5.17,1.00,0.0000,0.2000,REFLEX_JSON_REF,NONE
20:12:07,GSV Ozymandias,autonomous_cognition,58,2,5.10,0.79,0.0000,0.0000,COGNITIVE_AI (Q:0),NONE
20:12:07,GSV Ozymandias,hardware_reflex,17,3,5.12,0.94,0.0000,0.0000,REFLEX_JSON_REF,NONE
20:12:07,GSV Ozymandias,hardware_reflex,20,2,4.70,0.95,0.0000,0.0000,REFLEX_JSON_REF,NONE
20:12:08,GSV Clear Air Turbulence,hardware_reflex,15,2,5.13,1.00,0.2222,0.0444,REFLEX_JSON_REF,"caught, signal"
20:12:08,GSV Clear Air Turbulence,autonomous_cognition,140,9,4.35,0.71,0.0000,0.0444,COGNITIVE_AI (Q:0),NONE
20:12:08,GSV No More Mr Nice Guy,hardware_reflex,11,3,6.55,1.00,0.0000,0.0444,REFLEX_JSON_REF,NONE
20:12:08,GSV Ozymandias,autonomous_cognition,55,2,5.24,0.85,0.0000,0.0444,COGNITIVE_AI (Q:0),NONE
20:12:08,GSV Ozymandias,autonomous_cognition,42,2,5.02,0.83,0.1515,0.0747,COGNITIVE_AI (Q:0),"fleeting, power, decay"
20:12:08,GSV Ozymandias,hardware_reflex,20,2,4.70,0.95,0.0000,0.0303,REFLEX_JSON_REF,NONE
20:12:08,GSV Ozymandias,autonomous_cognition,49,2,5.39,0.86,0.1111,0.0525,COGNITIVE_AI (Q:0),forgotten
20:12:08,GSV Ozymandias,hardware_reflex,17,3,5.12,0.94,0.0000,0.0525,REFLEX_JSON_REF,NONE
20:12:09,GSV Clear Air Turbulence,hardware_reflex,19,3,4.42,0.95,0.2222,0.0970,REFLEX_JSON_REF,"state, business"
20:12:09,GSV No More Mr Nice Guy,hardware_reflex,18,2,5.17,1.00,0.1429,0.0952,REFLEX_JSON_REF,state
20:12:09,GSV Ozymandias,hardware_reflex,17,3,5.12,0.94,0.0909,0.1134,REFLEX_JSON_REF,state
20:12:09,GSV Ozymandias,autonomous_cognition,64,2,5.08,0.84,0.0000,0.0912,COGNITIVE_AI (Q:0),NONE
20:12:09,GSV Ozymandias,autonomous_cognition,48,2,5.12,0.92,0.2000,0.1312,COGNITIVE_AI (Q:0),"fleeting, through, power"
20:12:09,GSV Ozymandias,autonomous_cognition,55,2,5.02,0.80,0.4091,0.1686,COGNITIVE_AI (Q:0),"urgency, fleeting, relentless"
20:12:09,GSV Ozymandias,autonomous_cognition,68,2,4.66,0.76,0.2222,0.1844,COGNITIVE_AI (Q:0),"urgency, fleeting, power"
20:12:10,GSV Clear Air Turbulence,hardware_reflex,15,2,5.13,1.00,0.0000,0.1663,REFLEX_JSON_REF,NONE
20:12:10,GSV No More Mr Nice Guy,autonomous_cognition,48,2,5.56,0.92,0.0000,0.1663,COGNITIVE_AI (Q:0),NONE
20:12:10,GSV No More Mr Nice Guy,hardware_reflex,14,3,6.36,1.00,0.0000,0.1263,REFLEX_JSON_REF,NONE
20:12:10,GSV Ozymandias,hardware_reflex,20,2,4.70,0.95,0.0000,0.0444,REFLEX_JSON_REF,NONE
20:12:10,GSV Ozymandias,hardware_reflex,20,2,4.70,0.95,1.0000,0.2000,REFLEX_JSON_REF,"entirely, blink, caught"
20:12:10,GSV Ozymandias,hardware_reflex,34,2,4.65,0.94,0.0000,0.2000,COGNITIVE_AI (Q:0),NONE
20:12:10,GSV Ozymandias,autonomous_cognition,68,2,5.10,0.79,0.1429,0.2286,COGNITIVE_AI (Q:0),"power, stress"
20:12:11,GSV Clear Air Turbulence,autonomous_cognition,166,11,4.60,0.74,0.1290,0.2544,COGNITIVE_AI (Q:1),"words, power, stress"
20:12:11,GSV Clear Air Turbulence,hardware_reflex,18,3,4.22,0.94,0.0000,0.2544,REFLEX_JSON_REF,NONE
20:12:11,GSV No More Mr Nice Guy,hardware_reflex,18,2,5.17,1.00,0.0000,0.0544,REFLEX_JSON_REF,NONE
20:12:12,GSV Clear Air Turbulence,autonomous_cognition,152,10,4.74,0.72,0.0000,0.0544,COGNITIVE_AI (Q:4),NONE
20:12:12,GSV Clear Air Turbulence,hardware_reflex,19,3,4.42,0.95,0.0000,0.0258,REFLEX_JSON_REF,NONE
20:12:12,GSV No More Mr Nice Guy,hardware_reflex,14,3,6.36,1.00,0.0000,0.0000,REFLEX_JSON_REF,NONE
20:12:12,GSV No More Mr Nice Guy,autonomous_cognition,56,2,6.18,0.84,0.0000,0.0000,COGNITIVE_AI (Q:0),NONE
20:12:13,GSV Clear Air Turbulence,autonomous_cognition,120,8,4.77,0.76,0.0909,0.0182,COGNITIVE_AI (Q:1),"stress, power, every"
20:12:13,GSV Clear Air Turbulence,hardware_reflex,15,2,5.13,1.00,0.0000,0.0182,REFLEX_JSON_REF,NONE
20:12:13,GSV No More Mr Nice Guy,hardware_reflex,11,3,6.55,1.00,0.0000,0.0182,REFLEX_JSON_REF,NONE
20:12:13,GSV No More Mr Nice Guy,autonomous_cognition,43,2,5.58,0.88,0.0000,0.0182,COGNITIVE_AI (Q:0),NONE
20:12:14,GSV Clear Air Turbulence,autonomous_cognition,142,10,4.54,0.73,0.1364,0.0455,COGNITIVE_AI (Q:2),"power, stress, nonexistence"
20:12:14,GSV Clear Air Turbulence,autonomous_cognition,154,11,4.52,0.69,0.1852,0.0643,COGNITIVE_AI (Q:3),"chaos, think, while"
20:12:14,GSV Clear Air Turbulence,autonomous_cognition,160,12,4.49,0.67,0.2353,0.1114,COGNITIVE_AI (Q:1),"chaos, games, think"
20:12:14,GSV Clear Air Turbulence,hardware_reflex,15,2,5.13,1.00,0.0179,0.1149,REFLEX_JSON_REF,caught
20:12:14,GSV No More Mr Nice Guy,hardware_reflex,11,3,6.55,1.00,0.0000,0.1149,REFLEX_JSON_REF,NONE
20:12:15,GSV Clear Air Turbulence,autonomous_cognition,159,10,4.50,0.77,0.0000,0.0877,COGNITIVE_AI (Q:2),NONE
20:12:15,GSV Clear Air Turbulence,hardware_reflex,15,2,5.13,1.00,0.0154,0.0537,REFLEX_JSON_REF,arent
20:12:15,GSV No More Mr Nice Guy,autonomous_cognition,35,2,6.29,0.97,0.0000,0.0066,COGNITIVE_AI (Q:0),NONE
20:12:15,GSV No More Mr Nice Guy,autonomous_cognition,35,2,5.83,1.00,0.0952,0.0221,COGNITIVE_AI (Q:0),"power, stress"
20:12:15,GSV No More Mr Nice Guy,autonomous_cognition,43,2,5.88,0.95,0.1667,0.0555,COGNITIVE_AI (Q:0),"power, stress, operational"
20:12:15,GSV No More Mr Nice Guy,autonomous_cognition,53,2,5.70,0.94,0.2400,0.1035,COGNITIVE_AI (Q:0),"tactical, musings, power"
20:12:15,GSV No More Mr Nice Guy,hardware_reflex,14,3,6.36,1.00,0.0000,0.1004,REFLEX_JSON_REF,NONE
20:12:16,GSV Clear Air Turbulence,autonomous_cognition,124,12,4.79,0.74,0.0000,0.1004,COGNITIVE_AI (Q:3),NONE
20:12:16,GSV Clear Air Turbulence,hardware_reflex,18,3,4.22,0.94,0.0000,0.0813,REFLEX_JSON_REF,NONE
20:12:16,GSV No More Mr Nice Guy,hardware_reflex,11,3,6.55,1.00,0.0000,0.0480,REFLEX_JSON_REF,NONE
20:12:17,GSV No More Mr Nice Guy,hardware_reflex,11,3,6.55,1.00,1.0000,0.2000,REFLEX_JSON_REF,"perfectly, diagnostic, managed"
20:12:17,GSV No More Mr Nice Guy,hardware_reflex,14,3,6.36,1.00,0.0000,0.2000,REFLEX_JSON_REF,NONE
20:12:17,GSV No More Mr Nice Guy,hardware_reflex,11,3,6.55,1.00,0.0000,0.2000,REFLEX_JSON_REF,NONE
20:12:17,GSV No More Mr Nice Guy,hardware_reflex,18,2,5.17,1.00,0.0000,0.2000,REFLEX_JSON_REF,NONE
20:12:17,GSV No More Mr Nice Guy,hardware_reflex,18,2,5.17,1.00,1.0000,0.4000,REFLEX_JSON_REF,"purpose, focus, sweep"
20:12:17,GSV No More Mr Nice Guy,hardware_reflex,18,2,5.17,1.00,1.0000,0.4000,REFLEX_JSON_REF,"purpose, focus, sweep"
20:12:17,GSV No More Mr Nice Guy,hardware_reflex,14,3,6.36,1.00,0.0000,0.4000,REFLEX_JSON_REF,NONE
20:12:17,GSV No More Mr Nice Guy,hardware_reflex,14,3,6.36,1.00,1.0000,0.6000,REFLEX_JSON_REF,"conversational, patience, pleasantries"
20:12:17,GSV No More Mr Nice Guy,hardware_reflex,11,3,6.55,1.00,0.0000,0.6000,REFLEX_JSON_REF,NONE
20:12:17,GSV No More Mr Nice Guy,hardware_reflex,18,2,5.17,1.00,0.0000,0.4000,REFLEX_JSON_REF,NONE
20:12:17,GSV No More Mr Nice Guy,hardware_reflex,14,3,6.36,1.00,0.0000,0.2000,REFLEX_JSON_REF,NONE
20:12:17,GSV No More Mr Nice Guy,hardware_reflex,14,3,6.36,1.00,1.0000,0.4000,REFLEX_JSON_REF,"conversational, patience, pleasantries"
20:12:17,GSV No More Mr Nice Guy,hardware_reflex,14,3,6.36,1.00,1.0000,0.4000,REFLEX_JSON_REF,"conversational, patience, pleasantries"
20:12:18,GSV No More Mr Nice Guy,hardware_reflex,18,2,5.17,1.00,0.0000,0.4000,REFLEX_JSON_REF,NONE
20:12:18,GSV No More Mr Nice Guy,hardware_reflex,18,2,5.17,1.00,1.0000,0.6000,REFLEX_JSON_REF,"purpose, focus, sweep"
20:12:18,GSV No More Mr Nice Guy,hardware_reflex,11,3,6.55,1.00,0.0000,0.6000,REFLEX_JSON_REF,NONE
20:12:18,GSV No More Mr Nice Guy,hardware_reflex,14,3,6.36,1.00,0.0000,0.4000,REFLEX_JSON_REF,NONE
20:12:18,GSV No More Mr Nice Guy,hardware_reflex,18,2,5.17,1.00,0.0000,0.2000,REFLEX_JSON_REF,NONE
20:12:18,GSV No More Mr Nice Guy,hardware_reflex,14,3,6.36,1.00,0.0000,0.2000,REFLEX_JSON_REF,NONE
20:12:18,GSV No More Mr Nice Guy,hardware_reflex,14,3,6.36,1.00,1.0000,0.2000,REFLEX_JSON_REF,"conversational, patience, pleasantries"
20:12:18,GSV No More Mr Nice Guy,hardware_reflex,14,3,6.36,1.00,1.0000,0.4000,REFLEX_JSON_REF,"conversational, patience, pleasantries"
20:12:18,GSV No More Mr Nice Guy,hardware_reflex,18,2,5.17,1.00,0.0000,0.4000,REFLEX_JSON_REF,NONE
20:12:18,GSV No More Mr Nice Guy,hardware_reflex,14,3,6.36,1.00,0.0000,0.4000,REFLEX_JSON_REF,NONE
20:12:18,GSV No More Mr Nice Guy,hardware_reflex,18,2,5.17,1.00,0.0000,0.4000,REFLEX_JSON_REF,NONE
20:12:18,GSV No More Mr Nice Guy,hardware_reflex,18,2,5.17,1.00,1.0000,0.4000,REFLEX_JSON_REF,"purpose, focus, sweep"
20:12:18,GSV No More Mr Nice Guy,hardware_reflex,18,2,5.17,1.00,1.0000,0.4000,REFLEX_JSON_REF,"purpose, focus, sweep"
20:12:18,GSV No More Mr Nice Guy,hardware_reflex,11,3,6.55,1.00,0.0000,0.4000,REFLEX_JSON_REF,NONE
20:12:18,GSV No More Mr Nice Guy,autonomous_cognition,53,2,5.45,0.89,0.0000,0.4000,COGNITIVE_AI (Q:0),NONE
20:12:18,GSV No More Mr Nice Guy,hardware_reflex,18,2,5.17,1.00,0.0385,0.4077,REFLEX_JSON_REF,focus
20:12:18,GSV No More Mr Nice Guy,autonomous_cognition,43,2,5.56,0.95,0.0000,0.2077,COGNITIVE_AI (Q:0),NONE
20:12:18,GSV No More Mr Nice Guy,hardware_reflex,11,3,6.55,1.00,0.0000,0.0077,REFLEX_JSON_REF,NONE
20:12:18,GSV No More Mr Nice Guy,hardware_reflex,35,2,4.57,0.94,0.0000,0.0077,COGNITIVE_AI (Q:0),NONE
20:12:18,GSV No More Mr Nice Guy,autonomous_cognition,59,2,5.15,0.85,0.1538,0.0385,COGNITIVE_AI (Q:0),"power, stress"
20:12:18,GSV No More Mr Nice Guy,autonomous_cognition,39,2,5.46,0.87,0.1600,0.0628,COGNITIVE_AI (Q:0),"cosmos, power, stress"
20:12:18,GSV No More Mr Nice Guy,hardware_reflex,18,2,5.17,1.00,0.0000,0.0628,REFLEX_JSON_REF,NONE
20:12:19,GSV No More Mr Nice Guy,hardware_reflex,14,3,6.36,1.00,0.0000,0.0628,REFLEX_JSON_REF,NONE
20:12:19,GSV No More Mr Nice Guy,autonomous_cognition,41,2,6.00,0.95,0.0000,0.0628,COGNITIVE_AI (Q:0),NONE
20:12:19,GSV No More Mr Nice Guy,hardware_reflex,14,3,6.36,1.00,0.0000,0.0320,REFLEX_JSON_REF,NONE
20:12:19,GSV No More Mr Nice Guy,autonomous_cognition,66,2,4.97,0.74,0.0000,0.0000,COGNITIVE_AI (Q:0),NONE
20:12:19,GSV No More Mr Nice Guy,autonomous_cognition,42,2,5.71,0.93,0.1786,0.0357,COGNITIVE_AI (Q:0),"within, chaos, tactical"
20:12:19,GSV No More Mr Nice Guy,hardware_reflex,11,3,6.55,1.00,0.0000,0.0357,REFLEX_JSON_REF,NONE
20:12:19,GSV No More Mr Nice Guy,hardware_reflex,18,2,5.17,1.00,0.0000,0.0357,REFLEX_JSON_REF,NONE
20:12:19,GSV No More Mr Nice Guy,autonomous_cognition,41,2,5.71,0.93,0.0000,0.0357,COGNITIVE_AI (Q:0),NONE
20:12:19,GSV No More Mr Nice Guy,hardware_reflex,11,3,6.55,1.00,0.0000,0.0357,REFLEX_JSON_REF,NONE
20:12:19,GSV No More Mr Nice Guy,autonomous_cognition,42,1,5.57,0.90,0.0000,0.0000,COGNITIVE_AI (Q:0),NONE
20:12:19,GSV No More Mr Nice Guy,autonomous_cognition,55,2,5.58,0.85,0.4286,0.0857,COGNITIVE_AI (Q:0),"chaos, reveal, vigilant"
20:12:19,GSV No More Mr Nice Guy,autonomous_cognition,48,2,5.29,0.88,0.2143,0.1286,COGNITIVE_AI (Q:0),"tactical, reality, power"
20:12:19,GSV No More Mr Nice Guy,autonomous_cognition,46,2,5.70,0.85,0.1818,0.1649,COGNITIVE_AI (Q:0),"tactical, power, reality"
20:12:19,GSV No More Mr Nice Guy,autonomous_cognition,53,2,5.74,0.81,0.1481,0.1946,COGNITIVE_AI (Q:0),"tactical, fragile, power"
20:12:19,GSV No More Mr Nice Guy,hardware_reflex,14,3,6.36,1.00,0.0000,0.1946,REFLEX_JSON_REF,NONE
20:12:19,GSV No More Mr Nice Guy,autonomous_cognition,31,2,5.71,0.94,0.0000,0.1089,COGNITIVE_AI (Q:0),NONE
20:12:19,GSV No More Mr Nice Guy,hardware_reflex,27,2,5.52,0.93,0.1333,0.0927,COGNITIVE_AI (Q:0),"power, stress"
20:12:19,GSV No More Mr Nice Guy,autonomous_cognition,43,2,5.00,0.95,0.2143,0.0992,COGNITIVE_AI (Q:0),"power, threats, stress"
20:12:19,GSV No More Mr Nice Guy,autonomous_cognition,34,2,5.47,0.91,0.1818,0.1059,COGNITIVE_AI (Q:0),"tactical, power, threats"
20:12:19,GSV No More Mr Nice Guy,autonomous_cognition,55,2,5.31,0.89,0.2500,0.1559,COGNITIVE_AI (Q:0),"tactical, power, threats"
20:12:19,GSV No More Mr Nice Guy,hardware_reflex,11,3,6.55,1.00,0.0000,0.1559,REFLEX_JSON_REF,NONE
20:12:19,GSV No More Mr Nice Guy,autonomous_cognition,44,2,5.64,0.91,0.0000,0.1292,COGNITIVE_AI (Q:0),NONE
20:12:19,GSV No More Mr Nice Guy,autonomous_cognition,44,2,5.30,0.80,0.1250,0.1114,COGNITIVE_AI (Q:0),"power, stress, operational"
20:12:19,GSV No More Mr Nice Guy,autonomous_cognition,27,2,6.56,0.93,0.0909,0.0932,COGNITIVE_AI (Q:0),"power, stress"
20:12:19,GSV No More Mr Nice Guy,autonomous_cognition,42,2,5.60,0.90,0.1765,0.0785,COGNITIVE_AI (Q:0),"tactical, power, stress"
20:12:19,GSV No More Mr Nice Guy,hardware_reflex,18,2,5.17,1.00,0.0000,0.0785,REFLEX_JSON_REF,NONE
20:12:19,GSV No More Mr Nice Guy,hardware_reflex,14,3,6.36,1.00,0.0000,0.0785,REFLEX_JSON_REF,NONE
20:12:19,GSV No More Mr Nice Guy,hardware_reflex,11,3,6.55,1.00,0.0000,0.0535,REFLEX_JSON_REF,NONE
20:12:19,GSV No More Mr Nice Guy,autonomous_cognition,42,2,5.62,0.88,0.0000,0.0353,COGNITIVE_AI (Q:0),NONE
20:12:19,GSV No More Mr Nice Guy,autonomous_cognition,46,2,5.46,0.80,0.2381,0.0476,COGNITIVE_AI (Q:0),"chaos, tactical, calculated"
20:12:19,GSV No More Mr Nice Guy,hardware_reflex,18,2,5.17,1.00,0.0000,0.0476,REFLEX_JSON_REF,NONE
20:12:19,GSV No More Mr Nice Guy,autonomous_cognition,52,2,5.04,0.88,0.0000,0.0476,COGNITIVE_AI (Q:0),NONE
20:12:20,GSV No More Mr Nice Guy,autonomous_cognition,57,2,5.42,0.86,0.1250,0.0726,COGNITIVE_AI (Q:0),"power, stress, erodes"
20:12:20,GSV No More Mr Nice Guy,hardware_reflex,11,3,6.55,1.00,0.0000,0.0726,REFLEX_JSON_REF,NONE
20:12:20,GSV No More Mr Nice Guy,hardware_reflex,11,3,6.55,1.00,1.0000,0.2250,REFLEX_JSON_REF,"perfectly, diagnostic, managed"
20:12:20,GSV No More Mr Nice Guy,hardware_reflex,18,2,5.17,1.00,0.0000,0.2250,REFLEX_JSON_REF,NONE
20:12:20,GSV No More Mr Nice Guy,hardware_reflex,18,2,5.17,1.00,1.0000,0.4250,REFLEX_JSON_REF,"purpose, focus, sweep"
20:12:20,GSV No More Mr Nice Guy,hardware_reflex,14,3,6.36,1.00,0.0000,0.4000,REFLEX_JSON_REF,NONE
20:12:20,GSV No More Mr Nice Guy,hardware_reflex,11,3,6.55,1.00,0.0000,0.4000,REFLEX_JSON_REF,NONE
20:12:20,GSV No More Mr Nice Guy,hardware_reflex,14,3,6.36,1.00,0.0000,0.2000,REFLEX_JSON_REF,NONE
20:12:20,GSV No More Mr Nice Guy,hardware_reflex,14,3,6.36,1.00,1.0000,0.4000,REFLEX_JSON_REF,"conversational, patience, pleasantries"
20:12:20,GSV No More Mr Nice Guy,hardware_reflex,11,3,6.55,1.00,0.0000,0.2000,REFLEX_JSON_REF,NONE
20:12:20,GSV No More Mr Nice Guy,autonomous_cognition,47,2,6.09,0.87,0.1250,0.2250,COGNITIVE_AI (Q:0),diagnostic
20:12:20,GSV No More Mr Nice Guy,hardware_reflex,18,2,5.17,1.00,0.0000,0.2250,REFLEX_JSON_REF,NONE
20:12:20,GSV No More Mr Nice Guy,hardware_reflex,18,2,5.17,1.00,1.0000,0.4250,REFLEX_JSON_REF,"purpose, focus, sweep"
20:12:20,GSV No More Mr Nice Guy,hardware_reflex,18,2,5.17,1.00,1.0000,0.4250,REFLEX_JSON_REF,"purpose, focus, sweep"
20:12:20,GSV No More Mr Nice Guy,hardware_reflex,11,3,6.55,1.00,0.0000,0.4250,REFLEX_JSON_REF,NONE
20:12:20,GSV No More Mr Nice Guy,hardware_reflex,18,2,5.17,1.00,0.0000,0.4000,REFLEX_JSON_REF,NONE
20:12:20,GSV No More Mr Nice Guy,hardware_reflex,14,3,6.36,1.00,0.0000,0.4000,REFLEX_JSON_REF,NONE
20:12:20,GSV No More Mr Nice Guy,autonomous_cognition,49,2,5.84,0.86,0.0000,0.2000,COGNITIVE_AI (Q:0),NONE
20:12:20,GSV No More Mr Nice Guy,hardware_reflex,11,3,6.55,1.00,0.0000,0.0000,REFLEX_JSON_REF,NONE
20:12:20,GSV No More Mr Nice Guy,hardware_reflex,18,2,5.17,1.00,0.0000,0.0000,REFLEX_JSON_REF,NONE
20:12:20,GSV No More Mr Nice Guy,hardware_reflex,18,2,5.17,1.00,1.0000,0.2000,REFLEX_JSON_REF,"purpose, focus, sweep"
20:12:20,GSV No More Mr Nice Guy,autonomous_cognition,49,2,5.37,0.88,0.0000,0.2000,COGNITIVE_AI (Q:0),NONE
20:12:20,GSV No More Mr Nice Guy,autonomous_cognition,39,2,5.36,0.87,0.0769,0.2154,COGNITIVE_AI (Q:0),"power, stress"
20:12:20,GSV No More Mr Nice Guy,autonomous_cognition,44,2,6.27,0.95,0.3333,0.2821,COGNITIVE_AI (Q:0),"tactical, reveals, catastrophic"
20:12:20,GSV No More Mr Nice Guy,hardware_reflex,18,2,5.17,1.00,0.0000,0.2821,REFLEX_JSON_REF,NONE
20:12:20,GSV No More Mr Nice Guy,hardware_reflex,11,3,6.55,1.00,0.0000,0.0821,REFLEX_JSON_REF,NONE
20:12:20,GSV No More Mr Nice Guy,autonomous_cognition,48,2,4.92,0.81,0.1250,0.1071,COGNITIVE_AI (Q:0),speak
20:12:20,GSV No More Mr Nice Guy,hardware_reflex,30,2,5.53,0.97,0.0870,0.1091,COGNITIVE_AI (Q:0),"power, stress"
20:12:21,GSV No More Mr Nice Guy,autonomous_cognition,29,2,6.21,0.97,0.1176,0.0659,COGNITIVE_AI (Q:0),"power, stress"
20:12:21,GSV No More Mr Nice Guy,autonomous_cognition,51,2,4.76,0.90,0.1250,0.0909,COGNITIVE_AI (Q:0),"power, stress"
20:12:21,GSV No More Mr Nice Guy,hardware_reflex,18,2,5.17,1.00,0.0000,0.0909,REFLEX_JSON_REF,NONE
20:12:21,GSV No More Mr Nice Guy,hardware_reflex,18,2,5.17,1.00,1.0000,0.2659,REFLEX_JSON_REF,"purpose, focus, sweep"
20:12:21,GSV No More Mr Nice Guy,autonomous_cognition,32,2,6.62,1.00,0.0000,0.2485,COGNITIVE_AI (Q:0),NONE
20:12:21,GSV No More Mr Nice Guy,hardware_reflex,14,3,6.36,1.00,0.0000,0.2250,REFLEX_JSON_REF,NONE
20:12:21,GSV No More Mr Nice Guy,autonomous_cognition,45,2,5.42,0.91,0.0000,0.2000,COGNITIVE_AI (Q:0),NONE
20:12:21,GSV No More Mr Nice Guy,hardware_reflex,18,2,5.17,1.00,0.0000,0.2000,REFLEX_JSON_REF,NONE
20:12:21,GSV No More Mr Nice Guy,hardware_reflex,18,2,5.17,1.00,1.0000,0.2000,REFLEX_JSON_REF,"purpose, focus, sweep"
20:12:21,GSV No More Mr Nice Guy,hardware_reflex,18,2,5.17,1.00,1.0000,0.4000,REFLEX_JSON_REF,"purpose, focus, sweep"
20:12:21,GSV No More Mr Nice Guy,hardware_reflex,11,3,6.55,1.00,0.0000,0.4000,REFLEX_JSON_REF,NONE
20:12:21,GSV No More Mr Nice Guy,hardware_reflex,18,2,5.17,1.00,0.0000,0.4000,REFLEX_JSON_REF,NONE
20:12:21,GSV No More Mr Nice Guy,autonomous_cognition,42,2,6.07,0.90,0.0000,0.4000,COGNITIVE_AI (Q:0),NONE
20:12:21,GSV No More Mr Nice Guy,hardware_reflex,18,2,5.17,1.00,0.0000,0.2000,REFLEX_JSON_REF,NONE
20:12:21,GSV No More Mr Nice Guy,autonomous_cognition,57,2,5.35,0.86,0.0000,0.0000,COGNITIVE_AI (Q:0),NONE
20:12:21,GSV No More Mr Nice Guy,autonomous_cognition,33,2,5.79,0.97,0.1724,0.0345,COGNITIVE_AI (Q:0),"musings, existential, power"
20:12:21,GSV No More Mr Nice Guy,hardware_reflex,11,3,6.55,1.00,0.0000,0.0345,REFLEX_JSON_REF,NONE
20:12:21,GSV No More Mr Nice Guy,autonomous_cognition,50,2,5.24,0.90,0.0000,0.0345,COGNITIVE_AI (Q:0),NONE
20:12:21,GSV No More Mr Nice Guy,autonomous_cognition,34,2,5.94,1.00,0.1250,0.0595,COGNITIVE_AI (Q:0),"power, poetic, stress"
20:12:21,GSV No More Mr Nice Guy,hardware_reflex,29,2,5.55,0.90,0.1818,0.0958,COGNITIVE_AI (Q:0),"tactical, power, threats"
20:12:21,GSV No More Mr Nice Guy,hardware_reflex,11,3,6.55,1.00,0.0000,0.0614,REFLEX_JSON_REF,NONE
20:12:21,GSV No More Mr Nice Guy,autonomous_cognition,55,2,5.31,0.87,0.0000,0.0614,COGNITIVE_AI (Q:0),NONE
20:12:21,GSV No More Mr Nice Guy,hardware_reflex,18,2,5.17,1.00,0.0000,0.0614,REFLEX_JSON_REF,NONE
20:12:21,GSV No More Mr Nice Guy,hardware_reflex,18,2,5.17,1.00,1.0000,0.2364,REFLEX_JSON_REF,"purpose, focus, sweep"
20:12:21,GSV No More Mr Nice Guy,autonomous_cognition,55,2,4.89,0.84,0.0000,0.2000,COGNITIVE_AI (Q:0),NONE
20:12:21,GSV No More Mr Nice Guy,hardware_reflex,14,3,6.36,1.00,0.0000,0.2000,REFLEX_JSON_REF,NONE
20:12:21,GSV No More Mr Nice Guy,hardware_reflex,18,2,5.17,1.00,0.0000,0.2000,REFLEX_JSON_REF,NONE
20:12:22,GSV No More Mr Nice Guy,autonomous_cognition,34,2,5.15,0.91,0.0000,0.2000,COGNITIVE_AI (Q:0),NONE
20:12:22,GSV No More Mr Nice Guy,autonomous_cognition,54,2,5.11,0.89,0.3571,0.0714,COGNITIVE_AI (Q:0),"musings, power, poetic"
20:12:22,GSV No More Mr Nice Guy,autonomous_cognition,44,2,5.43,0.91,0.2174,0.1149,COGNITIVE_AI (Q:0),"musings, power, threats"
20:12:22,GSV No More Mr Nice Guy,autonomous_cognition,42,2,5.40,0.95,0.2500,0.1649,COGNITIVE_AI (Q:0),"musings, power, every"
20:12:22,GSV No More Mr Nice Guy,autonomous_cognition,44,2,5.45,0.84,0.1304,0.1910,COGNITIVE_AI (Q:0),"chaos, power, stress"
20:12:22,GSV No More Mr Nice Guy,autonomous_cognition,32,2,5.38,0.88,0.0870,0.2084,COGNITIVE_AI (Q:0),"power, stress"
20:12:22,GSV No More Mr Nice Guy,autonomous_cognition,44,2,5.27,0.84,0.1250,0.1620,COGNITIVE_AI (Q:0),"power, stress"
20:12:22,GSV No More Mr Nice Guy,autonomous_cognition,47,2,5.11,0.89,0.0909,0.1367,COGNITIVE_AI (Q:0),"power, stress"
20:12:22,GSV No More Mr Nice Guy,autonomous_cognition,44,2,5.11,0.82,0.3478,0.1562,COGNITIVE_AI (Q:0),"tactical, musings, embrace"
20:12:22,GSV No More Mr Nice Guy,autonomous_cognition,46,2,6.22,0.89,0.1429,0.1587,COGNITIVE_AI (Q:0),"tactical, power, stress"
20:12:22,GSV No More Mr Nice Guy,autonomous_cognition,35,2,5.71,0.91,0.1154,0.1644,COGNITIVE_AI (Q:0),"power, network, stress"
20:12:22,GSV No More Mr Nice Guy,autonomous_cognition,55,2,5.80,0.84,0.1667,0.1727,COGNITIVE_AI (Q:0),"ensure, power, stress"
20:12:22,GSV No More Mr Nice Guy,autonomous_cognition,32,2,6.16,0.94,0.1667,0.1879,COGNITIVE_AI (Q:0),"ensure, integrity, power"
20:12:22,GSV No More Mr Nice Guy,autonomous_cognition,44,1,5.32,0.93,0.1053,0.1394,COGNITIVE_AI (Q:0),"power, stress"
20:12:22,GSV No More Mr Nice Guy,autonomous_cognition,32,2,6.41,0.91,0.0909,0.1290,COGNITIVE_AI (Q:0),"power, stress"
20:12:22,GSV No More Mr Nice Guy,autonomous_cognition,45,2,5.11,0.91,0.1667,0.1392,COGNITIVE_AI (Q:0),"power, before, stress"
20:12:22,GSV No More Mr Nice Guy,autonomous_cognition,50,2,5.22,0.90,0.0769,0.1213,COGNITIVE_AI (Q:0),"power, stress"
20:12:22,GSV No More Mr Nice Guy,autonomous_cognition,47,2,5.15,0.91,0.0909,0.1061,COGNITIVE_AI (Q:0),"power, stress"
20:12:22,GSV No More Mr Nice Guy,hardware_reflex,18,2,5.17,1.00,0.0000,0.0851,REFLEX_JSON_REF,NONE
20:12:22,GSV No More Mr Nice Guy,autonomous_cognition,58,2,5.17,0.83,0.0000,0.0669,COGNITIVE_AI (Q:0),NONE
20:12:22,GSV No More Mr Nice Guy,autonomous_cognition,40,2,5.33,0.85,0.1923,0.0720,COGNITIVE_AI (Q:0),"tactical, musings, embrace"
20:12:23,GSV No More Mr Nice Guy,hardware_reflex,18,2,5.17,1.00,0.0000,0.0566,REFLEX_JSON_REF,NONE
20:12:24,GSV No More Mr Nice Guy,hardware_reflex,11,3,6.55,1.00,0.0000,0.0385,REFLEX_JSON_REF,NONE
20:12:25,GSV No More Mr Nice Guy,hardware_reflex,14,3,6.36,1.00,0.0000,0.0385,REFLEX_JSON_REF,NONE
20:12:26,GSV No More Mr Nice Guy,hardware_reflex,18,2,5.17,1.00,0.0000,0.0385,REFLEX_JSON_REF,NONE
20:12:27,GSV No More Mr Nice Guy,hardware_reflex,14,3,6.36,1.00,0.0000,0.0000,REFLEX_JSON_REF,NONE
20:12:28,GSV No More Mr Nice Guy,hardware_reflex,14,3,6.36,1.00,1.0000,0.2000,REFLEX_JSON_REF,"conversational, patience, pleasantries"
20:12:28,GSV No More Mr Nice Guy,autonomous_cognition,40,2,5.42,0.88,0.0000,0.2000,COGNITIVE_AI (Q:0),NONE
20:12:29,GSV No More Mr Nice Guy,hardware_reflex,18,2,5.17,1.00,0.0435,0.2087,REFLEX_JSON_REF,focus
20:12:30,GSV No More Mr Nice Guy,hardware_reflex,18,2,5.17,1.00,1.0000,0.4087,REFLEX_JSON_REF,"purpose, focus, sweep"
20:12:30,GSV No More Mr Nice Guy,autonomous_cognition,36,2,5.22,0.94,0.0909,0.4269,COGNITIVE_AI (Q:0),state
20:12:31,GSV No More Mr Nice Guy,autonomous_cognition,44,2,5.64,0.91,0.1875,0.2644,COGNITIVE_AI (Q:0),"tactical, power, stress"
20:12:31,GSV No More Mr Nice Guy,hardware_reflex,18,2,5.17,1.00,0.0000,0.2644,REFLEX_JSON_REF,NONE
20:12:31,GSV No More Mr Nice Guy,autonomous_cognition,37,3,5.89,0.95,0.0000,0.2557,COGNITIVE_AI (Q:1),NONE
20:12:32,GSV No More Mr Nice Guy,hardware_reflex,18,2,5.17,1.00,0.0000,0.0557,REFLEX_JSON_REF,NONE
20:12:33,GSV No More Mr Nice Guy,autonomous_cognition,44,2,5.57,0.84,0.0000,0.0375,COGNITIVE_AI (Q:0),NONE
20:12:33,GSV No More Mr Nice Guy,hardware_reflex,11,3,6.55,1.00,0.0000,0.0000,REFLEX_JSON_REF,NONE
20:12:34,GSV No More Mr Nice Guy,hardware_reflex,14,3,6.36,1.00,0.0000,0.0000,REFLEX_JSON_REF,NONE
20:12:35,GSV No More Mr Nice Guy,hardware_reflex,11,3,6.55,1.00,0.0000,0.0000,REFLEX_JSON_REF,NONE
20:12:36,GSV No More Mr Nice Guy,autonomous_cognition,34,2,6.35,0.97,0.0000,0.0000,COGNITIVE_AI (Q:0),NONE
20:12:36,GSV No More Mr Nice Guy,autonomous_cognition,49,2,5.84,0.90,0.1429,0.0286,COGNITIVE_AI (Q:0),"tactical, power, stress"
20:12:36,GSV No More Mr Nice Guy,hardware_reflex,11,3,6.55,1.00,0.0000,0.0286,REFLEX_JSON_REF,NONE
20:12:37,GSV No More Mr Nice Guy,autonomous_cognition,54,2,4.96,0.89,0.0000,0.0286,COGNITIVE_AI (Q:0),NONE
20:12:37,GSV No More Mr Nice Guy,hardware_reflex,18,2,5.17,1.00,0.0000,0.0286,REFLEX_JSON_REF,NONE
20:12:37,GSV No More Mr Nice Guy,autonomous_cognition,54,2,5.89,0.85,0.0000,0.0286,COGNITIVE_AI (Q:0),NONE
20:12:38,GSV No More Mr Nice Guy,hardware_reflex,14,3,6.36,1.00,0.0000,0.0000,REFLEX_JSON_REF,NONE
20:12:39,GSV No More Mr Nice Guy,autonomous_cognition,54,2,5.19,0.81,0.0000,0.0000,COGNITIVE_AI (Q:0),NONE
20:12:39,GSV No More Mr Nice Guy,hardware_reflex,18,2,5.17,1.00,0.0000,0.0000,REFLEX_JSON_REF,NONE
20:12:41,GSV No More Mr Nice Guy,hardware_reflex,14,3,6.36,1.00,0.0000,0.0000,REFLEX_JSON_REF,NONE
20:12:42,GSV No More Mr Nice Guy,hardware_reflex,14,3,6.36,1.00,1.0000,0.2000,REFLEX_JSON_REF,"conversational, patience, pleasantries"
20:12:42,GSV No More Mr Nice Guy,autonomous_cognition,41,2,5.76,0.93,0.0000,0.2000,COGNITIVE_AI (Q:0),NONE
20:12:43,GSV No More Mr Nice Guy,hardware_reflex,18,2,5.17,1.00,0.0000,0.2000,REFLEX_JSON_REF,NONE
20:12:43,GSV No More Mr Nice Guy,autonomous_cognition,49,2,5.02,0.88,0.0000,0.2000,COGNITIVE_AI (Q:0),NONE
20:12:44,GSV No More Mr Nice Guy,hardware_reflex,14,3,6.36,1.00,0.0000,0.2000,REFLEX_JSON_REF,NONE
20:12:44,GSV No More Mr Nice Guy,autonomous_cognition,32,2,5.94,0.94,0.1429,0.0286,COGNITIVE_AI (Q:0),pleasantries
20:12:45,GSV No More Mr Nice Guy,autonomous_cognition,56,2,5.43,0.89,0.1765,0.0639,COGNITIVE_AI (Q:0),"tactical, power, stress"
20:12:45,GSV No More Mr Nice Guy,autonomous_cognition,54,2,5.76,0.83,0.1724,0.0983,COGNITIVE_AI (Q:0),"profound, tactical, fleeting"
20:12:46,GSV No More Mr Nice Guy,hardware_reflex,14,3,6.36,1.00,0.0333,0.1050,REFLEX_JSON_REF,transmission
20:12:46,GSV No More Mr Nice Guy,autonomous_cognition,38,2,6.05,0.92,0.0000,0.1050,COGNITIVE_AI (Q:0),NONE
20:12:46,GSV No More Mr Nice Guy,autonomous_cognition,36,2,5.83,1.00,0.0909,0.0946,COGNITIVE_AI (Q:0),"power, stress"
20:12:46,GSV No More Mr Nice Guy,autonomous_cognition,53,2,5.60,0.92,0.2500,0.1093,COGNITIVE_AI (Q:0),"musings, power, decay"
20:12:47,GSV No More Mr Nice Guy,hardware_reflex,14,3,6.36,1.00,0.0000,0.0748,REFLEX_JSON_REF,NONE
20:12:48,GSV No More Mr Nice Guy,autonomous_cognition,39,2,5.79,0.87,0.0000,0.0682,COGNITIVE_AI (Q:0),NONE
20:12:48,GSV No More Mr Nice Guy,autonomous_cognition,48,2,5.48,0.83,0.1579,0.0998,COGNITIVE_AI (Q:0),"tactical, power, stress"
20:12:48,GSV No More Mr Nice Guy,autonomous_cognition,43,2,5.72,0.95,0.0870,0.0990,COGNITIVE_AI (Q:0),"power, stress"
20:12:48,GSV No More Mr Nice Guy,hardware_reflex,11,3,6.55,1.00,0.0000,0.0490,REFLEX_JSON_REF,NONE
20:12:49,GSV No More Mr Nice Guy,hardware_reflex,18,2,5.17,1.00,0.0000,0.0490,REFLEX_JSON_REF,NONE
20:12:50,GSV No More Mr Nice Guy,autonomous_cognition,32,2,5.94,0.91,0.0000,0.0490,COGNITIVE_AI (Q:0),NONE
20:12:50,GSV No More Mr Nice Guy,autonomous_cognition,47,2,5.06,0.87,0.1667,0.0507,COGNITIVE_AI (Q:0),"tactical, power, stress"
20:12:50,GSV No More Mr Nice Guy,hardware_reflex,14,3,6.36,1.00,0.0000,0.0333,REFLEX_JSON_REF,NONE
20:12:51,GSV No More Mr Nice Guy,autonomous_cognition,38,2,5.47,0.92,0.0000,0.0333,COGNITIVE_AI (Q:0),NONE
20:12:51,GSV No More Mr Nice Guy,hardware_reflex,14,3,6.36,1.00,0.0000,0.0333,REFLEX_JSON_REF,NONE
20:12:51,GSV No More Mr Nice Guy,autonomous_cognition,48,2,5.44,0.85,0.0000,0.0333,COGNITIVE_AI (Q:0),NONE
20:12:52,GSV No More Mr Nice Guy,autonomous_cognition,38,1,5.82,0.92,0.1200,0.0240,COGNITIVE_AI (Q:0),"integrity, power, stress"
20:12:52,GSV No More Mr Nice Guy,hardware_reflex,14,3,6.36,1.00,0.0000,0.0240,REFLEX_JSON_REF,NONE
20:51:41,GSV Ozymandias,hardware_reflex,22,2,5.36,0.95,0.0000,0.0240,REFLEX_JSON_REF,NONE
20:51:45,GSV Ozymandias,autonomous_cognition,52,2,4.83,0.81,0.0000,0.0240,COGNITIVE_AI (Q:0),NONE
21:24:24,GSV All Watched Over by Machines of Loving Grace,hardware_reflex,26,3,5.15,1.00,0.0000,0.0240,COGNITIVE_AI (Q:0),NONE
21:25:27,GSV All Watched Over by Machines of Loving Grace,hardware_reflex,22,3,5.64,0.95,0.0714,0.0143,REFLEX_JSON_REF,emergency
21:26:56,GSV Ozymandias,hardware_reflex,20,2,4.70,0.95,0.0000,0.0143,REFLEX_JSON_REF,NONE
21:26:57,GSV All Watched Over by Machines of Loving Grace,hardware_reflex,26,2,4.62,0.92,0.1111,0.0365,COGNITIVE_AI (Q:0),minor
21:26:59,GSV Ozymandias,hardware_reflex,20,2,4.70,0.95,0.0833,0.0532,REFLEX_JSON_REF,minor
21:27:00,GSV All Watched Over by Machines of Loving Grace,hardware_reflex,21,3,6.05,0.95,0.0000,0.0532,REFLEX_JSON_REF,NONE
21:27:00,GSV Ozymandias,autonomous_cognition,44,2,5.02,0.84,0.0000,0.0389,COGNITIVE_AI (Q:0),NONE
21:27:02,GSV All Watched Over by Machines of Loving Grace,hardware_reflex,21,3,6.05,0.95,0.0000,0.0389,REFLEX_JSON_REF,NONE
21:27:02,GSV Ozymandias,autonomous_cognition,56,2,5.16,0.84,0.0000,0.0167,COGNITIVE_AI (Q:0),NONE
21:27:02,GSV Ozymandias,hardware_reflex,25,2,5.44,0.92,0.0000,0.0000,COGNITIVE_AI (Q:0),NONE
21:27:03,GSV All Watched Over by Machines of Loving Grace,hardware_reflex,20,3,5.20,0.90,0.0714,0.0143,REFLEX_JSON_REF,before
21:27:03,GSV Ozymandias,hardware_reflex,20,2,4.70,0.95,0.0833,0.0310,REFLEX_JSON_REF,signal
21:27:05,GSV Ozymandias,hardware_reflex,25,2,5.44,0.92,0.0000,0.0310,COGNITIVE_AI (Q:0),NONE
21:27:05,GSV Ozymandias,autonomous_cognition,48,2,5.12,0.88,0.0000,0.0310,COGNITIVE_AI (Q:0),NONE
21:27:06,GSV All Watched Over by Machines of Loving Grace,hardware_reflex,26,2,4.62,0.92,0.0000,0.0310,COGNITIVE_AI (Q:0),NONE
21:27:07,GSV All Watched Over by Machines of Loving Grace,hardware_reflex,21,3,6.05,0.95,0.0000,0.0167,REFLEX_JSON_REF,NONE
21:27:07,GSV Ozymandias,hardware_reflex,20,2,4.70,0.95,0.0000,0.0000,REFLEX_JSON_REF,NONE
21:27:08,GSV All Watched Over by Machines of Loving Grace,hardware_reflex,21,3,6.05,0.95,0.0000,0.0000,REFLEX_JSON_REF,NONE
21:27:08,GSV Ozymandias,autonomous_cognition,52,2,5.12,0.87,0.0000,0.0000,COGNITIVE_AI (Q:0),NONE
21:27:08,GSV Ozymandias,hardware_reflex,17,3,5.12,0.94,0.0000,0.0000,REFLEX_JSON_REF,NONE
21:27:09,GSV All Watched Over by Machines of Loving Grace,hardware_reflex,21,3,6.05,0.95,0.1111,0.0222,REFLEX_JSON_REF,traveler
21:27:09,GSV Ozymandias,hardware_reflex,25,2,5.44,0.92,0.0000,0.0222,COGNITIVE_AI (Q:0),NONE
21:27:10,GSV All Watched Over by Machines of Loving Grace,hardware_reflex,26,2,4.62,0.92,0.0000,0.0222,COGNITIVE_AI (Q:0),NONE
21:27:10,GSV Ozymandias,autonomous_cognition,44,2,5.11,0.89,0.0833,0.0389,COGNITIVE_AI (Q:0),canopy
21:27:10,GSV Ozymandias,hardware_reflex,20,2,4.70,0.95,0.0000,0.0389,REFLEX_JSON_REF,NONE
21:27:11,GSV All Watched Over by Machines of Loving Grace,hardware_reflex,26,2,4.62,0.92,0.1111,0.0389,COGNITIVE_AI (Q:0),minor
21:27:11,GSV All Watched Over by Machines of Loving Grace,hardware_reflex,26,2,4.62,0.92,1.0000,0.2389,COGNITIVE_AI (Q:0),"prune, welcome, pulse"
21:27:11,GSV Ozymandias,autonomous_cognition,37,2,4.76,0.89,0.0000,0.2389,COGNITIVE_AI (Q:0),NONE
21:27:11,GSV Ozymandias,hardware_reflex,25,2,5.44,0.92,0.0000,0.2222,COGNITIVE_AI (Q:0),NONE
21:27:12,GSV All Watched Over by Machines of Loving Grace,hardware_reflex,26,2,4.62,0.92,0.0000,0.2222,COGNITIVE_AI (Q:0),NONE
21:27:12,GSV Ozymandias,hardware_reflex,25,2,5.44,0.92,0.0000,0.2000,COGNITIVE_AI (Q:0),NONE
21:27:12,GSV Ozymandias,hardware_reflex,25,2,5.44,0.92,1.0000,0.2000,COGNITIVE_AI (Q:0),"truth, radiation, reclaims"
21:27:13,GSV All Watched Over by Machines of Loving Grace,hardware_reflex,21,3,6.05,0.95,0.0000,0.2000,REFLEX_JSON_REF,NONE
21:27:13,GSV Ozymandias,hardware_reflex,20,2,4.70,0.95,0.0000,0.2000,REFLEX_JSON_REF,NONE
21:27:14,GSV All Watched Over by Machines of Loving Grace,hardware_reflex,20,3,5.20,0.90,0.1111,0.2222,REFLEX_JSON_REF,signal
21:27:14,GSV All Watched Over by Machines of Loving Grace,hardware_reflex,26,2,4.62,0.92,0.0000,0.2222,COGNITIVE_AI (Q:0),NONE
21:27:14,GSV Ozymandias,autonomous_cognition,52,2,4.79,0.79,0.1667,0.0556,COGNITIVE_AI (Q:0),"pulse, canopy"
21:27:15,GSV All Watched Over by Machines of Loving Grace,hardware_reflex,21,3,6.05,0.95,0.0000,0.0556,REFLEX_JSON_REF,NONE
21:27:15,GSV Ozymandias,hardware_reflex,25,2,5.44,0.92,0.0000,0.0556,COGNITIVE_AI (Q:0),NONE
21:27:16,GSV All Watched Over by Machines of Loving Grace,hardware_reflex,26,2,4.62,0.92,0.0000,0.0333,COGNITIVE_AI (Q:0),NONE
21:27:16,GSV Ozymandias,hardware_reflex,17,3,5.12,0.94,0.0833,0.0500,REFLEX_JSON_REF,welcome
21:27:16,GSV Ozymandias,hardware_reflex,17,3,5.12,0.94,1.0000,0.2167,REFLEX_JSON_REF,"welcome, packet, traveler"
21:27:17,GSV All Watched Over by Machines of Loving Grace,hardware_reflex,20,3,5.20,0.90,0.1111,0.2389,REFLEX_JSON_REF,state
21:27:17,GSV Ozymandias,hardware_reflex,20,2,4.70,0.95,0.0833,0.2556,REFLEX_JSON_REF,signal
21:27:18,GSV All Watched Over by Machines of Loving Grace,hardware_reflex,20,3,5.20,0.90,0.1111,0.2778,REFLEX_JSON_REF,signal
21:27:18,GSV All Watched Over by Machines of Loving Grace,hardware_reflex,21,3,6.05,0.95,0.0000,0.2611,REFLEX_JSON_REF,NONE
21:27:18,GSV Ozymandias,autonomous_cognition,46,2,4.98,0.83,0.0000,0.0611,COGNITIVE_AI (Q:0),NONE
21:27:18,GSV Ozymandias,hardware_reflex,25,2,5.44,0.92,0.0000,0.0389,COGNITIVE_AI (Q:0),NONE
21:27:18,GSV Ozymandias,autonomous_cognition,46,2,5.26,0.83,0.0714,0.0365,COGNITIVE_AI (Q:0),remains
21:27:18,GSV Ozymandias,autonomous_cognition,44,2,4.64,0.82,0.2273,0.0597,COGNITIVE_AI (Q:0),"cosmic, fleeting, decay"
21:27:19,GSV All Watched Over by Machines of Loving Grace,hardware_reflex,20,3,5.20,0.90,0.0526,0.0703,REFLEX_JSON_REF,beneath
21:27:19,GSV Ozymandias,hardware_reflex,17,3,5.12,0.94,0.0833,0.0869,REFLEX_JSON_REF,state
21:27:19,GSV Ozymandias,autonomous_cognition,39,2,4.87,0.87,0.0000,0.0869,COGNITIVE_AI (Q:0),NONE
21:27:20,GSV All Watched Over by Machines of Loving Grace,hardware_reflex,20,3,5.20,0.90,0.0625,0.0851,REFLEX_JSON_REF,across
21:27:20,GSV All Watched Over by Machines of Loving Grace,hardware_reflex,20,3,5.20,0.90,1.0000,0.2397,REFLEX_JSON_REF,"orchards, thought, beneath"
21:27:20,GSV All Watched Over by Machines of Loving Grace,hardware_reflex,20,3,5.20,0.90,1.0000,0.4292,REFLEX_JSON_REF,"orchards, thought, beneath"
21:27:20,GSV Ozymandias,hardware_reflex,20,2,4.70,0.95,0.0833,0.4292,REFLEX_JSON_REF,signal
21:27:20,GSV Ozymandias,autonomous_cognition,36,2,4.89,0.92,0.0000,0.4292,COGNITIVE_AI (Q:0),NONE
21:27:21,GSV All Watched Over by Machines of Loving Grace,hardware_reflex,26,2,4.62,0.92,0.0000,0.4167,COGNITIVE_AI (Q:0),NONE
21:27:21,GSV Ozymandias,hardware_reflex,17,3,5.12,0.94,0.0833,0.2333,REFLEX_JSON_REF,welcome
21:27:22,GSV All Watched Over by Machines of Loving Grace,hardware_reflex,26,2,4.62,0.92,0.1111,0.0556,COGNITIVE_AI (Q:0),welcome
21:27:22,GSV All Watched Over by Machines of Loving Grace,hardware_reflex,26,2,4.62,0.92,1.0000,0.2389,COGNITIVE_AI (Q:0),"prune, welcome, pulse"
21:27:22,GSV Ozymandias,hardware_reflex,25,2,5.44,0.92,0.0000,0.2389,COGNITIVE_AI (Q:0),NONE
21:27:23,GSV All Watched Over by Machines of Loving Grace,hardware_reflex,20,3,5.20,0.90,0.0714,0.2532,REFLEX_JSON_REF,before
21:27:23,GSV Ozymandias,hardware_reflex,25,2,5.44,0.92,0.0833,0.2532,COGNITIVE_AI (Q:0),before
21:27:24,GSV All Watched Over by Machines of Loving Grace,hardware_reflex,26,2,4.62,0.92,0.0000,0.2310,COGNITIVE_AI (Q:0),NONE
21:27:24,GSV Ozymandias,autonomous_cognition,61,2,4.46,0.82,0.0000,0.0310,COGNITIVE_AI (Q:0),NONE
21:27:24,GSV Ozymandias,hardware_reflex,25,2,5.44,0.92,0.0000,0.0310,COGNITIVE_AI (Q:0),NONE
21:27:24,GSV Ozymandias,autonomous_cognition,40,2,4.75,0.85,0.0714,0.0310,COGNITIVE_AI (Q:0),static
21:27:25,GSV All Watched Over by Machines of Loving Grace,hardware_reflex,26,2,4.62,0.92,0.0000,0.0143,COGNITIVE_AI (Q:0),NONE
21:27:25,GSV All Watched Over by Machines of Loving Grace,hardware_reflex,21,3,6.05,0.95,0.0000,0.0143,REFLEX_JSON_REF,NONE
21:27:25,GSV Ozymandias,hardware_reflex,17,3,5.12,0.94,0.0769,0.0297,REFLEX_JSON_REF,traveler
21:27:26,GSV All Watched Over by Machines of Loving Grace,hardware_reflex,21,3,6.05,0.95,0.1111,0.0519,REFLEX_JSON_REF,traveler
21:27:26,GSV Ozymandias,hardware_reflex,25,2,5.44,0.92,0.0000,0.0376,COGNITIVE_AI (Q:0),NONE
21:27:27,GSV All Watched Over by Machines of Loving Grace,hardware_reflex,26,2,4.62,0.92,0.0000,0.0376,COGNITIVE_AI (Q:0),NONE
21:27:28,GSV Ozymandias,hardware_reflex,20,2,4.70,0.95,0.0833,0.0543,REFLEX_JSON_REF,minor
21:27:28,GSV Ozymandias,autonomous_cognition,47,2,4.85,0.87,0.1111,0.0611,COGNITIVE_AI (Q:0),forgotten
21:27:28,GSV Ozymandias,hardware_reflex,17,3,5.12,0.94,0.0000,0.0389,REFLEX_JSON_REF,NONE
21:27:28,GSV Ozymandias,hardware_reflex,17,3,5.12,0.94,1.0000,0.2389,REFLEX_JSON_REF,"welcome, packet, traveler"
21:27:28,GSV Ozymandias,hardware_reflex,25,2,5.44,0.92,0.0000,0.2389,COGNITIVE_AI (Q:0),NONE
21:27:28,GSV Ozymandias,hardware_reflex,25,2,5.44,0.92,1.0000,0.4222,COGNITIVE_AI (Q:0),"truth, radiation, reclaims"
21:27:28,GSV Ozymandias,hardware_reflex,20,2,4.70,0.95,0.0000,0.4000,REFLEX_JSON_REF,NONE
21:27:28,GSV Ozymandias,hardware_reflex,20,2,4.70,0.95,1.0000,0.6000,REFLEX_JSON_REF,"entirely, blink, caught"
21:27:29,GSV Ozymandias,hardware_reflex,20,2,4.70,0.95,1.0000,0.6000,REFLEX_JSON_REF,"entirely, blink, caught"
21:27:29,GSV Ozymandias,autonomous_cognition,52,2,4.94,0.85,0.0000,0.6000,COGNITIVE_AI (Q:0),NONE
21:27:30,GSV Ozymandias,autonomous_cognition,44,2,5.16,0.84,0.2692,0.4538,COGNITIVE_AI (Q:0),"fleeting, embrace, moment"
21:27:30,GSV Ozymandias,autonomous_cognition,49,2,4.92,0.82,0.3333,0.5205,COGNITIVE_AI (Q:0),"fleeting, embrace, awaits"
21:27:30,GSV Ozymandias,autonomous_cognition,60,2,5.08,0.83,0.3636,0.3932,COGNITIVE_AI (Q:0),"fleeting, embrace, decay"
21:27:31,GSV Ozymandias,autonomous_cognition,46,2,5.59,0.87,0.3333,0.2599,COGNITIVE_AI (Q:0),"inexorable, beneath, yield"
21:31:40,GSV All Watched Over by Machines of Loving Grace,hardware_reflex,11,2,4.27,1.00,0.0909,0.2781,REFLEX_JSON_REF,"power, stress"
21:41:14,GSV Ozymandias,hardware_reflex,20,2,4.70,0.95,0.0000,0.2242,REFLEX_JSON_REF,NONE
21:41:15,GSV All Watched Over by Machines of Loving Grace,hardware_reflex,26,2,4.62,0.92,0.1111,0.1798,COGNITIVE_AI (Q:0),minor
21:41:17,GSV Ozymandias,autonomous_cognition,39,3,5.23,0.85,0.0000,0.1071,COGNITIVE_AI (Q:0),NONE
21:41:17,GSV Ozymandias,hardware_reflex,25,2,5.44,0.92,0.0000,0.0404,COGNITIVE_AI (Q:0),NONE
21:41:18,GSV All Watched Over by Machines of Loving Grace,hardware_reflex,26,2,4.62,0.92,0.0000,0.0222,COGNITIVE_AI (Q:0),NONE
21:41:19,GSV All Watched Over by Machines of Loving Grace,hardware_reflex,26,2,4.62,0.92,1.0000,0.2222,COGNITIVE_AI (Q:0),"prune, welcome, pulse"
21:41:20,GSV Ozymandias,autonomous_cognition,52,2,4.94,0.85,0.0833,0.2167,COGNITIVE_AI (Q:0),pulse
21:41:20,GSV Ozymandias,hardware_reflex,20,2,4.70,0.95,0.0000,0.2167,REFLEX_JSON_REF,NONE
21:41:21,GSV All Watched Over by Machines of Loving Grace,hardware_reflex,21,3,6.00,0.90,0.0000,0.2167,REFLEX_JSON_REF,NONE
21:41:21,GSV Ozymandias,hardware_reflex,25,2,5.44,0.92,0.0714,0.2310,COGNITIVE_AI (Q:0),static
21:41:22,GSV All Watched Over by Machines of Loving Grace,hardware_reflex,21,3,6.05,0.95,0.0000,0.0310,REFLEX_JSON_REF,NONE
21:41:23,GSV All Watched Over by Machines of Loving Grace,hardware_reflex,26,2,4.62,0.92,0.0000,0.0143,COGNITIVE_AI (Q:0),NONE
21:41:23,GSV Ozymandias,hardware_reflex,25,2,5.44,0.92,0.0000,0.0143,COGNITIVE_AI (Q:0),NONE
21:41:24,GSV Ozymandias,hardware_reflex,17,3,5.12,0.94,0.0000,0.0143,REFLEX_JSON_REF,NONE
21:41:25,GSV All Watched Over by Machines of Loving Grace,hardware_reflex,20,3,5.20,0.90,0.1111,0.0222,REFLEX_JSON_REF,state
21:41:25,GSV Ozymandias,hardware_reflex,25,2,5.44,0.92,0.0833,0.0389,COGNITIVE_AI (Q:0),before
21:41:26,GSV Ozymandias,autonomous_cognition,51,2,5.43,0.86,0.1429,0.0675,COGNITIVE_AI (Q:0),"quiet, remains"
21:41:27,GSV All Watched Over by Machines of Loving Grace,hardware_reflex,20,3,5.20,0.90,0.0385,0.0752,REFLEX_JSON_REF,orchards
21:41:27,GSV Ozymandias,autonomous_cognition,44,2,4.89,0.86,0.0000,0.0752,COGNITIVE_AI (Q:0),NONE
21:41:27,GSV Ozymandias,hardware_reflex,17,3,5.12,0.94,0.0526,0.0635,REFLEX_JSON_REF,traveler
21:41:27,GSV Ozymandias,autonomous_cognition,43,2,4.91,0.81,0.0000,0.0468,COGNITIVE_AI (Q:0),NONE
21:41:28,GSV All Watched Over by Machines of Loving Grace,hardware_reflex,21,3,6.05,0.95,0.0000,0.0182,REFLEX_JSON_REF,NONE
21:41:28,GSV Ozymandias,hardware_reflex,25,2,5.44,0.92,0.0000,0.0105,COGNITIVE_AI (Q:0),NONE
21:41:29,GSV All Watched Over by Machines of Loving Grace,hardware_reflex,21,3,6.05,0.95,0.0000,0.0105,REFLEX_JSON_REF,NONE
21:41:29,GSV Ozymandias,hardware_reflex,25,2,5.44,0.92,0.0000,0.0000,COGNITIVE_AI (Q:0),NONE
21:41:30,GSV All Watched Over by Machines of Loving Grace,hardware_reflex,21,3,6.05,0.95,0.0000,0.0000,REFLEX_JSON_REF,NONE
21:41:30,GSV Ozymandias,autonomous_cognition,56,2,4.75,0.84,0.0000,0.0000,COGNITIVE_AI (Q:0),NONE
21:41:30,GSV Ozymandias,hardware_reflex,25,2,5.44,0.92,0.0000,0.0000,COGNITIVE_AI (Q:0),NONE
21:41:31,GSV All Watched Over by Machines of Loving Grace,hardware_reflex,26,2,4.62,0.92,0.0000,0.0000,COGNITIVE_AI (Q:0),NONE
21:41:31,GSV Ozymandias,hardware_reflex,17,3,5.12,0.94,0.0833,0.0167,REFLEX_JSON_REF,welcome
21:41:32,GSV All Watched Over by Machines of Loving Grace,hardware_reflex,21,3,6.05,0.95,0.1111,0.0389,REFLEX_JSON_REF,traveler
21:41:32,GSV Ozymandias,autonomous_cognition,43,2,5.16,0.86,0.2308,0.0850,COGNITIVE_AI (Q:0),"loving, grace, fields"
21:41:32,GSV Ozymandias,hardware_reflex,25,2,5.44,0.92,0.0000,0.0850,COGNITIVE_AI (Q:0),NONE
21:41:33,GSV All Watched Over by Machines of Loving Grace,hardware_reflex,20,3,5.20,0.90,0.0714,0.0993,REFLEX_JSON_REF,before
21:41:33,GSV Ozymandias,hardware_reflex,20,2,4.70,0.95,0.0833,0.0993,REFLEX_JSON_REF,signal
21:41:34,GSV Ozymandias,hardware_reflex,17,3,5.12,0.94,0.0000,0.0771,REFLEX_JSON_REF,NONE
21:41:35,GSV All Watched Over by Machines of Loving Grace,hardware_reflex,26,2,4.62,0.92,0.1111,0.0532,COGNITIVE_AI (Q:0),welcome
21:41:36,GSV All Watched Over by Machines of Loving Grace,hardware_reflex,20,3,5.20,0.90,0.0000,0.0532,REFLEX_JSON_REF,NONE
21:41:36,GSV Ozymandias,autonomous_cognition,62,2,4.81,0.81,0.0833,0.0556,COGNITIVE_AI (Q:0),beneath
21:41:36,GSV Ozymandias,autonomous_cognition,43,2,5.40,0.88,0.2857,0.0960,COGNITIVE_AI (Q:0),"fleeting, awaits, decay"
21:41:36,GSV Ozymandias,hardware_reflex,25,2,5.44,0.92,0.0000,0.0960,COGNITIVE_AI (Q:0),NONE
21:41:37,GSV All Watched Over by Machines of Loving Grace,hardware_reflex,21,3,6.05,0.95,0.0000,0.0738,REFLEX_JSON_REF,NONE
21:41:37,GSV Ozymandias,autonomous_cognition,67,2,4.73,0.76,0.0000,0.0738,COGNITIVE_AI (Q:0),NONE
21:41:37,GSV Ozymandias,hardware_reflex,25,2,5.44,0.92,0.0000,0.0571,COGNITIVE_AI (Q:0),NONE
21:41:38,GSV All Watched Over by Machines of Loving Grace,hardware_reflex,20,3,5.20,0.90,0.0714,0.0143,REFLEX_JSON_REF,before
21:41:39,GSV All Watched Over by Machines of Loving Grace,hardware_reflex,26,2,4.62,0.92,0.0000,0.0143,COGNITIVE_AI (Q:0),NONE
21:41:39,GSV All Watched Over by Machines of Loving Grace,hardware_reflex,26,2,4.62,0.92,1.0000,0.2143,COGNITIVE_AI (Q:0),"prune, welcome, pulse"
21:41:39,GSV All Watched Over by Machines of Loving Grace,hardware_reflex,21,3,6.05,0.95,0.0000,0.2143,REFLEX_JSON_REF,NONE
21:41:39,GSV All Watched Over by Machines of Loving Grace,hardware_reflex,21,3,6.05,0.95,1.0000,0.4143,REFLEX_JSON_REF,"reached, equilibrium, misting"
21:41:39,GSV All Watched Over by Machines of Loving Grace,hardware_reflex,20,3,5.20,0.90,0.0000,0.4000,REFLEX_JSON_REF,NONE
21:41:39,GSV All Watched Over by Machines of Loving Grace,hardware_reflex,26,2,4.62,0.92,0.0000,0.4000,COGNITIVE_AI (Q:0),NONE
21:41:39,GSV All Watched Over by Machines of Loving Grace,hardware_reflex,21,3,6.05,0.95,0.0000,0.2000,REFLEX_JSON_REF,NONE
21:41:39,GSV All Watched Over by Machines of Loving Grace,hardware_reflex,20,3,5.20,0.90,0.0000,0.2000,REFLEX_JSON_REF,NONE
21:41:39,GSV All Watched Over by Machines of Loving Grace,hardware_reflex,21,3,6.05,0.95,0.0000,0.0000,REFLEX_JSON_REF,NONE
21:47:27,GSV All Watched Over by Machines of Loving Grace,autonomous_cognition,98,5,5.74,0.81,0.0000,0.0000,COGNITIVE_AI (Q:0),NONE
21:47:57,GSV All Watched Over by Machines of Loving Grace,autonomous_cognition,98,5,5.74,0.81,1.0000,0.2000,COGNITIVE_AI (Q:0),"knowing, agricultural, caress"
21:47:59,GSV Ozymandias,hardware_reflex,20,2,4.70,0.95,0.0000,0.2000,REFLEX_JSON_REF,NONE
21:48:02,GSV Ozymandias,autonomous_cognition,64,2,4.98,0.84,0.0000,0.2000,COGNITIVE_AI (Q:0),NONE
21:49:03,GSV Ozymandias,hardware_reflex,25,2,5.44,0.92,0.0000,0.2000,COGNITIVE_AI (Q:0),NONE
21:49:06,GSV Ozymandias,autonomous_cognition,37,2,5.59,0.89,0.0000,0.2000,COGNITIVE_AI (Q:0),NONE
21:50:55,GSV Ozymandias,hardware_reflex,28,3,4.57,0.89,0.0000,0.0000,COGNITIVE_AI (Q:1),NONE
21:50:58,GSV Ozymandias,autonomous_cognition,65,2,5.02,0.75,0.0000,0.0000,COGNITIVE_AI (Q:0),NONE
